Ticker,Name,Exchange,AlpacaListed,AlpacaSymbol,AlpacaMatchType,AlpacaName,AlpacaExchange,AlpacaStatus,AlpacaTradable,AlpacaMarginable,AlpacaShortable,AlpacaFractionable,LastPrice,AvgVolume1M,Momentum1M
REPL,"Replimune Group, Inc. Common Stock",NASDAQ,TRUE,REPL,alpaca_source,"Replimune Group, Inc. Common Stock",NASDAQ,active,True,True,True,True,11.37,6283721.45,1.471739
MSTZ,T-Rex 2X Inverse MSTR Daily Target ETF,BATS,TRUE,MSTZ,alpaca_source,T-Rex 2X Inverse MSTR Daily Target ETF,BATS,active,True,True,False,True,12.34,22530829.05,1.039669
QURE,uniQure N.V. Ordinary Shares,NASDAQ,TRUE,QURE,alpaca_source,uniQure N.V. Ordinary Shares,NASDAQ,active,True,True,True,True,48.12,2597380.8,0.91332
APPS,"Digital Turbine, Inc. Common Stock",NASDAQ,TRUE,APPS,alpaca_source,"Digital Turbine, Inc. Common Stock",NASDAQ,active,True,True,True,True,9.2,11065447.3,0.912682
ARQQ,Arqit Quantum Inc. Ordinary Shares,NASDAQ,TRUE,ARQQ,alpaca_source,Arqit Quantum Inc. Ordinary Shares,NASDAQ,active,True,True,False,True,27.95,1362796.5,0.68475
BFLY,"Butterfly Network, Inc.",NYSE,TRUE,BFLY,alpaca_source,"Butterfly Network, Inc.",NYSE,active,True,True,True,True,7.6251,9315566.7,0.679537
QTTB,Q32 Bio Inc. Common Stock,NASDAQ,TRUE,QTTB,alpaca_source,Q32 Bio Inc. Common Stock,NASDAQ,active,True,True,False,True,11.86,1645557.5,0.672778
NEBX,Tradr 2X Long NBIS Daily ETF,BATS,TRUE,NEBX,alpaca_source,Tradr 2X Long NBIS Daily ETF,BATS,active,True,True,False,True,59.95,1987452.25,0.629667
RGNX,REGENXBIO Inc. Common Stock,NASDAQ,TRUE,RGNX,alpaca_source,REGENXBIO Inc. Common Stock,NASDAQ,active,True,True,True,True,10.28,2040099.2,0.62916
NBIG,Themes ETF Trust Leverage Shares 2X Long NBIS Daily ETF,NASDAQ,TRUE,NBIG,alpaca_source,Themes ETF Trust Leverage Shares 2X Long NBIS Daily ETF,NASDAQ,active,True,True,False,True,40.49,1034594.8,0.618305
DFTX,"Definium Therapeutics, Inc. Common Shares",NASDAQ,TRUE,DFTX,alpaca_source,"Definium Therapeutics, Inc. Common Shares",NASDAQ,active,True,True,True,True,36.84,3256775.7,0.61014
APGE,"Apogee Therapeutics, Inc. Common Stock",NASDAQ,TRUE,APGE,alpaca_source,"Apogee Therapeutics, Inc. Common Stock",NASDAQ,active,True,True,True,True,132.84,4583170.7,0.604154
QMCO,Quantum Corporation Common Stock,NASDAQ,TRUE,QMCO,alpaca_source,Quantum Corporation Common Stock,NASDAQ,active,True,True,False,True,13.27,1646264.2,0.520046
BLZE,"Backblaze, Inc. Class A Common Stock",NASDAQ,TRUE,BLZE,alpaca_source,"Backblaze, Inc. Class A Common Stock",NASDAQ,active,True,True,True,True,11.6399,2920140.3,0.498057
BHVN,Biohaven Ltd.,NYSE,TRUE,BHVN,alpaca_source,Biohaven Ltd.,NYSE,active,True,True,True,True,15.08,3709627.45,0.497517
ZSL,ProShares UltraShort Silver,ARCA,TRUE,ZSL,alpaca_source,ProShares UltraShort Silver,ARCA,active,True,True,False,True,29.0,3829151.3,0.492537
WDCX,Tradr 2X Long WDC Daily ETF,BATS,TRUE,WDCX,alpaca_source,Tradr 2X Long WDC Daily ETF,BATS,active,True,True,False,True,47.4,1588810.6,0.479555
AMPG,"Amplitech Group, Inc. Common Stock",NASDAQ,TRUE,AMPG,alpaca_source,"Amplitech Group, Inc. Common Stock",NASDAQ,active,True,True,False,True,7.38,7286914.25,0.478958
ABSI,Absci Corporation Common Stock,NASDAQ,TRUE,ABSI,alpaca_source,Absci Corporation Common Stock,NASDAQ,active,True,True,True,True,7.69,5483415.7,0.456439
NUAI,"New Era Energy & Digital, Inc. Common Stock",NASDAQ,TRUE,NUAI,alpaca_source,"New Era Energy & Digital, Inc. Common Stock",NASDAQ,active,True,True,False,True,6.215,8779195.15,0.448718
MVLL,GraniteShares ETF Trust GraniteShares 2x Long MRVL Daily ETF,NASDAQ,TRUE,MVLL,alpaca_source,GraniteShares ETF Trust GraniteShares 2x Long MRVL Daily ETF,NASDAQ,active,True,True,False,True,151.0,3741111.4,0.446222
ORKA,"Oruka Therapeutics, Inc. Common Stock",NASDAQ,TRUE,ORKA,alpaca_source,"Oruka Therapeutics, Inc. Common Stock",NASDAQ,active,True,True,True,True,85.095,1300084.3,0.440823
CXW,"CoreCivic, Inc.",NYSE,TRUE,CXW,alpaca_source,"CoreCivic, Inc.",NYSE,active,True,True,True,True,30.39,1339598.05,0.434167
TNGX,"Tango Therapeutics, Inc.",NASDAQ,TRUE,TNGX,alpaca_source,"Tango Therapeutics, Inc.",NASDAQ,active,True,True,True,True,28.695,5482430.0,0.431886
SBIT,ProShares UltraShort Bitcoin ETF,ARCA,TRUE,SBIT,alpaca_source,ProShares UltraShort Bitcoin ETF,ARCA,active,True,True,False,True,62.615,1087645.75,0.423525
NWL,Newell Brands Inc. Common Stock,NASDAQ,TRUE,NWL,alpaca_source,Newell Brands Inc. Common Stock,NASDAQ,active,True,True,True,True,5.02,11058667.85,0.422333
PAYO,Payoneer Global Inc. Common Stock,NASDAQ,TRUE,PAYO,alpaca_source,Payoneer Global Inc. Common Stock,NASDAQ,active,True,True,True,True,7.04,13071302.7,0.422222
OCC,Optical Cable Corporation Common Stock,NASDAQ,TRUE,OCC,alpaca_source,Optical Cable Corporation Common Stock,NASDAQ,active,True,True,True,True,19.315,1710595.75,0.418135
VSXY,Victorias Secret & Co.,NYSE,TRUE,VSXY,alpaca_source,Victorias Secret & Co.,NYSE,active,True,True,True,True,78.8,2988646.45,0.409156
FWRD,Forward Air Corporation Common Stock,NASDAQ,TRUE,FWRD,alpaca_source,Forward Air Corporation Common Stock,NASDAQ,active,True,True,True,True,13.5,1436546.3,0.401869
DELL,Dell Technologies Inc.,NYSE,TRUE,DELL,alpaca_source,Dell Technologies Inc.,NYSE,active,True,True,True,True,426.46,12645885.8,0.397863
CBRL,"Cracker Barrel Old Country Store, Inc Common Stock",NASDAQ,TRUE,CBRL,alpaca_source,"Cracker Barrel Old Country Store, Inc Common Stock",NASDAQ,active,True,True,True,True,46.54,1696260.65,0.397178
CLOV,"Clover Health Investments, Corp. Class A Common Stock",NASDAQ,TRUE,CLOV,alpaca_source,"Clover Health Investments, Corp. Class A Common Stock",NASDAQ,active,True,True,True,True,5.025,9494433.95,0.391967
TDUP,ThredUp Inc. Class A Common Stock,NASDAQ,TRUE,TDUP,alpaca_source,ThredUp Inc. Class A Common Stock,NASDAQ,active,True,True,True,True,6.065,1947000.15,0.391055
HOOD,"Robinhood Markets, Inc. Class A Common Stock",NASDAQ,TRUE,HOOD,alpaca_source,"Robinhood Markets, Inc. Class A Common Stock",NASDAQ,active,True,True,True,True,102.665,36027904.65,0.38568
HIMS,"Hims & Hers Health, Inc.",NYSE,TRUE,HIMS,alpaca_source,"Hims & Hers Health, Inc.",NYSE,active,True,True,True,True,33.0,19307299.75,0.383648
BIRD,"Smartbird, Inc. Class A Common Stock",NASDAQ,TRUE,BIRD,alpaca_source,"Smartbird, Inc. Class A Common Stock",NASDAQ,active,True,True,False,True,5.29,3978549.5,0.381201
RXT,"Rackspace Technology, Inc. Common Stock",NASDAQ,TRUE,RXT,alpaca_source,"Rackspace Technology, Inc. Common Stock",NASDAQ,active,True,True,True,True,6.815,23727534.45,0.371227
ULCC,"Frontier Group Holdings, Inc. Common Stock",NASDAQ,TRUE,ULCC,alpaca_source,"Frontier Group Holdings, Inc. Common Stock",NASDAQ,active,True,True,True,True,7.28,4552931.75,0.370998
SNXX,Tradr 2X Long SNDK Daily ETF,BATS,TRUE,SNXX,alpaca_source,Tradr 2X Long SNDK Daily ETF,BATS,active,True,True,False,True,33.0478,38240119.85,0.357617
ALHC,"Alignment Healthcare, Inc. Common Stock",NASDAQ,TRUE,ALHC,alpaca_source,"Alignment Healthcare, Inc. Common Stock",NASDAQ,active,True,True,True,True,21.7075,6564281.25,0.35418
TGTX,"TG Therapeutics, Inc. Common Stock",NASDAQ,TRUE,TGTX,alpaca_source,"TG Therapeutics, Inc. Common Stock",NASDAQ,active,True,True,True,True,53.6,2555838.35,0.349106
MGNI,"Magnite, Inc. Common Stock",NASDAQ,TRUE,MGNI,alpaca_source,"Magnite, Inc. Common Stock",NASDAQ,active,True,True,True,True,17.8282,3214802.5,0.341475
KSS,Kohls Corporation,NYSE,TRUE,KSS,alpaca_source,Kohls Corporation,NYSE,active,True,True,True,True,17.625,6303995.5,0.336595
FRMI,Fermi Inc. Common Stock,NASDAQ,TRUE,FRMI,alpaca_source,Fermi Inc. Common Stock,NASDAQ,active,True,True,True,True,8.57,19638287.2,0.332815
MRVL,"Marvell Technology, Inc. Common Stock",NASDAQ,TRUE,MRVL,alpaca_source,"Marvell Technology, Inc. Common Stock",NASDAQ,active,True,True,True,True,277.145,72592991.15,0.330764
GEO,"The GEO Group, Inc.",NYSE,TRUE,GEO,alpaca_source,"The GEO Group, Inc.",NYSE,active,True,True,True,True,30.11,2115689.6,0.327601
CORT,Corcept Therapeutics Incorporated Common Stock,NASDAQ,TRUE,CORT,alpaca_source,Corcept Therapeutics Incorporated Common Stock,NASDAQ,active,True,True,True,True,80.07,1011066.8,0.326541
NBIS,Nebius Group N.V. Class A Ordinary Shares,NASDAQ,TRUE,NBIS,alpaca_source,Nebius Group N.V. Class A Ordinary Shares,NASDAQ,active,True,True,True,True,275.93,18196547.15,0.326204
OSCR,"Oscar Health, Inc.",NYSE,TRUE,OSCR,alpaca_source,"Oscar Health, Inc.",NYSE,active,True,True,True,True,28.98,7060224.55,0.323892
SSPC,Leverage Shares 2X Short SPCX Daily ETF,BATS,TRUE,SSPC,alpaca_source,Leverage Shares 2X Short SPCX Daily ETF,BATS,active,True,True,False,True,12.0989,68723065.33,0.322284
TWST,Twist Bioscience Corporation Common Stock,NASDAQ,TRUE,TWST,alpaca_source,Twist Bioscience Corporation Common Stock,NASDAQ,active,True,True,True,True,85.625,1978710.25,0.319948
SYRE,"Spyre Therapeutics, Inc. Common Stock",NASDAQ,TRUE,SYRE,alpaca_source,"Spyre Therapeutics, Inc. Common Stock",NASDAQ,active,True,True,True,True,97.055,1261638.1,0.317787
BWIN,"The Baldwin Insurance Group, Inc. Class A Common Stock",NASDAQ,TRUE,BWIN,alpaca_source,"The Baldwin Insurance Group, Inc. Class A Common Stock",NASDAQ,active,True,True,True,True,25.035,2011543.35,0.316938
MRAAY,Murata Manufacturing Co Ltd Unsponsored ADR (Japan),OTC,TRUE,MRAAY,alpaca_source,Murata Manufacturing Co Ltd Unsponsored ADR (Japan),OTC,active,True,False,True,True,33.96,1149369.55,0.315769
MRNA,"Moderna, Inc. Common Stock",NASDAQ,TRUE,MRNA,alpaca_source,"Moderna, Inc. Common Stock",NASDAQ,active,True,True,True,True,61.8201,7179576.1,0.314482
HNGE,"Hinge Health, Inc.",NYSE,TRUE,HNGE,alpaca_source,"Hinge Health, Inc.",NYSE,active,True,True,True,True,69.485,1915896.6,0.311533
ERAS,"Erasca, Inc. Common Stock",NASDAQ,TRUE,ERAS,alpaca_source,"Erasca, Inc. Common Stock",NASDAQ,active,True,True,True,True,14.95,5557118.0,0.3
SNOW,Snowflake Inc.,NYSE,TRUE,SNOW,alpaca_source,Snowflake Inc.,NYSE,active,True,True,True,True,230.545,10913199.75,0.298114
TXG,"10x Genomics, Inc. Class A Common Stock",NASDAQ,TRUE,TXG,alpaca_source,"10x Genomics, Inc. Class A Common Stock",NASDAQ,active,True,True,True,True,31.955,3291789.05,0.297928
HPE,Hewlett Packard Enterprise Company,NYSE,TRUE,HPE,alpaca_source,Hewlett Packard Enterprise Company,NYSE,active,True,True,True,True,49.2099,42879741.05,0.296739
BRBR,"BellRing Brands, Inc.",NYSE,TRUE,BRBR,alpaca_source,"BellRing Brands, Inc.",NYSE,active,True,True,True,True,11.085,5714005.1,0.288953
AMRX,"Amneal Pharmaceuticals, Inc. Class A Common Stock",NASDAQ,TRUE,AMRX,alpaca_source,"Amneal Pharmaceuticals, Inc. Class A Common Stock",NASDAQ,active,True,True,True,True,16.485,1969974.0,0.288898
ALKS,Alkermes plc Ordinary Shares,NASDAQ,TRUE,ALKS,alpaca_source,Alkermes plc Ordinary Shares,NASDAQ,active,True,True,True,True,48.14,2342505.25,0.288889
DNLI,Denali Therapeutics Inc. Common Stock,NASDAQ,TRUE,DNLI,alpaca_source,Denali Therapeutics Inc. Common Stock,NASDAQ,active,True,True,True,True,24.84,1820088.65,0.281734
KEEL,Keel Infrastructure Corp. Common Stock,NASDAQ,TRUE,KEEL,alpaca_source,Keel Infrastructure Corp. Common Stock,NASDAQ,active,True,True,True,True,6.575,61020189.85,0.281676
COHU,"Cohu, Inc. Common Stock",NASDAQ,TRUE,COHU,alpaca_source,"Cohu, Inc. Common Stock",NASDAQ,active,True,True,True,True,63.985,1712668.75,0.281494
AMAT,"Applied Materials, Inc. Common Stock",NASDAQ,TRUE,AMAT,alpaca_source,"Applied Materials, Inc. Common Stock",NASDAQ,active,True,True,True,True,580.465,9649633.3,0.276056
KMX,CarMax Inc.,NYSE,TRUE,KMX,alpaca_source,CarMax Inc.,NYSE,active,True,True,True,True,51.71,4139296.3,0.272392
NUVB,Nuvation Bio Inc.,NYSE,TRUE,NUVB,alpaca_source,Nuvation Bio Inc.,NYSE,active,True,True,True,True,5.965,4413155.95,0.271855
SLDB,Solid Biosciences Inc. Common Stock,NASDAQ,TRUE,SLDB,alpaca_source,Solid Biosciences Inc. Common Stock,NASDAQ,active,True,True,True,True,8.75,2079076.2,0.271802
WDC,Western Digital Corporation Common Stock,NASDAQ,TRUE,WDC,alpaca_source,Western Digital Corporation Common Stock,NASDAQ,active,True,True,True,True,665.02,8590174.45,0.26788
REAL,"The RealReal, Inc. Common Stock",NASDAQ,TRUE,REAL,alpaca_source,"The RealReal, Inc. Common Stock",NASDAQ,active,True,True,True,True,12.035,3117666.55,0.266842
RARE,Ultragenyx Pharmaceutical Inc. Common Stock,NASDAQ,TRUE,RARE,alpaca_source,Ultragenyx Pharmaceutical Inc. Common Stock,NASDAQ,active,True,True,True,True,29.14,1829284.6,0.259291
BROS,Dutch Bros Inc.,NYSE,TRUE,BROS,alpaca_source,Dutch Bros Inc.,NYSE,active,True,True,True,True,67.41,3541973.55,0.258354
ICLR,ICON plc Ordinary Shares,NASDAQ,TRUE,ICLR,alpaca_source,ICON plc Ordinary Shares,NASDAQ,active,True,True,True,True,143.115,1191829.25,0.257049
AGIO,"Agios Pharmaceuticals, Inc. Common Stock",NASDAQ,TRUE,AGIO,alpaca_source,"Agios Pharmaceuticals, Inc. Common Stock",NASDAQ,active,True,True,True,True,35.59,1084513.45,0.256265
PGEN,"Precigen, Inc. Common Stock",NASDAQ,TRUE,PGEN,alpaca_source,"Precigen, Inc. Common Stock",NASDAQ,active,True,True,True,True,5.315,5638969.0,0.253538
NAT,Nordic American Tanker,NYSE,TRUE,NAT,alpaca_source,Nordic American Tanker,NYSE,active,True,True,True,True,6.405,4345383.0,0.253526
OKTA,"Okta, Inc. Class A Common Stock",NASDAQ,TRUE,OKTA,alpaca_source,"Okta, Inc. Class A Common Stock",NASDAQ,active,True,True,True,True,117.51,5187130.7,0.252638
CNK,"Cinemark Holdings, Inc.",NYSE,TRUE,CNK,alpaca_source,"Cinemark Holdings, Inc.",NYSE,active,True,True,True,True,34.08,2372347.9,0.252499
SPRY,"ARS Pharmaceuticals, Inc. Common Stock",NASDAQ,TRUE,SPRY,alpaca_source,"ARS Pharmaceuticals, Inc. Common Stock",NASDAQ,active,True,True,False,True,10.23,1451138.1,0.252142
ICHR,Ichor Holdings Ordinary Shares,NASDAQ,TRUE,ICHR,alpaca_source,Ichor Holdings Ordinary Shares,NASDAQ,active,True,True,True,True,90.975,1195975.25,0.250859
TVTX,"Travere Therapeutics, Inc. Common Stock",NASDAQ,TRUE,TVTX,alpaca_source,"Travere Therapeutics, Inc. Common Stock",NASDAQ,active,True,True,True,True,55.365,2260015.5,0.250056
ARQT,"Arcutis Biotherapeutics, Inc. Common Stock",NASDAQ,TRUE,ARQT,alpaca_source,"Arcutis Biotherapeutics, Inc. Common Stock",NASDAQ,active,True,True,True,True,26.35,1754760.3,0.248224
OCUL,"Ocular Therapeutix, Inc. Common Stock",NASDAQ,TRUE,OCUL,alpaca_source,"Ocular Therapeutix, Inc. Common Stock",NASDAQ,active,True,True,True,True,10.345,2901844.6,0.247889
SCO,ProShares UltraShort Bloomberg Crude Oil,ARCA,TRUE,SCO,alpaca_source,ProShares UltraShort Bloomberg Crude Oil,ARCA,active,True,True,True,True,33.175,10684975.2,0.24718
LFST,"LifeStance Health Group, Inc. Common Stock",NASDAQ,TRUE,LFST,alpaca_source,"LifeStance Health Group, Inc. Common Stock",NASDAQ,active,True,True,True,True,9.435,2807505.85,0.246367
UMAC,"Unusual Machines, Inc.",AMEX,TRUE,UMAC,alpaca_source,"Unusual Machines, Inc.",AMEX,active,True,True,True,True,21.5214,9677806.25,0.245451
UCTT,"Ultra Clean Holdings, Inc. Common Stock",NASDAQ,TRUE,UCTT,alpaca_source,"Ultra Clean Holdings, Inc. Common Stock",NASDAQ,active,True,True,True,True,108.91,1287563.4,0.245255
PRCH,"Porch Group, Inc. Common Stock",NASDAQ,TRUE,PRCH,alpaca_source,"Porch Group, Inc. Common Stock",NASDAQ,active,True,True,True,True,12.695,1553152.8,0.243389
UMC,United Microelectronic Corp.,NYSE,TRUE,UMC,alpaca_source,United Microelectronic Corp.,NYSE,active,True,True,True,True,26.2,19386462.05,0.242884
ALAB,"Astera Labs, Inc. Common Stock",NASDAQ,TRUE,ALAB,alpaca_source,"Astera Labs, Inc. Common Stock",NASDAQ,active,True,True,True,True,396.0001,6487146.75,0.24247
LQDA,Liquidia Corporation Common Stock,NASDAQ,TRUE,LQDA,alpaca_source,Liquidia Corporation Common Stock,NASDAQ,active,True,True,True,True,74.635,2519774.8,0.241847
ADPT,Adaptive Biotechnologies Corporation Common Stock,NASDAQ,TRUE,ADPT,alpaca_source,Adaptive Biotechnologies Corporation Common Stock,NASDAQ,active,True,True,True,True,17.535,3283056.0,0.240977
DUOL,"Duolingo, Inc. Class A Common Stock",NASDAQ,TRUE,DUOL,alpaca_source,"Duolingo, Inc. Class A Common Stock",NASDAQ,active,True,True,True,True,132.085,1410518.2,0.240468
TSLQ,Investment Managers Series Trust II Tradr 2X Short TSLA Daily ETF,NASDAQ,TRUE,TSLQ,alpaca_source,Investment Managers Series Trust II Tradr 2X Short TSLA Daily ETF,NASDAQ,active,True,True,False,True,20.825,8172574.35,0.238109
NEO,"NeoGenomics, Inc. Common Stock",NASDAQ,TRUE,NEO,alpaca_source,"NeoGenomics, Inc. Common Stock",NASDAQ,active,True,True,True,True,11.47,2611034.65,0.237325
ZVRA,"Zevra Therapeutics, Inc. Common Stock",NASDAQ,TRUE,ZVRA,alpaca_source,"Zevra Therapeutics, Inc. Common Stock",NASDAQ,active,True,True,True,True,12.765,2110802.7,0.236919
TRIP,"TripAdvisor, Inc. Common Stock",NASDAQ,TRUE,TRIP,alpaca_source,"TripAdvisor, Inc. Common Stock",NASDAQ,active,True,True,True,True,12.39,4645074.35,0.234064
PRKS,United Parks & Resorts Inc.,NYSE,TRUE,PRKS,alpaca_source,United Parks & Resorts Inc.,NYSE,active,True,True,True,True,46.04,1004922.8,0.231016
TRVI,"Trevi Therapeutics, Inc. Common Stock",NASDAQ,TRUE,TRVI,alpaca_source,"Trevi Therapeutics, Inc. Common Stock",NASDAQ,active,True,True,True,True,17.675,1402789.45,0.229138
TSHA,"Taysha Gene Therapies, Inc. Common Stock",NASDAQ,TRUE,TSHA,alpaca_source,"Taysha Gene Therapies, Inc. Common Stock",NASDAQ,active,True,True,True,True,6.865,2548762.8,0.228086
SNDK,Sandisk Corporation Common Stock,NASDAQ,TRUE,SNDK,alpaca_source,Sandisk Corporation Common Stock,NASDAQ,active,True,True,True,True,1951.38,10730040.9,0.22763
FTRE,Fortrea Holdings Inc. Common Stock,NASDAQ,TRUE,FTRE,alpaca_source,Fortrea Holdings Inc. Common Stock,NASDAQ,active,True,True,True,True,16.22,1389184.8,0.226929
RLAY,"Relay Therapeutics, Inc. Common Stock",NASDAQ,TRUE,RLAY,alpaca_source,"Relay Therapeutics, Inc. Common Stock",NASDAQ,active,True,True,True,True,17.38,3913207.2,0.226535
TMHC,Taylor Morrison Home Corporation Common Stock,NYSE,TRUE,TMHC,alpaca_source,Taylor Morrison Home Corporation Common Stock,NYSE,active,True,True,True,True,71.765,5425927.2,0.224659
VIRT,"Virtu Financial, Inc. Class A",NYSE,TRUE,VIRT,alpaca_source,"Virtu Financial, Inc. Class A",NYSE,active,True,True,True,True,63.225,1352638.25,0.224066
EVC,Entravision Communication,NYSE,TRUE,EVC,alpaca_source,Entravision Communication,NYSE,active,True,True,True,True,10.645,2118592.65,0.223205
PEB,Pebblebrook Hotel Trust,NYSE,TRUE,PEB,alpaca_source,Pebblebrook Hotel Trust,NYSE,active,True,True,True,True,18.44,3044832.9,0.219577
DLTR,Dollar Tree Inc. Common Stock,NASDAQ,TRUE,DLTR,alpaca_source,Dollar Tree Inc. Common Stock,NASDAQ,active,True,True,True,True,114.205,3841041.1,0.218837
TBBB,BBB Foods Inc.,NYSE,TRUE,TBBB,alpaca_source,BBB Foods Inc.,NYSE,active,True,True,True,True,41.86,1109448.0,0.217214
FRO,Frontline Plc,NYSE,TRUE,FRO,alpaca_source,Frontline Plc,NYSE,active,True,True,True,True,42.64,3483381.85,0.216778
PTCT,"PTC Therapeutics, Inc. Common Stock",NASDAQ,TRUE,PTCT,alpaca_source,"PTC Therapeutics, Inc. Common Stock",NASDAQ,active,True,True,True,True,82.23,1881725.5,0.215521
MGM,MGM RESORTS INTERNATIONAL,NYSE,TRUE,MGM,alpaca_source,MGM RESORTS INTERNATIONAL,NYSE,active,True,True,True,True,46.73,5728126.9,0.215345
MRVI,"Maravai LifeSciences Holdings, Inc. Class A Common Stock",NASDAQ,TRUE,MRVI,alpaca_source,"Maravai LifeSciences Holdings, Inc. Class A Common Stock",NASDAQ,active,True,True,True,True,5.315,2944840.35,0.21347
KLAC,KLA Corporation Common Stock,NASDAQ,TRUE,KLAC,alpaca_source,KLA Corporation Common Stock,NASDAQ,active,True,True,True,True,243.645,12963554.55,0.211326
CRDO,Credo Technology Group Holding Ltd Ordinary Shares,NASDAQ,TRUE,CRDO,alpaca_source,Credo Technology Group Holding Ltd Ordinary Shares,NASDAQ,active,True,True,True,True,268.26,9897664.0,0.210341
HPP,"Hudson Pacific Properties, Inc.",NYSE,TRUE,HPP,alpaca_source,"Hudson Pacific Properties, Inc.",NYSE,active,True,True,True,True,14.08,1221423.05,0.207547
CIFR,Cipher Digital Inc. Common Stock,NASDAQ,TRUE,CIFR,alpaca_source,Cipher Digital Inc. Common Stock,NASDAQ,active,True,True,True,True,27.785,24455245.55,0.206994
PENG,"Penguin Solutions, Inc. Common Stock",NASDAQ,TRUE,PENG,alpaca_source,"Penguin Solutions, Inc. Common Stock",NASDAQ,active,True,True,True,True,66.28,3185578.05,0.206187
WGS,GeneDx Holdings Corp. Class A Common Stock,NASDAQ,TRUE,WGS,alpaca_source,GeneDx Holdings Corp. Class A Common Stock,NASDAQ,active,True,True,True,True,59.625,1120274.85,0.206007
VCYT,"Veracyte, Inc. Common Stock",NASDAQ,TRUE,VCYT,alpaca_source,"Veracyte, Inc. Common Stock",NASDAQ,active,True,True,True,True,53.29,1365937.15,0.205383
BITI,ProShares Short Bitcoin ETF,ARCA,TRUE,BITI,alpaca_source,ProShares Short Bitcoin ETF,ARCA,active,True,True,False,True,27.48,2138999.5,0.205294
AMLX,"Amylyx Pharmaceuticals, Inc. Common Stock",NASDAQ,TRUE,AMLX,alpaca_source,"Amylyx Pharmaceuticals, Inc. Common Stock",NASDAQ,active,True,True,True,True,16.48,1343460.1,0.204678
AIRJ,AirJoule Technologies Corporation Class A Common Stock,NASDAQ,TRUE,AIRJ,alpaca_source,AirJoule Technologies Corporation Class A Common Stock,NASDAQ,active,True,True,True,True,5.105,2159092.0,0.20401
STX,Seagate Technology Holdings PLC Ordinary Shares (Ireland),NASDAQ,TRUE,STX,alpaca_source,Seagate Technology Holdings PLC Ordinary Shares (Ireland),NASDAQ,active,True,True,True,True,1017.05,3964628.3,0.202528
STUB,"StubHub Holdings, Inc.",NYSE,TRUE,STUB,alpaca_source,"StubHub Holdings, Inc.",NYSE,active,True,True,True,True,11.7,6172813.3,0.202467
HTFL,"Heartflow, Inc. Common Stock",NASDAQ,TRUE,HTFL,alpaca_source,"Heartflow, Inc. Common Stock",NASDAQ,active,True,True,True,True,34.125,1265050.15,0.201585
PENN,"PENN Entertainment, Inc. Common Stock",NASDAQ,TRUE,PENN,alpaca_source,"PENN Entertainment, Inc. Common Stock",NASDAQ,active,True,True,True,True,20.49,3718386.3,0.201055
HUM,Humana Inc.,NYSE,TRUE,HUM,alpaca_source,Humana Inc.,NYSE,active,True,True,True,True,362.32,1383881.15,0.200968
PK,Park Hotels & Resorts Inc. Common Stock,NYSE,TRUE,PK,alpaca_source,Park Hotels & Resorts Inc. Common Stock,NYSE,active,True,True,True,True,14.395,5277986.6,0.199583
FPS,"Forgent Power Solutions, Inc.",NYSE,TRUE,FPS,alpaca_source,"Forgent Power Solutions, Inc.",NYSE,active,True,True,True,True,59.71,7191603.3,0.198034
NTLA,"Intellia Therapeutics, Inc. Common Stock",NASDAQ,TRUE,NTLA,alpaca_source,"Intellia Therapeutics, Inc. Common Stock",NASDAQ,active,True,True,True,True,15.1001,6687542.55,0.19747
COMP,"Compass, Inc.",NYSE,TRUE,COMP,alpaca_source,"Compass, Inc.",NYSE,active,True,True,True,True,9.915,12971667.55,0.194578
ATI,ATI Inc.,NYSE,TRUE,ATI,alpaca_source,ATI Inc.,NYSE,active,True,True,True,True,201.29,1816184.55,0.192759
CDW,CDW Corporation Common Stock,NASDAQ,TRUE,CDW,alpaca_source,CDW Corporation Common Stock,NASDAQ,active,True,True,True,True,129.485,2208718.55,0.192421
IDYA,"IDEAYA Biosciences, Inc. Common Stock",NASDAQ,TRUE,IDYA,alpaca_source,"IDEAYA Biosciences, Inc. Common Stock",NASDAQ,active,True,True,True,True,34.965,1290815.6,0.191312
ENR,"Energizer Holdings, Inc",NYSE,TRUE,ENR,alpaca_source,"Energizer Holdings, Inc",NYSE,active,True,True,True,True,21.7,1051523.5,0.190999
BBY,"Best Buy Company, Inc.",NYSE,TRUE,BBY,alpaca_source,"Best Buy Company, Inc.",NYSE,active,True,True,True,True,74.29,5192128.95,0.19074
CAKE,Cheesecake Factory Incorporated (The) Common Stock,NASDAQ,TRUE,CAKE,alpaca_source,Cheesecake Factory Incorporated (The) Common Stock,NASDAQ,active,True,True,True,True,76.77,1309307.1,0.187838
BBWI,"Bath & Body Works, Inc.",NYSE,TRUE,BBWI,alpaca_source,"Bath & Body Works, Inc.",NYSE,active,True,True,True,True,20.815,6535253.65,0.187235
VECO,Veeco Instruments Inc. Common Stock,NASDAQ,TRUE,VECO,alpaca_source,Veeco Instruments Inc. Common Stock,NASDAQ,active,True,True,True,True,74.09,1649981.15,0.185819
GO,Grocery Outlet Holding Corp. Common Stock,NASDAQ,TRUE,GO,alpaca_source,Grocery Outlet Holding Corp. Common Stock,NASDAQ,active,True,True,True,True,9.39,2763852.3,0.185606
NCLH,Norwegian Cruise Line Holdings Ltd. Ordinary Shares,NYSE,TRUE,NCLH,alpaca_source,Norwegian Cruise Line Holdings Ltd. Ordinary Shares,NYSE,active,True,True,True,True,20.27,20397082.45,0.18538
GLL,ProShares UltraShort Gold,ARCA,TRUE,GLL,alpaca_source,ProShares UltraShort Gold,ARCA,active,True,True,False,True,25.755,3697794.75,0.185228
BRKR,Bruker Corporation Common Stock,NASDAQ,TRUE,BRKR,alpaca_source,Bruker Corporation Common Stock,NASDAQ,active,True,True,True,True,55.56,2979378.75,0.185179
HRL,Hormel Foods Corporation,NYSE,TRUE,HRL,alpaca_source,Hormel Foods Corporation,NYSE,active,True,True,True,True,24.725,6561826.0,0.183581
NTRA,"Natera, Inc. Common Stock",NASDAQ,TRUE,NTRA,alpaca_source,"Natera, Inc. Common Stock",NASDAQ,active,True,True,True,True,236.37,1383219.55,0.176497
NUVL,"Nuvalent, Inc. Class A Common Stock",NASDAQ,TRUE,NUVL,alpaca_source,"Nuvalent, Inc. Class A Common Stock",NASDAQ,active,True,True,True,True,123.425,5076018.25,0.176036
AMKR,"Amkor Technology, Inc. Common Stock",NASDAQ,TRUE,AMKR,alpaca_source,"Amkor Technology, Inc. Common Stock",NASDAQ,active,True,True,True,True,86.0805,6440972.65,0.173119
TECH,Bio-Techne Corp Common Stock,NASDAQ,TRUE,TECH,alpaca_source,Bio-Techne Corp Common Stock,NASDAQ,active,True,True,True,True,56.245,2701983.6,0.172504
LUV,Southwest Airlines Co.,NYSE,TRUE,LUV,alpaca_source,Southwest Airlines Co.,NYSE,active,True,True,True,True,49.315,6497308.2,0.171484
PD,"PagerDuty, Inc.",NYSE,TRUE,PD,alpaca_source,"PagerDuty, Inc.",NYSE,active,True,True,True,True,8.415,2530511.45,0.170376
BRUN,Boost Run Inc. Class A Common Stock,NASDAQ,TRUE,BRUN,alpaca_source,Boost Run Inc. Class A Common Stock,NASDAQ,active,True,True,False,True,33.26,2196708.5,0.169891
JEF,Jefferies Financial Group Inc.,NYSE,TRUE,JEF,alpaca_source,Jefferies Financial Group Inc.,NYSE,active,True,True,True,True,60.74,1720351.75,0.169201
ENTG,"Entegris, Inc. Common Stock",NASDAQ,TRUE,ENTG,alpaca_source,"Entegris, Inc. Common Stock",NASDAQ,active,True,True,True,True,166.1,3296300.75,0.168731
AUPH,Aurinia Pharmaceuticals Inc Ordinary Shares,NASDAQ,TRUE,AUPH,alpaca_source,Aurinia Pharmaceuticals Inc Ordinary Shares,NASDAQ,active,True,True,True,True,17.75,1355127.3,0.168532
W,Wayfair Inc.,NYSE,TRUE,W,alpaca_source,Wayfair Inc.,NYSE,active,True,True,True,True,84.01,3700470.25,0.168104
ELF,"e.l.f. Beauty, Inc.",NYSE,TRUE,ELF,alpaca_source,"e.l.f. Beauty, Inc.",NYSE,active,True,True,True,True,63.18,4028339.7,0.16719
SN,"SharkNinja, Inc.",NYSE,TRUE,SN,alpaca_source,"SharkNinja, Inc.",NYSE,active,True,True,True,True,135.61,2118653.3,0.166939
USFD,US Foods Holding Corp.,NYSE,TRUE,USFD,alpaca_source,US Foods Holding Corp.,NYSE,active,True,True,True,True,94.82,2813916.0,0.166298
MU,"Micron Technology, Inc. Common Stock",NASDAQ,TRUE,MU,alpaca_source,"Micron Technology, Inc. Common Stock",NASDAQ,active,True,True,True,True,1043.4399,55215979.85,0.164709
TDOC,"Teladoc Health, Inc.",NYSE,TRUE,TDOC,alpaca_source,"Teladoc Health, Inc.",NYSE,active,True,True,True,True,7.675,4411438.6,0.164643
BTDR,Bitdeer Technologies Group Class A Ordinary Shares,NASDAQ,TRUE,BTDR,alpaca_source,Bitdeer Technologies Group Class A Ordinary Shares,NASDAQ,active,True,True,True,True,17.59,12027372.3,0.16413
EXTR,"Extreme Networks, Inc. Common Stock",NASDAQ,TRUE,EXTR,alpaca_source,"Extreme Networks, Inc. Common Stock",NASDAQ,active,True,True,True,True,31.45,2087951.6,0.163953
INN,"Summit Hotel Properties, Inc.",NYSE,TRUE,INN,alpaca_source,"Summit Hotel Properties, Inc.",NYSE,active,True,True,True,True,6.61,2147517.75,0.163732
NAIL,Direxion Daily Homebuilders & Supplies Bull 3X ETF,ARCA,TRUE,NAIL,alpaca_source,Direxion Daily Homebuilders & Supplies Bull 3X ETF,ARCA,active,True,True,True,True,43.5198,1721520.45,0.163009
GKOS,Glaukos Corporation,NYSE,TRUE,GKOS,alpaca_source,Glaukos Corporation,NYSE,active,True,True,True,True,133.35,1205598.75,0.159868
ARKG,ARK Genomic Revolution ETF,BATS,TRUE,ARKG,alpaca_source,ARK Genomic Revolution ETF,BATS,active,True,True,False,True,36.2599,3575236.1,0.158463
GPGI,"GPGI, Inc.",NYSE,TRUE,GPGI,alpaca_source,"GPGI, Inc.",NYSE,active,True,True,True,True,14.59,1939289.55,0.157936
VSH,"Vishay Intertechnology, Inc.",NYSE,TRUE,VSH,alpaca_source,"Vishay Intertechnology, Inc.",NYSE,active,True,True,True,True,58.2,9156026.95,0.157368
RCL,Royal Caribbean Group,NYSE,TRUE,RCL,alpaca_source,Royal Caribbean Group,NYSE,active,True,True,True,True,308.21,2752375.2,0.157252
VNO,Vornado Realty Trust,NYSE,TRUE,VNO,alpaca_source,Vornado Realty Trust,NYSE,active,True,True,True,True,37.785,1812897.9,0.155505
TEX,Terex Corporation,NYSE,TRUE,TEX,alpaca_source,Terex Corporation,NYSE,active,True,True,True,True,68.29,1182773.2,0.155436
RDDT,"Reddit, Inc.",NYSE,TRUE,RDDT,alpaca_source,"Reddit, Inc.",NYSE,active,True,True,True,True,167.04,4896706.3,0.154867
HAPN,"Happen, Inc. Common Stock",NASDAQ,TRUE,HAPN,alpaca_source,"Happen, Inc. Common Stock",NASDAQ,active,True,True,True,True,18.66,2115787.0,0.154703
MKSI,MKS Inc. Common Stock,NASDAQ,TRUE,MKSI,alpaca_source,MKS Inc. Common Stock,NASDAQ,active,True,True,True,True,385.2,1101750.2,0.153784
ARXS,"Arxis, Inc. Class A Common Stock",NASDAQ,TRUE,ARXS,alpaca_source,"Arxis, Inc. Class A Common Stock",NASDAQ,active,True,True,True,True,45.6,1206560.5,0.153554
PRM,"Perimeter Solutions, Inc.",NYSE,TRUE,PRM,alpaca_source,"Perimeter Solutions, Inc.",NYSE,active,True,True,True,True,36.17,1435075.3,0.153012
IP,International Paper Co.,NYSE,TRUE,IP,alpaca_source,International Paper Co.,NYSE,active,True,True,True,True,36.795,6338421.2,0.151283
RCUS,"Arcus Biosciences, Inc.",NYSE,TRUE,RCUS,alpaca_source,"Arcus Biosciences, Inc.",NYSE,active,True,True,True,True,27.76,1327836.3,0.150435
BGC,"BGC Group, Inc. Class A Common Stock",NASDAQ,TRUE,BGC,alpaca_source,"BGC Group, Inc. Class A Common Stock",NASDAQ,active,True,True,True,True,12.375,3346173.55,0.150093
CALY,Callaway Golf Company,NYSE,TRUE,CALY,alpaca_source,Callaway Golf Company,NYSE,active,True,True,True,True,17.845,2483775.4,0.149807
RLJ,RLJ Lodging Trust,NYSE,TRUE,RLJ,alpaca_source,RLJ Lodging Trust,NYSE,active,True,True,True,True,11.345,1863706.8,0.149443
IBKR,"Interactive Brokers Group, Inc. Class A Common Stock",NASDAQ,TRUE,IBKR,alpaca_source,"Interactive Brokers Group, Inc. Class A Common Stock",NASDAQ,active,True,True,True,True,95.09,5305696.85,0.148345
DHT,"DHT HOLDINGS, INC.",NYSE,TRUE,DHT,alpaca_source,"DHT HOLDINGS, INC.",NYSE,active,True,True,True,True,19.97,3260861.85,0.147701
ATEN,A10 NETWORKS INC,NYSE,TRUE,ATEN,alpaca_source,A10 NETWORKS INC,NYSE,active,True,True,True,True,33.915,1262128.4,0.147328
VIK,Viking Holdings Ltd,NYSE,TRUE,VIK,alpaca_source,Viking Holdings Ltd,NYSE,active,True,True,True,True,100.5,2942471.8,0.14556
APH,Amphenol Corporation,NYSE,TRUE,APH,alpaca_source,Amphenol Corporation,NYSE,active,True,True,True,True,159.87,10244322.45,0.145529
C,Citigroup Inc.,NYSE,TRUE,C,alpaca_source,Citigroup Inc.,NYSE,active,True,True,True,True,145.28,12790467.9,0.145199
SRAD,Sportradar Group AG Class A Ordinary Shares,NASDAQ,TRUE,SRAD,alpaca_source,Sportradar Group AG Class A Ordinary Shares,NASDAQ,active,True,True,True,True,14.875,2916318.95,0.145112
CAI,"Caris Life Sciences, Inc. Common Stock",NASDAQ,TRUE,CAI,alpaca_source,"Caris Life Sciences, Inc. Common Stock",NASDAQ,active,True,True,True,True,17.76,2474271.05,0.14433
EWTX,"Edgewise Therapeutics, Inc. Common Stock",NASDAQ,TRUE,EWTX,alpaca_source,"Edgewise Therapeutics, Inc. Common Stock",NASDAQ,active,True,True,True,True,38.4,1880683.4,0.144219
ETSY,"Etsy, Inc.",NYSE,TRUE,ETSY,alpaca_source,"Etsy, Inc.",NYSE,active,True,True,True,True,73.59,2991316.85,0.143945
FUN,Six Flags Entertainment Corporation,NYSE,TRUE,FUN,alpaca_source,Six Flags Entertainment Corporation,NYSE,active,True,True,True,True,22.98,2105506.9,0.143284
XERS,"Xeris Biopharma Holdings, Inc. Common Stock",NASDAQ,TRUE,XERS,alpaca_source,"Xeris Biopharma Holdings, Inc. Common Stock",NASDAQ,active,True,True,True,True,7.155,1659705.15,0.142971
LRCX,Lam Research Corporation Common Stock,NASDAQ,TRUE,LRCX,alpaca_source,Lam Research Corporation Common Stock,NASDAQ,active,True,True,True,True,368.4,11534648.0,0.142493
SDGR,"Schrodinger, Inc. Common Stock",NASDAQ,TRUE,SDGR,alpaca_source,"Schrodinger, Inc. Common Stock",NASDAQ,active,True,True,True,True,15.015,1296882.8,0.141825
OMDA,"Omada Health, Inc. Common Stock",NASDAQ,TRUE,OMDA,alpaca_source,"Omada Health, Inc. Common Stock",NASDAQ,active,True,True,True,True,18.3748,1000748.4,0.141292
CART,Maplebear Inc. Common Stock,NASDAQ,TRUE,CART,alpaca_source,Maplebear Inc. Common Stock,NASDAQ,active,True,True,True,True,46.25,4038546.0,0.14113
DRAM,Roundhill Memory ETF,BATS,TRUE,DRAM,alpaca_source,Roundhill Memory ETF,BATS,active,True,True,True,True,69.04,46151559.55,0.140968
CGEM,"Cullinan Therapeutics, Inc. Common Stock",NASDAQ,TRUE,CGEM,alpaca_source,"Cullinan Therapeutics, Inc. Common Stock",NASDAQ,active,True,True,True,True,17.625,1395058.25,0.140039
AMN,AMN Healthcare Services,NYSE,TRUE,AMN,alpaca_source,AMN Healthcare Services,NYSE,active,True,True,True,True,31.03,1023981.65,0.139971
SW,Smurfit WestRock plc,NYSE,TRUE,SW,alpaca_source,Smurfit WestRock plc,NYSE,active,True,True,True,True,44.67,5654234.5,0.139541
NTAP,"NetApp, Inc. Common Stock",NASDAQ,TRUE,NTAP,alpaca_source,"NetApp, Inc. Common Stock",NASDAQ,active,True,True,True,True,158.26,4414447.25,0.138971
UAL,"United Airlines Holdings, Inc. Common Stock",NASDAQ,TRUE,UAL,alpaca_source,"United Airlines Holdings, Inc. Common Stock",NASDAQ,active,True,True,True,True,120.625,5774663.55,0.138831
WSM,"Williams-Sonoma, Inc.",NYSE,TRUE,WSM,alpaca_source,"Williams-Sonoma, Inc.",NYSE,active,True,True,True,True,225.85,1193935.05,0.138472
AVR,Anteris Technologies Global Corp. Common Stock,NASDAQ,TRUE,AVR,alpaca_source,Anteris Technologies Global Corp. Common Stock,NASDAQ,active,True,True,True,True,10.32,1193817.2,0.136564
ACMR,"ACM Research, Inc. Class A Common Stock",NASDAQ,TRUE,ACMR,alpaca_source,"ACM Research, Inc. Class A Common Stock",NASDAQ,active,True,True,True,True,98.2,1887151.9,0.135785
ARMG,Themes ETF Trust Leverage Shares 2X Long ARM Daily ETF,NASDAQ,TRUE,ARMG,alpaca_source,Themes ETF Trust Leverage Shares 2X Long ARM Daily ETF,NASDAQ,active,True,True,False,True,42.38,2440094.8,0.134976
APLE,"Apple Hospitality REIT, Inc.",NYSE,TRUE,APLE,alpaca_source,"Apple Hospitality REIT, Inc.",NYSE,active,True,True,True,True,16.715,2897589.85,0.134689
SLG,SL Green Realty Corp.,NYSE,TRUE,SLG,alpaca_source,SL Green Realty Corp.,NYSE,active,True,True,True,True,49.97,1160718.2,0.133364
BEAM,Beam Therapeutics Inc. Common Stock,NASDAQ,TRUE,BEAM,alpaca_source,Beam Therapeutics Inc. Common Stock,NASDAQ,active,True,True,True,True,33.73,2090478.0,0.132259
CPNG,"Coupang, Inc.",NYSE,TRUE,CPNG,alpaca_source,"Coupang, Inc.",NYSE,active,True,True,True,True,17.515,27593909.2,0.132191
PLTD,Direxion Shares ETF Trust Direxion Daily PLTR Bear 1X ETF,NASDAQ,TRUE,PLTD,alpaca_source,Direxion Shares ETF Trust Direxion Daily PLTR Bear 1X ETF,NASDAQ,active,True,True,False,True,8.91,39022976.8,0.132147
ELVN,"Enliven Therapeutics, Inc. Common Stock",NASDAQ,TRUE,ELVN,alpaca_source,"Enliven Therapeutics, Inc. Common Stock",NASDAQ,active,True,True,True,True,48.15,1840764.2,0.132142
CAH,"Cardinal Health, Inc.",NYSE,TRUE,CAH,alpaca_source,"Cardinal Health, Inc.",NYSE,active,True,True,True,True,226.775,2318578.8,0.131781
UNCY,"Unicycive Therapeutics, Inc. Common Stock",NASDAQ,TRUE,UNCY,alpaca_source,"Unicycive Therapeutics, Inc. Common Stock",NASDAQ,active,True,True,True,True,7.99,1076946.05,0.131728
DYN,"Dyne Therapeutics, Inc. Common Stock",NASDAQ,TRUE,DYN,alpaca_source,"Dyne Therapeutics, Inc. Common Stock",NASDAQ,active,True,True,True,True,20.53,1840205.5,0.13113
JHX,James Hardie Industries plc,NYSE,TRUE,JHX,alpaca_source,James Hardie Industries plc,NYSE,active,True,True,True,True,24.295,8200018.85,0.131052
ONTO,Onto Innovation Inc.,NYSE,TRUE,ONTO,alpaca_source,Onto Innovation Inc.,NYSE,active,True,True,True,True,310.1,1219693.8,0.13105
FLR,Fluor Corporation,NYSE,TRUE,FLR,alpaca_source,Fluor Corporation,NYSE,active,True,True,True,True,53.0,2807110.15,0.131029
GENI,Genius Sports Limited,NYSE,TRUE,GENI,alpaca_source,Genius Sports Limited,NYSE,active,True,True,True,True,6.005,7194077.65,0.130885
SVRA,Savara Inc. Common Stock,NASDAQ,TRUE,SVRA,alpaca_source,Savara Inc. Common Stock,NASDAQ,active,True,True,True,True,5.81,1768519.7,0.13035
GE,GE Aerospace,NYSE,TRUE,GE,alpaca_source,GE Aerospace,NYSE,active,True,True,True,True,355.46,4883811.35,0.130274
REYN,Reynolds Consumer Products Inc. Common Stock,NASDAQ,TRUE,REYN,alpaca_source,Reynolds Consumer Products Inc. Common Stock,NASDAQ,active,True,True,True,True,24.65,1018054.3,0.130216
ILMN,"Illumina, Inc. Common Stock",NASDAQ,TRUE,ILMN,alpaca_source,"Illumina, Inc. Common Stock",NASDAQ,active,True,True,True,True,164.02,1986087.15,0.129381
CADL,"Candel Therapeutics, Inc. Common Stock",NASDAQ,TRUE,CADL,alpaca_source,"Candel Therapeutics, Inc. Common Stock",NASDAQ,active,True,True,True,True,8.97,2023998.2,0.128302
AVTX,"Avalo Therapeutics, Inc. Common Stock",NASDAQ,TRUE,AVTX,alpaca_source,"Avalo Therapeutics, Inc. Common Stock",NASDAQ,active,True,True,True,True,18.07,1654818.15,0.127965
HIW,Highwoods Properties Inc.,NYSE,TRUE,HIW,alpaca_source,Highwoods Properties Inc.,NYSE,active,True,True,True,True,29.625,1670418.85,0.127712
AVTR,"Avantor, Inc.",NYSE,TRUE,AVTR,alpaca_source,"Avantor, Inc.",NYSE,active,True,True,True,True,9.17,9552768.05,0.126536
LTH,"Life Time Group Holdings, Inc.",NYSE,TRUE,LTH,alpaca_source,"Life Time Group Holdings, Inc.",NYSE,active,True,True,True,True,37.4,2358444.75,0.125828
AXON,"Axon Enterprise, Inc. Common Stock",NASDAQ,TRUE,AXON,alpaca_source,"Axon Enterprise, Inc. Common Stock",NASDAQ,active,True,True,True,True,433.76,1145991.1,0.125772
VRNS,"Varonis Systems, Inc. Common Stock",NASDAQ,TRUE,VRNS,alpaca_source,"Varonis Systems, Inc. Common Stock",NASDAQ,active,True,True,True,True,34.95,1895033.2,0.125604
WULF,TeraWulf Inc. Common Stock,NASDAQ,TRUE,WULF,alpaca_source,TeraWulf Inc. Common Stock,NASDAQ,active,True,True,True,True,28.34,27479171.1,0.125496
ANF,Abercrombie & Fitch Co.,NYSE,TRUE,ANF,alpaca_source,Abercrombie & Fitch Co.,NYSE,active,True,True,True,True,84.15,1660538.15,0.125301
ALK,"Alaska Air Group, Inc.",NYSE,TRUE,ALK,alpaca_source,"Alaska Air Group, Inc.",NYSE,active,True,True,True,True,49.265,3370765.15,0.125029
FDXF,"FedEx Freight Holding Company, Inc.",NYSE,TRUE,FDXF,alpaca_source,"FedEx Freight Holding Company, Inc.",NYSE,active,True,True,True,True,169.87,2365663.84,0.124967
MS,Morgan Stanley,NYSE,TRUE,MS,alpaca_source,Morgan Stanley,NYSE,active,True,True,True,True,226.87,6350409.25,0.124455
VMC,Vulcan Materials Company(Holding Company),NYSE,TRUE,VMC,alpaca_source,Vulcan Materials Company(Holding Company),NYSE,active,True,True,True,True,302.165,1279941.6,0.123541
VOYA,"VOYA FINANCIAL, INC.",NYSE,TRUE,VOYA,alpaca_source,"VOYA FINANCIAL, INC.",NYSE,active,True,True,True,True,92.585,1238103.75,0.123468
AXTA,Axalta Coating Systems Ltd.,NYSE,TRUE,AXTA,alpaca_source,Axalta Coating Systems Ltd.,NYSE,active,True,True,True,True,33.71,3448481.1,0.123292
PANW,"Palo Alto Networks, Inc. Common Stock",NASDAQ,TRUE,PANW,alpaca_source,"Palo Alto Networks, Inc. Common Stock",NASDAQ,active,True,True,True,True,288.36,8977477.5,0.123116
VVV,Valvoline Inc.,NYSE,TRUE,VVV,alpaca_source,Valvoline Inc.,NYSE,active,True,True,True,True,38.14,2076443.75,0.123086
TREX,"Trex Company, Inc.",NYSE,TRUE,TREX,alpaca_source,"Trex Company, Inc.",NYSE,active,True,True,True,True,45.36,1866469.65,0.122217
PSNL,"Personalis, Inc. Common Stock",NASDAQ,TRUE,PSNL,alpaca_source,"Personalis, Inc. Common Stock",NASDAQ,active,True,True,True,True,10.03,3077525.3,0.121924
DASH,"DoorDash, Inc. Class A Common Stock",NASDAQ,TRUE,DASH,alpaca_source,"DoorDash, Inc. Class A Common Stock",NASDAQ,active,True,True,True,True,172.725,4911911.5,0.121591
RSI,"Rush Street Interactive, Inc.",NYSE,TRUE,RSI,alpaca_source,"Rush Street Interactive, Inc.",NYSE,active,True,True,True,True,29.29,3095727.65,0.120505
DRIP,Direxion Daily S&P Oil & Gas Exp. & Prod. Bear 2X ETF,ARCA,TRUE,DRIP,alpaca_source,Direxion Daily S&P Oil & Gas Exp. & Prod. Bear 2X ETF,ARCA,active,True,True,False,True,5.305,36667378.4,0.119198
DE,Deere & Company,NYSE,TRUE,DE,alpaca_source,Deere & Company,NYSE,active,True,True,True,True,591.98,1446845.15,0.118801
BTSG,"BrightSpring Health Services, Inc. Common Stock",NASDAQ,TRUE,BTSG,alpaca_source,"BrightSpring Health Services, Inc. Common Stock",NASDAQ,active,True,True,True,True,67.38,3624643.8,0.117042
CVS,CVS HEALTH CORPORATION,NYSE,TRUE,CVS,alpaca_source,CVS HEALTH CORPORATION,NYSE,active,True,True,True,True,101.23,8327511.5,0.115728
DRH,Diamondrock Hospitality Company Common Stock,NASDAQ,TRUE,DRH,alpaca_source,Diamondrock Hospitality Company Common Stock,NASDAQ,active,True,True,True,True,12.335,1841685.95,0.11528
CNC,Centene Corporation,NYSE,TRUE,CNC,alpaca_source,Centene Corporation,NYSE,active,True,True,True,True,63.78,5425633.65,0.11484
BAC,Bank of America Corporation,NYSE,TRUE,BAC,alpaca_source,Bank of America Corporation,NYSE,active,True,True,True,True,57.865,39663204.95,0.114285
NAVN,"Navan, Inc. Class A Common Stock",NASDAQ,TRUE,NAVN,alpaca_source,"Navan, Inc. Class A Common Stock",NASDAQ,active,True,True,True,True,21.31,4974687.75,0.113957
CXT,"Crane NXT, Co.",NYSE,TRUE,CXT,alpaca_source,"Crane NXT, Co.",NYSE,active,True,True,True,True,45.22,1016402.25,0.113604
PTRN,Pattern Group Inc. Series A Common Stock,NASDAQ,TRUE,PTRN,alpaca_source,Pattern Group Inc. Series A Common Stock,NASDAQ,active,True,True,True,True,21.11,2055414.4,0.11281
TH,Target Hospitality Corp. Common Stock,NASDAQ,TRUE,TH,alpaca_source,Target Hospitality Corp. Common Stock,NASDAQ,active,True,True,True,True,20.41,1556114.25,0.112262
BCRX,"BioCryst Pharmaceuticals, Inc. Common Stock",NASDAQ,TRUE,BCRX,alpaca_source,"BioCryst Pharmaceuticals, Inc. Common Stock",NASDAQ,active,True,True,True,True,9.42,4211074.95,0.112161
VKTX,"Viking Therapeutics, Inc. Common Stock",NASDAQ,TRUE,VKTX,alpaca_source,"Viking Therapeutics, Inc. Common Stock",NASDAQ,active,True,True,True,True,34.225,2223996.0,0.111201
GS,Goldman Sachs Group Inc.,NYSE,TRUE,GS,alpaca_source,Goldman Sachs Group Inc.,NYSE,active,True,True,True,True,1100.0801,2370782.55,0.111017
SKT,Tanger Inc.,NYSE,TRUE,SKT,alpaca_source,Tanger Inc.,NYSE,active,True,True,True,True,39.91,1124278.85,0.110771
AVAH,Aveanna Healthcare Holdings Inc. Common Stock,NASDAQ,TRUE,AVAH,alpaca_source,Aveanna Healthcare Holdings Inc. Common Stock,NASDAQ,active,True,True,True,True,8.085,1814605.4,0.110577
PFGC,Performance Food Group Company,NYSE,TRUE,PFGC,alpaca_source,Performance Food Group Company,NYSE,active,True,True,True,True,104.28,1419419.75,0.110425
GPC,Genuine Parts Company,NYSE,TRUE,GPC,alpaca_source,Genuine Parts Company,NYSE,active,True,True,True,True,106.49,1774351.4,0.109224
M,Macy's Inc.,NYSE,TRUE,M,alpaca_source,Macy's Inc.,NYSE,active,True,True,True,True,23.845,7776330.9,0.10876
PGY,Pagaya Technologies Ltd. Class A Ordinary Shares,NASDAQ,TRUE,PGY,alpaca_source,Pagaya Technologies Ltd. Class A Ordinary Shares,NASDAQ,active,True,True,False,True,14.84,3892405.95,0.10829
EQPT,EquipmentShare.com Inc Class A Common Stock,NASDAQ,TRUE,EQPT,alpaca_source,EquipmentShare.com Inc Class A Common Stock,NASDAQ,active,True,True,True,True,23.915,1844585.6,0.108202
RAL,Ralliant Corporation,NYSE,TRUE,RAL,alpaca_source,Ralliant Corporation,NYSE,active,True,True,True,True,68.67,1478465.15,0.10743
IMVT,"Immunovant, Inc. Common Stock",NASDAQ,TRUE,IMVT,alpaca_source,"Immunovant, Inc. Common Stock",NASDAQ,active,True,True,True,True,37.46,1646314.15,0.107301
HOG,"Harley-Davidson, Inc.",NYSE,TRUE,HOG,alpaca_source,"Harley-Davidson, Inc.",NYSE,active,True,True,True,True,25.5,2316420.15,0.107164
INTA,"Intapp, Inc. Common Stock",NASDAQ,TRUE,INTA,alpaca_source,"Intapp, Inc. Common Stock",NASDAQ,active,True,True,True,True,21.955,1118440.45,0.107161
VSTS,Vestis Corporation,NYSE,TRUE,VSTS,alpaca_source,Vestis Corporation,NYSE,active,True,True,True,True,13.05,1445329.05,0.10687
GH,"Guardant Health, Inc. Common Stock",NASDAQ,TRUE,GH,alpaca_source,"Guardant Health, Inc. Common Stock",NASDAQ,active,True,True,True,True,132.64,2287313.25,0.106717
TTWO,"Take-Two Interactive Software, Inc. Common Stock",NASDAQ,TRUE,TTWO,alpaca_source,"Take-Two Interactive Software, Inc. Common Stock",NASDAQ,active,True,True,True,True,243.92,2888683.3,0.105361
DG,Dollar General Corp.,NYSE,TRUE,DG,alpaca_source,Dollar General Corp.,NYSE,active,True,True,True,True,114.41,4071949.5,0.104237
XBI,State Street SPDR S&P Biotech ETF,ARCA,TRUE,XBI,alpaca_source,State Street SPDR S&P Biotech ETF,ARCA,active,True,True,False,True,147.085,9055679.0,0.104082
ALGM,"Allegro MicroSystems, Inc. Common Stock",NASDAQ,TRUE,ALGM,alpaca_source,"Allegro MicroSystems, Inc. Common Stock",NASDAQ,active,True,True,True,True,56.025,2561529.1,0.103723
A,Agilent Technologies Inc.,NYSE,TRUE,A,alpaca_source,Agilent Technologies Inc.,NYSE,active,True,True,True,True,127.01,2701950.7,0.103667
TOL,"Toll Brothers, Inc.",NYSE,TRUE,TOL,alpaca_source,"Toll Brothers, Inc.",NYSE,active,True,True,True,True,151.99,1146555.2,0.102575
BCS,Barclays PLC,NYSE,TRUE,BCS,alpaca_source,Barclays PLC,NYSE,active,True,True,True,True,27.045,5107423.9,0.102527
IMMX,"Immix Biopharma, Inc. Common Stock",NASDAQ,TRUE,IMMX,alpaca_source,"Immix Biopharma, Inc. Common Stock",NASDAQ,active,True,True,True,True,9.74,1738609.95,0.10181
VERA,"Vera Therapeutics, Inc. Class A Common Stock",NASDAQ,TRUE,VERA,alpaca_source,"Vera Therapeutics, Inc. Class A Common Stock",NASDAQ,active,True,True,True,True,37.825,1181885.3,0.101485
JETS,U.S. Global Jets ETF,ARCA,TRUE,JETS,alpaca_source,U.S. Global Jets ETF,ARCA,active,True,True,False,True,31.095,3219929.55,0.100318
ERY,Direxion Daily Energy Bear 2X ETF,ARCA,TRUE,ERY,alpaca_source,Direxion Daily Energy Bear 2X ETF,ARCA,active,True,True,False,True,12.4307,2226450.3,0.099089
STT,State Street Corporation,NYSE,TRUE,STT,alpaca_source,State Street Corporation,NYSE,active,True,True,True,True,174.09,2328295.35,0.098221
AIP,"Arteris, Inc. Common Stock",NASDAQ,TRUE,AIP,alpaca_source,"Arteris, Inc. Common Stock",NASDAQ,active,True,True,True,True,41.62,1020471.65,0.097863
NVD,GraniteShares ETF Trust GraniteShares 2x Short NVDA Daily ETF,NASDAQ,TRUE,NVD,alpaca_source,GraniteShares ETF Trust GraniteShares 2x Short NVDA Daily ETF,NASDAQ,active,True,True,False,True,5.1924,55591049.35,0.097759
CORZ,"Core Scientific, Inc. Common Stock",NASDAQ,TRUE,CORZ,alpaca_source,"Core Scientific, Inc. Common Stock",NASDAQ,active,True,True,True,True,28.94,12773973.2,0.097459
FTNT,"Fortinet, Inc. Common Stock",NASDAQ,TRUE,FTNT,alpaca_source,"Fortinet, Inc. Common Stock",NASDAQ,active,True,True,True,True,146.815,6965404.35,0.095961
ABBV,ABBVIE INC.,NYSE,TRUE,ABBV,alpaca_source,ABBVIE INC.,NYSE,active,True,True,True,True,233.36,5687197.05,0.09497
HAE,Haemonetics Corporation,NYSE,TRUE,HAE,alpaca_source,Haemonetics Corporation,NYSE,active,True,True,True,True,73.17,1064061.6,0.094704
LAUR,"Laureate Education, Inc. Common Stock",NASDAQ,TRUE,LAUR,alpaca_source,"Laureate Education, Inc. Common Stock",NASDAQ,active,True,True,True,True,36.69,1314220.95,0.093918
NVRI,Enviri Corporation,NYSE,TRUE,NVRI,alpaca_source,Enviri Corporation,NYSE,active,True,True,True,True,21.655,1722724.3,0.093687
CARG,"CarGurus, Inc. Class A Common Stock",NASDAQ,TRUE,CARG,alpaca_source,"CarGurus, Inc. Class A Common Stock",NASDAQ,active,True,True,True,True,30.39,1551989.45,0.093559
FLS,Flowserve Corporation,NYSE,TRUE,FLS,alpaca_source,Flowserve Corporation,NYSE,active,True,True,True,True,80.185,1855416.3,0.093183
ALL,The Allstate Corporation,NYSE,TRUE,ALL,alpaca_source,The Allstate Corporation,NYSE,active,True,True,True,True,231.25,1753774.45,0.092323
FITB,Fifth Third Bancorp,NYSE,TRUE,FITB,alpaca_source,Fifth Third Bancorp,NYSE,active,True,True,True,True,54.415,7963498.05,0.092232
VITL,"Vital Farms, Inc. Common Stock",NASDAQ,TRUE,VITL,alpaca_source,"Vital Farms, Inc. Common Stock",NASDAQ,active,True,True,True,True,10.78,2602965.8,0.092199
RIOT,"Riot Platforms, Inc. Common Stock",NASDAQ,TRUE,RIOT,alpaca_source,"Riot Platforms, Inc. Common Stock",NASDAQ,active,True,True,True,True,28.475,15294622.7,0.091833
ALMS,Alumis Inc. Common Stock,NASDAQ,TRUE,ALMS,alpaca_source,Alumis Inc. Common Stock,NASDAQ,active,True,True,True,True,24.38,1282384.0,0.091805
NRIX,"Nurix Therapeutics, Inc. Common stock",NASDAQ,TRUE,NRIX,alpaca_source,"Nurix Therapeutics, Inc. Common stock",NASDAQ,active,True,True,True,True,18.965,3094614.3,0.091197
NVDQ,T-Rex 2X Inverse NVIDIA Daily Target ETF,BATS,TRUE,NVDQ,alpaca_source,T-Rex 2X Inverse NVIDIA Daily Target ETF,BATS,active,True,True,False,True,11.8999,6227869.45,0.090733
WSC,WillScot Holdings Corporation Class A Common Stock,NASDAQ,TRUE,WSC,alpaca_source,WillScot Holdings Corporation Class A Common Stock,NASDAQ,active,True,True,True,True,28.02,1842429.3,0.090299
ARHS,"Arhaus, Inc. Class A Common Stock",NASDAQ,TRUE,ARHS,alpaca_source,"Arhaus, Inc. Class A Common Stock",NASDAQ,active,True,True,True,True,7.02,1146205.1,0.090062
DB,Deutsche Bank Aktiengesellschaft,NYSE,TRUE,DB,alpaca_source,Deutsche Bank Aktiengesellschaft,NYSE,active,True,True,True,True,35.22,3161286.3,0.09001
EXPE,"Expedia Group, Inc. Common Stock",NASDAQ,TRUE,EXPE,alpaca_source,"Expedia Group, Inc. Common Stock",NASDAQ,active,True,True,True,True,242.52,1536229.35,0.089989
PBI,Pitney Bowes Inc.,NYSE,TRUE,PBI,alpaca_source,Pitney Bowes Inc.,NYSE,active,True,True,True,True,16.9,2880217.15,0.08962
JPM,JPMorgan Chase & Co.,NYSE,TRUE,JPM,alpaca_source,JPMorgan Chase & Co.,NYSE,active,True,True,True,True,334.1401,9701321.35,0.089327
AXGN,"Axogen, Inc. Common Stock",NASDAQ,TRUE,AXGN,alpaca_source,"Axogen, Inc. Common Stock",NASDAQ,active,True,True,True,True,45.145,1175536.7,0.089144
HBAN,Huntington Bancshares Incorporated Common Stock,NASDAQ,TRUE,HBAN,alpaca_source,Huntington Bancshares Incorporated Common Stock,NASDAQ,active,True,True,True,True,17.3338,24164537.8,0.089061
RVLV,"Revolve Group, Inc.",NYSE,TRUE,RVLV,alpaca_source,"Revolve Group, Inc.",NYSE,active,True,True,True,True,21.11,1057441.65,0.088144
UNH,UNITEDHEALTH GROUP INCORPORATED (Delaware),NYSE,TRUE,UNH,alpaca_source,UNITEDHEALTH GROUP INCORPORATED (Delaware),NYSE,active,True,True,True,True,407.64,6980069.8,0.087853
RHI,Robert Half Inc.,NYSE,TRUE,RHI,alpaca_source,Robert Half Inc.,NYSE,active,True,True,True,True,29.37,2304765.05,0.087778
CARR,Carrier Global Corporation,NYSE,TRUE,CARR,alpaca_source,Carrier Global Corporation,NYSE,active,True,True,True,True,70.58,6665678.7,0.087687
ESTC,Elastic N.V.,NYSE,TRUE,ESTC,alpaca_source,Elastic N.V.,NYSE,active,True,True,True,True,59.17,2527490.2,0.087484
ZION,Zions Bancorporation N.A. Common Stock,NASDAQ,TRUE,ZION,alpaca_source,Zions Bancorporation N.A. Common Stock,NASDAQ,active,True,True,True,True,68.18,1695775.8,0.086707
SHO,"Sunstone Hotel Investors, Inc.",NYSE,TRUE,SHO,alpaca_source,"Sunstone Hotel Investors, Inc.",NYSE,active,True,True,True,True,11.8,2235577.55,0.086556
MMYT,MakeMyTrip Limited Ordinary Shares,NASDAQ,TRUE,MMYT,alpaca_source,MakeMyTrip Limited Ordinary Shares,NASDAQ,active,True,True,True,True,45.975,1035204.25,0.086366
PGR,Progressive Corporation,NYSE,TRUE,PGR,alpaca_source,Progressive Corporation,NYSE,active,True,True,True,True,215.9475,3464841.3,0.086364
EYPT,"EyePoint, Inc. Common Stock",NASDAQ,TRUE,EYPT,alpaca_source,"EyePoint, Inc. Common Stock",NASDAQ,active,True,True,True,True,14.49,1149925.55,0.085393
AAL,American Airlines Group Inc. Common Stock,NASDAQ,TRUE,AAL,alpaca_source,American Airlines Group Inc. Common Stock,NASDAQ,active,True,True,True,True,16.115,113876585.6,0.085185
DAL,"Delta Air Lines, Inc.",NYSE,TRUE,DAL,alpaca_source,"Delta Air Lines, Inc.",NYSE,active,True,True,True,True,86.14,7753521.35,0.085023
TKR,The Timken Company,NYSE,TRUE,TKR,alpaca_source,The Timken Company,NYSE,active,True,True,True,True,138.25,1114009.05,0.084995
MAC,The Macerich Company,NYSE,TRUE,MAC,alpaca_source,The Macerich Company,NYSE,active,True,True,True,True,24.2375,3635211.05,0.084948
SAN,Banco Santander S.A.,NYSE,TRUE,SAN,alpaca_source,Banco Santander S.A.,NYSE,active,True,True,True,True,13.5499,8851908.65,0.08486
AXP,American Express Company,NYSE,TRUE,AXP,alpaca_source,American Express Company,NYSE,active,True,True,True,True,337.02,3001751.0,0.084642
WFC,Wells Fargo & Co.,NYSE,TRUE,WFC,alpaca_source,Wells Fargo & Co.,NYSE,active,True,True,True,True,84.07,16318745.25,0.084494
USB,U.S. Bancorp,NYSE,TRUE,USB,alpaca_source,U.S. Bancorp,NYSE,active,True,True,True,True,59.885,9393424.8,0.08448
SGRY,"Surgery Partners, Inc. Common Stock",NASDAQ,TRUE,SGRY,alpaca_source,"Surgery Partners, Inc. Common Stock",NASDAQ,active,True,True,True,True,14.585,1278927.65,0.084387
CRSR,"Corsair Gaming, Inc. Common Stock",NASDAQ,TRUE,CRSR,alpaca_source,"Corsair Gaming, Inc. Common Stock",NASDAQ,active,True,True,True,True,8.7702,4820522.3,0.084079
HSIC,"Henry Schein, Inc. Common Stock",NASDAQ,TRUE,HSIC,alpaca_source,"Henry Schein, Inc. Common Stock",NASDAQ,active,True,True,True,True,80.11,1373051.6,0.084032
RBRK,"Rubrik, Inc.",NYSE,TRUE,RBRK,alpaca_source,"Rubrik, Inc.",NYSE,active,True,True,True,True,74.0,4881260.5,0.083297
KRC,Kilroy Realty Corp.,NYSE,TRUE,KRC,alpaca_source,Kilroy Realty Corp.,NYSE,active,True,True,True,True,37.32,1697713.9,0.082681
CAT,Caterpillar Inc.,NYSE,TRUE,CAT,alpaca_source,Caterpillar Inc.,NYSE,active,True,True,True,True,983.615,3104598.4,0.082621
KBWB,Invesco Exchange-Traded Fund Trust II Invesco KBW Bank ETF,NASDAQ,TRUE,KBWB,alpaca_source,Invesco Exchange-Traded Fund Trust II Invesco KBW Bank ETF,NASDAQ,active,True,True,True,True,93.99,1909981.1,0.08253
RVMD,"Revolution Medicines, Inc. Common Stock",NASDAQ,TRUE,RVMD,alpaca_source,"Revolution Medicines, Inc. Common Stock",NASDAQ,active,True,True,True,True,167.48,3052550.7,0.081283
CECO,CECO Environmental Corp. Common Stock,NASDAQ,TRUE,CECO,alpaca_source,CECO Environmental Corp. Common Stock,NASDAQ,active,True,True,True,True,97.17,1086416.4,0.081228
ASML,ASML Holding N.V. New York Registry Shares,NASDAQ,TRUE,ASML,alpaca_source,ASML Holding N.V. New York Registry Shares,NASDAQ,active,True,True,True,True,1762.985,1998349.35,0.080241
NVST,"Envista Holdings Corporation Common stock, $0.01 par value per share",NYSE,TRUE,NVST,alpaca_source,"Envista Holdings Corporation Common stock, $0.01 par value per share",NYSE,active,True,True,True,True,25.385,2791753.95,0.080213
CRH,CRH Public Limited Company,NYSE,TRUE,CRH,alpaca_source,CRH Public Limited Company,NYSE,active,True,True,True,True,110.285,4695860.6,0.080061
PDM,"Piedmont Realty Trust, Inc.",NYSE,TRUE,PDM,alpaca_source,"Piedmont Realty Trust, Inc.",NYSE,active,True,True,True,True,9.015,1238808.4,0.079641
TER,"Teradyne, Inc. Common Stock",NASDAQ,TRUE,TER,alpaca_source,"Teradyne, Inc. Common Stock",NASDAQ,active,True,True,True,True,420.06,4471801.9,0.079457
ROIV,Roivant Sciences Ltd. Common Shares,NASDAQ,TRUE,ROIV,alpaca_source,Roivant Sciences Ltd. Common Shares,NASDAQ,active,True,True,True,True,32.02,5339845.4,0.079386
SJM,The J.M. Smucker Company,NYSE,TRUE,SJM,alpaca_source,The J.M. Smucker Company,NYSE,active,True,True,True,True,110.4,1737996.35,0.078968
ACVA,ACV Auctions Inc.,NYSE,TRUE,ACVA,alpaca_source,ACV Auctions Inc.,NYSE,active,True,True,True,True,6.44,3117185.45,0.078727
PFG,Principal Financial Group Inc Common Stock,NASDAQ,TRUE,PFG,alpaca_source,Principal Financial Group Inc Common Stock,NASDAQ,active,True,True,True,True,112.04,1176015.1,0.078538
UNM,Unum Group,NYSE,TRUE,UNM,alpaca_source,Unum Group,NYSE,active,True,True,True,True,91.03,1494444.95,0.078299
CFG,"Citizens Financial Group, Inc.",NYSE,TRUE,CFG,alpaca_source,"Citizens Financial Group, Inc.",NYSE,active,True,True,True,True,68.625,4638347.05,0.078162
GTES,Gates Industrial Corporation plc,NYSE,TRUE,GTES,alpaca_source,Gates Industrial Corporation plc,NYSE,active,True,True,True,True,27.315,1892132.5,0.07794
INCY,Incyte Corp. Common Stock,NASDAQ,TRUE,INCY,alpaca_source,Incyte Corp. Common Stock,NASDAQ,active,True,True,True,True,104.665,2067126.1,0.077909
FA,First Advantage Corporation Common Stock,NASDAQ,TRUE,FA,alpaca_source,First Advantage Corporation Common Stock,NASDAQ,active,True,True,True,True,16.48,1816186.8,0.077829
HST,"Host Hotels & Resorts, Inc. Common Stock",NASDAQ,TRUE,HST,alpaca_source,"Host Hotels & Resorts, Inc. Common Stock",NASDAQ,active,True,True,True,True,24.905,9358947.8,0.077672
DHI,D.R. Horton Inc.,NYSE,TRUE,DHI,alpaca_source,D.R. Horton Inc.,NYSE,active,True,True,True,True,156.9,2249788.15,0.07761
MTB,M&T Bank Corp.,NYSE,TRUE,MTB,alpaca_source,M&T Bank Corp.,NYSE,active,True,True,True,True,230.32,1130281.85,0.077591
VRTX,Vertex Pharmaceuticals Incorporated Common Stock,NASDAQ,TRUE,VRTX,alpaca_source,Vertex Pharmaceuticals Incorporated Common Stock,NASDAQ,active,True,True,True,True,469.675,1368881.1,0.077409
FROG,JFrog Ltd. Ordinary Shares,NASDAQ,TRUE,FROG,alpaca_source,JFrog Ltd. Ordinary Shares,NASDAQ,active,True,True,True,True,78.655,2361749.3,0.077318
CUZ,Cousins Properties Inc.,NYSE,TRUE,CUZ,alpaca_source,Cousins Properties Inc.,NYSE,active,True,True,True,True,28.86,1748407.1,0.077268
PHM,"Pultegroup, Inc.",NYSE,TRUE,PHM,alpaca_source,"Pultegroup, Inc.",NYSE,active,True,True,True,True,126.66,1640211.8,0.077127
SWK,"Stanley Black & Decker, Inc.",NYSE,TRUE,SWK,alpaca_source,"Stanley Black & Decker, Inc.",NYSE,active,True,True,True,True,84.11,1479421.2,0.077018
TKO,"TKO Group Holdings, Inc.",NYSE,TRUE,TKO,alpaca_source,"TKO Group Holdings, Inc.",NYSE,active,True,True,True,True,201.715,1594841.65,0.076621
LEG,"Leggett & Platt, Inc.",NYSE,TRUE,LEG,alpaca_source,"Leggett & Platt, Inc.",NYSE,active,True,True,True,True,11.035,2507747.45,0.076437
PNC,PNC Financial Services Group,NYSE,TRUE,PNC,alpaca_source,PNC Financial Services Group,NYSE,active,True,True,True,True,237.67,2255017.75,0.076355
IBN,ICICI Bank Limited,NYSE,TRUE,IBN,alpaca_source,ICICI Bank Limited,NYSE,active,True,True,True,True,28.23,7265479.8,0.076249
CCK,Crown Holdings Inc.,NYSE,TRUE,CCK,alpaca_source,Crown Holdings Inc.,NYSE,active,True,True,True,True,105.535,1151045.9,0.076009
PZZA,"Papa John's International, Inc. Common Stock",NASDAQ,TRUE,PZZA,alpaca_source,"Papa John's International, Inc. Common Stock",NASDAQ,active,True,True,True,True,35.18,1139734.95,0.075841
KBH,KB Home,NYSE,TRUE,KBH,alpaca_source,KB Home,NYSE,active,True,True,True,True,52.95,1234838.9,0.075782
BALL,Ball Corporation,NYSE,TRUE,BALL,alpaca_source,Ball Corporation,NYSE,active,True,True,True,True,60.611,3337229.95,0.075748
VIR,"Vir Biotechnology, Inc. Common Stock",NASDAQ,TRUE,VIR,alpaca_source,"Vir Biotechnology, Inc. Common Stock",NASDAQ,active,True,True,True,True,10.09,2059522.05,0.075693
WSBC,"WesBanco, Inc. Common Stock",NASDAQ,TRUE,WSBC,alpaca_source,"WesBanco, Inc. Common Stock",NASDAQ,active,True,True,True,True,37.125,1841922.3,0.075255
ADEA,Adeia Inc. Common Stock,NASDAQ,TRUE,ADEA,alpaca_source,Adeia Inc. Common Stock,NASDAQ,active,True,True,True,True,30.37,2308938.45,0.075044
DV,"DoubleVerify Holdings, Inc.",NYSE,TRUE,DV,alpaca_source,"DoubleVerify Holdings, Inc.",NYSE,active,True,True,True,True,10.405,2843476.55,0.074897
SOFI,"SoFi Technologies, Inc. Common Stock",NASDAQ,TRUE,SOFI,alpaca_source,"SoFi Technologies, Inc. Common Stock",NASDAQ,active,True,True,True,True,17.17,82273343.6,0.074468
NMR,"Nomura Holdings, Inc",NYSE,TRUE,NMR,alpaca_source,"Nomura Holdings, Inc",NYSE,active,True,True,True,True,8.67,1541444.25,0.074349
ABCL,AbCellera Biologics Inc. Common Shares,NASDAQ,TRUE,ABCL,alpaca_source,AbCellera Biologics Inc. Common Shares,NASDAQ,active,True,True,False,True,5.68,6413107.05,0.073724
BYD,Boyd Gaming Corporation,NYSE,TRUE,BYD,alpaca_source,Boyd Gaming Corporation,NYSE,active,True,True,True,True,86.38,1094112.9,0.073103
FBP,First BanCorp.,NYSE,TRUE,FBP,alpaca_source,First BanCorp.,NYSE,active,True,True,True,True,26.03,1708573.7,0.073055
BANC,"Banc of California, Inc.",NYSE,TRUE,BANC,alpaca_source,"Banc of California, Inc.",NYSE,active,True,True,True,True,20.425,2699926.7,0.072963
PPG,"PPG Industries, Inc.",NYSE,TRUE,PPG,alpaca_source,"PPG Industries, Inc.",NYSE,active,True,True,True,True,117.46,1888972.25,0.072302
ODD,ODDITY Tech Ltd. Class A Ordinary Shares,NASDAQ,TRUE,ODD,alpaca_source,ODDITY Tech Ltd. Class A Ordinary Shares,NASDAQ,active,True,True,True,True,12.97,2021639.75,0.071901
FULT,Fulton Financial Corporation Common Stock,NASDAQ,TRUE,FULT,alpaca_source,Fulton Financial Corporation Common Stock,NASDAQ,active,True,True,True,True,23.335,1916469.2,0.071888
BNS,Bank of Nova Scotia,NYSE,TRUE,BNS,alpaca_source,Bank of Nova Scotia,NYSE,active,True,True,True,True,86.13,2615780.2,0.071269
COGT,"Cogent Biosciences, Inc. Common Stock",NASDAQ,TRUE,COGT,alpaca_source,"Cogent Biosciences, Inc. Common Stock",NASDAQ,active,True,True,True,True,36.345,2614119.05,0.07086
KREF,KKR Real Estate Finance Trust Inc.,NYSE,TRUE,KREF,alpaca_source,KKR Real Estate Finance Trust Inc.,NYSE,active,True,True,True,True,7.035,1024211.65,0.070776
INTC,Intel Corporation Common Stock,NASDAQ,TRUE,INTC,alpaca_source,Intel Corporation Common Stock,NASDAQ,active,True,True,True,True,132.25,132833187.0,0.070677
FLG,"Flagstar Bank, National Association",NYSE,TRUE,FLG,alpaca_source,"Flagstar Bank, National Association",NYSE,active,True,True,True,True,15.01,4846019.85,0.070609
ARE,"Alexandria Real Estate Equities, Inc.",NYSE,TRUE,ARE,alpaca_source,"Alexandria Real Estate Equities, Inc.",NYSE,active,True,True,True,True,51.87,2034497.55,0.070146
TENB,"Tenable Holdings, Inc. Common Stock",NASDAQ,TRUE,TENB,alpaca_source,"Tenable Holdings, Inc. Common Stock",NASDAQ,active,True,True,True,True,27.63,3181993.1,0.070101
BMRN,BioMarin Pharmaceutical Inc. Common Stock,NASDAQ,TRUE,BMRN,alpaca_source,BioMarin Pharmaceutical Inc. Common Stock,NASDAQ,active,True,True,True,True,56.58,2255637.8,0.06997
OPLN,"OPENLANE, Inc",NYSE,TRUE,OPLN,alpaca_source,"OPENLANE, Inc",NYSE,active,True,True,True,True,38.245,1003488.95,0.06979
FNB,F.N.B. Corp,NYSE,TRUE,FNB,alpaca_source,F.N.B. Corp,NYSE,active,True,True,True,True,18.705,4593897.3,0.068925
MNST,Monster Beverage Corporation,NASDAQ,TRUE,MNST,alpaca_source,Monster Beverage Corporation,NASDAQ,active,True,True,True,True,93.44,5782990.75,0.068863
POOL,Pool Corporation Common Stock,NASDAQ,TRUE,POOL,alpaca_source,Pool Corporation Common Stock,NASDAQ,active,True,True,True,True,194.82,1243189.4,0.068385
MAS,Masco Corporation,NYSE,TRUE,MAS,alpaca_source,Masco Corporation,NYSE,active,True,True,True,True,73.61,2294475.0,0.06836
TGT,Target Corporation,NYSE,TRUE,TGT,alpaca_source,Target Corporation,NYSE,active,True,True,True,True,133.99,4529865.7,0.068245
CBSH,"Commerce Bancshares, Inc. Common Stock",NASDAQ,TRUE,CBSH,alpaca_source,"Commerce Bancshares, Inc. Common Stock",NASDAQ,active,True,True,True,True,55.685,1284134.45,0.068088
BXP,"BXP, Inc.",NYSE,TRUE,BXP,alpaca_source,"BXP, Inc.",NYSE,active,True,True,True,True,64.73,1485584.65,0.067976
BEN,"Franklin Resources, Inc.",NYSE,TRUE,BEN,alpaca_source,"Franklin Resources, Inc.",NYSE,active,True,True,True,True,33.8,4514453.5,0.067256
BBBY,"Bed Bath & Beyond, Inc.",NYSE,TRUE,BBBY,alpaca_source,"Bed Bath & Beyond, Inc.",NYSE,active,True,True,True,True,6.38,2699924.65,0.06689
LW,"Lamb Weston Holdings, Inc.",NYSE,TRUE,LW,alpaca_source,"Lamb Weston Holdings, Inc.",NYSE,active,True,True,True,True,44.935,1341291.45,0.066833
MICC,The Magnum Ice Cream Company N.V.,NYSE,TRUE,MICC,alpaca_source,The Magnum Ice Cream Company N.V.,NYSE,active,True,True,True,True,16.705,1398334.3,0.066731
BOIL,ProShares Ultra Bloomberg Natural Gas,ARCA,TRUE,BOIL,alpaca_source,ProShares Ultra Bloomberg Natural Gas,ARCA,active,True,True,False,True,27.03,3602358.7,0.066693
CGON,"CG Oncology, Inc. Common stock",NASDAQ,TRUE,CGON,alpaca_source,"CG Oncology, Inc. Common stock",NASDAQ,active,True,True,True,True,65.99,1003336.9,0.066247
KEY,KeyCorp,NYSE,TRUE,KEY,alpaca_source,KeyCorp,NYSE,active,True,True,True,True,22.9799,12828204.2,0.066033
FBIN,"Fortune Brands Innovations, Inc.",NYSE,TRUE,FBIN,alpaca_source,"Fortune Brands Innovations, Inc.",NYSE,active,True,True,True,True,40.9225,2221259.55,0.06569
TPR,"Tapestry, Inc. Common Stock",NYSE,TRUE,TPR,alpaca_source,"Tapestry, Inc. Common Stock",NYSE,active,True,True,True,True,149.41,2662679.05,0.065543
GLBE,Global-E Online Ltd. Ordinary Shares,NASDAQ,TRUE,GLBE,alpaca_source,Global-E Online Ltd. Ordinary Shares,NASDAQ,active,True,True,True,True,31.61,1789019.1,0.065027
EQH,"Equitable Holdings, Inc.",NYSE,TRUE,EQH,alpaca_source,"Equitable Holdings, Inc.",NYSE,active,True,True,True,True,44.67,5010829.35,0.065005
AJG,Arthur J. Gallagher & Co.,NYSE,TRUE,AJG,alpaca_source,Arthur J. Gallagher & Co.,NYSE,active,True,True,True,True,216.36,1781393.75,0.064327
GLUE,"Monte Rosa Therapeutics, Inc. Common Stock",NASDAQ,TRUE,GLUE,alpaca_source,"Monte Rosa Therapeutics, Inc. Common Stock",NASDAQ,active,True,True,True,True,20.43,1119661.65,0.064062
CCL,Carnival Corporation Ltd.,NYSE,TRUE,CCL,alpaca_source,Carnival Corporation Ltd.,NYSE,active,True,True,True,True,28.415,25909142.8,0.063834
COO,"The Cooper Companies, Inc. Common Stock",NASDAQ,TRUE,COO,alpaca_source,"The Cooper Companies, Inc. Common Stock",NASDAQ,active,True,True,True,True,65.95,3726402.65,0.063195
ADMA,ADMA Biologics Inc Common Stock,NASDAQ,TRUE,ADMA,alpaca_source,ADMA Biologics Inc Common Stock,NASDAQ,active,True,True,True,True,8.665,3498587.45,0.06319
UDOW,ProShares UltraPro Dow 30,ARCA,TRUE,UDOW,alpaca_source,ProShares UltraPro Dow 30,ARCA,active,True,True,False,True,67.88,2489654.95,0.063117
BULL,Webull Corporation Class A Ordinary Shares,NASDAQ,TRUE,BULL,alpaca_source,Webull Corporation Class A Ordinary Shares,NASDAQ,active,True,True,True,True,6.655,13513681.1,0.063099
IVT,InvenTrust Properties Corp.,NYSE,TRUE,IVT,alpaca_source,InvenTrust Properties Corp.,NYSE,active,True,True,True,True,35.08,1566556.75,0.06303
LSPD,Lightspeed Commerce Inc.,NYSE,TRUE,LSPD,alpaca_source,Lightspeed Commerce Inc.,NYSE,active,True,True,True,True,9.375,1553628.35,0.062925
WING,Wingstop Inc. Common Stock,NASDAQ,TRUE,WING,alpaca_source,Wingstop Inc. Common Stock,NASDAQ,active,True,True,True,True,149.42,1113723.8,0.062504
FND,"Floor & Decor Holdings, Inc.",NYSE,TRUE,FND,alpaca_source,"Floor & Decor Holdings, Inc.",NYSE,active,True,True,True,True,51.31,2572242.55,0.062319
RY,Royal Bank of Canada,NYSE,TRUE,RY,alpaca_source,Royal Bank of Canada,NYSE,active,True,True,True,True,201.79,1642251.3,0.06222
CRBG,"Corebridge Financial, Inc.",NYSE,TRUE,CRBG,alpaca_source,"Corebridge Financial, Inc.",NYSE,active,True,True,True,True,28.82,5442493.1,0.06199
ITB,iShares U.S. Home Construction ETF,BATS,TRUE,ITB,alpaca_source,iShares U.S. Home Construction ETF,BATS,active,True,True,True,True,97.625,2483763.1,0.061846
BRO,"Brown & Brown, Inc.",NYSE,TRUE,BRO,alpaca_source,"Brown & Brown, Inc.",NYSE,active,True,True,True,True,60.4999,3128447.2,0.061588
SGI,Somnigroup International Inc.,NYSE,TRUE,SGI,alpaca_source,Somnigroup International Inc.,NYSE,active,True,True,True,True,74.05,2833445.55,0.06104
TTMI,"TTM Technologies, Inc. Common Stock",NASDAQ,TRUE,TTMI,alpaca_source,"TTM Technologies, Inc. Common Stock",NASDAQ,active,True,True,True,True,208.965,2527481.0,0.061005
HLT,Hilton Worldwide Holdings Inc.,NYSE,TRUE,HLT,alpaca_source,Hilton Worldwide Holdings Inc.,NYSE,active,True,True,True,True,343.555,1645027.05,0.060977
XHB,State Street SPDR S&P Homebuilders ETF,ARCA,TRUE,XHB,alpaca_source,State Street SPDR S&P Homebuilders ETF,ARCA,active,True,True,True,True,108.41,2960516.4,0.060841
TSM,Taiwan Semiconductor Manufacturing Company Ltd.,NYSE,TRUE,TSM,alpaca_source,Taiwan Semiconductor Manufacturing Company Ltd.,NYSE,active,True,True,True,True,436.37,13539483.9,0.060807
IR,Ingersoll Rand Inc. Common Stock,NYSE,TRUE,IR,alpaca_source,Ingersoll Rand Inc. Common Stock,NYSE,active,True,True,True,True,76.825,4144279.8,0.060679
LNC,Lincoln National Corp.,NYSE,TRUE,LNC,alpaca_source,Lincoln National Corp.,NYSE,active,True,True,True,True,37.95,1646638.15,0.060648
DOCS,"Doximity, Inc.",NYSE,TRUE,DOCS,alpaca_source,"Doximity, Inc.",NYSE,active,True,True,True,True,20.7,3251199.05,0.060451
ROKU,"Roku, Inc. Class A Common Stock",NASDAQ,TRUE,ROKU,alpaca_source,"Roku, Inc. Class A Common Stock",NASDAQ,active,True,True,True,True,135.31,6783621.75,0.06034
SPXU,ProShares UltraPro Short S&P 500,ARCA,TRUE,SPXU,alpaca_source,ProShares UltraPro Short S&P 500,ARCA,active,True,True,False,True,39.4,10807768.1,0.06028
ESI,Element Solutions Inc.,NYSE,TRUE,ESI,alpaca_source,Element Solutions Inc.,NYSE,active,True,True,True,True,45.69,2964253.2,0.060128
TKC,TURKCELL ILETISIM HIZMETLERI A.S. ADS,NYSE,TRUE,TKC,alpaca_source,TURKCELL ILETISIM HIZMETLERI A.S. ADS,NYSE,active,True,True,True,True,6.032,1827202.55,0.060105
IQV,IQVIA Holdings Inc.,NYSE,TRUE,IQV,alpaca_source,IQVIA Holdings Inc.,NYSE,active,True,True,True,True,171.735,1680303.95,0.060093
RYAN,"Ryan Specialty Holdings, Inc.",NYSE,TRUE,RYAN,alpaca_source,"Ryan Specialty Holdings, Inc.",NYSE,active,True,True,True,True,34.265,2440972.3,0.059851
PGNY,"Progyny, Inc. Common Stock",NASDAQ,TRUE,PGNY,alpaca_source,"Progyny, Inc. Common Stock",NASDAQ,active,True,True,True,True,26.54,1504529.2,0.059481
TD,Toronto Dominion Bank,NYSE,TRUE,TD,alpaca_source,Toronto Dominion Bank,NYSE,active,True,True,True,True,119.25,2425134.8,0.059435
KMB,Kimberly-Clark Corporation Common Stock,NASDAQ,TRUE,KMB,alpaca_source,Kimberly-Clark Corporation Common Stock,NASDAQ,active,True,True,True,True,103.22,4637848.4,0.059408
ORIC,"Oric Pharmaceuticals, Inc. Common Stock",NASDAQ,TRUE,ORIC,alpaca_source,"Oric Pharmaceuticals, Inc. Common Stock",NASDAQ,active,True,True,True,True,9.045,1889658.35,0.059134
INGM,Ingram Micro Holding Corporation,NYSE,TRUE,INGM,alpaca_source,Ingram Micro Holding Corporation,NYSE,active,True,True,True,True,28.49,1486966.35,0.059108
HAYW,"Hayward Holdings, Inc.",NYSE,TRUE,HAYW,alpaca_source,"Hayward Holdings, Inc.",NYSE,active,True,True,True,True,14.805,2164977.1,0.059013
ASB,Associated Banc-Corp,NYSE,TRUE,ASB,alpaca_source,Associated Banc-Corp,NYSE,active,True,True,True,True,29.71,1974820.95,0.058962
ATEC,"Alphatec Holdings, Inc. Common Stock",NASDAQ,TRUE,ATEC,alpaca_source,"Alphatec Holdings, Inc. Common Stock",NASDAQ,active,True,True,True,True,8.535,2718328.95,0.058933
WYNN,"Wynn Resorts, Limited Common stock",NASDAQ,TRUE,WYNN,alpaca_source,"Wynn Resorts, Limited Common stock",NASDAQ,active,True,True,True,True,103.625,1417627.25,0.058802
SPG,"Simon Property Group, Inc.",NYSE,TRUE,SPG,alpaca_source,"Simon Property Group, Inc.",NYSE,active,True,True,True,True,216.69,2158632.6,0.058603
ACAD,ACADIA Pharmaceuticals Inc. Common Stock,NASDAQ,TRUE,ACAD,alpaca_source,ACADIA Pharmaceuticals Inc. Common Stock,NASDAQ,active,True,True,True,True,22.505,1242123.45,0.058561
MET,"MetLife, Inc.",NYSE,TRUE,MET,alpaca_source,"MetLife, Inc.",NYSE,active,True,True,True,True,88.14,3914878.05,0.058484
BBVA,"Banco Bilbao Vizcaya Argentaria, S.A.",NYSE,TRUE,BBVA,alpaca_source,"Banco Bilbao Vizcaya Argentaria, S.A.",NYSE,active,True,True,True,True,24.605,1803220.75,0.05828
NVO,Novo-Nordisk A/S,NYSE,TRUE,NVO,alpaca_source,Novo-Nordisk A/S,NYSE,active,True,True,True,True,46.725,13014004.85,0.057366
ECL,"Ecolab, Inc.",NYSE,TRUE,ECL,alpaca_source,"Ecolab, Inc.",NYSE,active,True,True,True,True,268.075,1866780.65,0.057332
DKNG,DraftKings Inc. Class A Common Stock,NASDAQ,TRUE,DKNG,alpaca_source,DraftKings Inc. Class A Common Stock,NASDAQ,active,True,True,True,True,25.165,14092259.25,0.056909
AMCR,Amcor plc Ordinary Shares,NYSE,TRUE,AMCR,alpaca_source,Amcor plc Ordinary Shares,NYSE,active,True,True,True,True,40.49,3644426.6,0.056855
PBF,PBF ENERGY INC.,NYSE,TRUE,PBF,alpaca_source,PBF ENERGY INC.,NYSE,active,True,True,True,True,40.43,2388665.1,0.056717
PRU,"Prudential Financial, Inc.",NYSE,TRUE,PRU,alpaca_source,"Prudential Financial, Inc.",NYSE,active,True,True,True,True,108.43,1937280.75,0.056617
SMPL,The Simply Good Foods Company Common Stock,NASDAQ,TRUE,SMPL,alpaca_source,The Simply Good Foods Company Common Stock,NASDAQ,active,True,True,True,True,12.045,1980311.9,0.056579
COF,Capital One Financial,NYSE,TRUE,COF,alpaca_source,Capital One Financial,NYSE,active,True,True,True,True,196.91,5271561.95,0.056271
ALLY,Ally Financial Inc.,NYSE,TRUE,ALLY,alpaca_source,Ally Financial Inc.,NYSE,active,True,True,True,True,45.13,3452837.1,0.055919
HD,"Home Depot, Inc.",NYSE,TRUE,HD,alpaca_source,"Home Depot, Inc.",NYSE,active,True,True,True,True,325.265,5198929.75,0.055274
EC,Ecopetrol S.A,NYSE,TRUE,EC,alpaca_source,Ecopetrol S.A,NYSE,active,True,True,True,True,15.68,3547530.3,0.055182
HUT,Hut 8 Corp. Common Stock,NASDAQ,TRUE,HUT,alpaca_source,Hut 8 Corp. Common Stock,NASDAQ,active,True,True,True,True,118.74,3950493.85,0.055091
TIGO,Millicom International Cellular S.A. Common Stock,NASDAQ,TRUE,TIGO,alpaca_source,Millicom International Cellular S.A. Common Stock,NASDAQ,active,True,True,True,True,87.56,2332118.1,0.054813
TMDX,"TransMedics Group, Inc. Common Stock",NASDAQ,TRUE,TMDX,alpaca_source,"TransMedics Group, Inc. Common Stock",NASDAQ,active,True,True,True,True,74.3202,1117200.9,0.054786
VGNT,Versigent PLC,NYSE,TRUE,VGNT,alpaca_source,Versigent PLC,NYSE,active,True,True,True,True,43.35,1310045.9,0.054745
PG,Procter & Gamble Company,NYSE,TRUE,PG,alpaca_source,Procter & Gamble Company,NYSE,active,True,True,True,True,150.76,9096164.85,0.054561
QGEN,QIAGEN N.V.,NYSE,TRUE,QGEN,alpaca_source,QIAGEN N.V.,NYSE,active,True,True,True,True,37.4708,2229890.95,0.054327
UBS,UBS Group AG,NYSE,TRUE,UBS,alpaca_source,UBS Group AG,NYSE,active,True,True,True,True,50.35,2227527.25,0.053788
IBB,iShares Biotechnology ETF,NASDAQ,TRUE,IBB,alpaca_source,iShares Biotechnology ETF,NASDAQ,active,True,True,True,True,178.45,1349628.55,0.053448
CPB,The Campbell's Company Common Stock,NASDAQ,TRUE,CPB,alpaca_source,The Campbell's Company Common Stock,NASDAQ,active,True,True,False,True,21.205,12402996.4,0.053403
BE,Bloom Energy Corporation,NYSE,TRUE,BE,alpaca_source,Bloom Energy Corporation,NYSE,active,True,True,True,True,318.45,10709642.45,0.053075
PAR,PAR Technology Corp.,NYSE,TRUE,PAR,alpaca_source,PAR Technology Corp.,NYSE,active,True,True,True,True,15.28,1333540.8,0.053067
BLMN,"Bloomin' Brands, Inc. Common Stock",NASDAQ,TRUE,BLMN,alpaca_source,"Bloomin' Brands, Inc. Common Stock",NASDAQ,active,True,True,True,True,8.34,2113003.55,0.05303
CLYM,"Climb Bio, Inc. Common Stock",NASDAQ,TRUE,CLYM,alpaca_source,"Climb Bio, Inc. Common Stock",NASDAQ,active,True,True,True,True,11.99,1263058.7,0.052678
SYY,Sysco Corporation,NYSE,TRUE,SYY,alpaca_source,Sysco Corporation,NYSE,active,True,True,True,True,79.285,3309696.35,0.052642
SLM,SLM Corporation Common Stock,NASDAQ,TRUE,SLM,alpaca_source,SLM Corporation Common Stock,NASDAQ,active,True,True,True,True,23.1,2654642.65,0.052524
PCAR,PACCAR Inc. Common Stock,NASDAQ,TRUE,PCAR,alpaca_source,PACCAR Inc. Common Stock,NASDAQ,active,True,True,True,True,117.86,3320157.25,0.052227
VYX,NCR Voyix Corporation,NYSE,TRUE,VYX,alpaca_source,NCR Voyix Corporation,NYSE,active,True,True,True,True,6.955,2600984.8,0.052194
SOXX,iShares Semiconductor ETF,NASDAQ,TRUE,SOXX,alpaca_source,iShares Semiconductor ETF,NASDAQ,active,True,True,True,True,599.47,11119445.15,0.052035
SPXS,Direxion Daily S&P 500 Bear 3x ETF,ARCA,TRUE,SPXS,alpaca_source,Direxion Daily S&P 500 Bear 3x ETF,ARCA,active,True,True,False,True,27.855,14485804.1,0.051529
AUB,Atlantic Union Bankshares Corporation,NYSE,TRUE,AUB,alpaca_source,Atlantic Union Bankshares Corporation,NYSE,active,True,True,True,True,40.165,1018976.9,0.05144
SBH,"Sally Beauty Holdings, Inc.",NYSE,TRUE,SBH,alpaca_source,"Sally Beauty Holdings, Inc.",NYSE,active,True,True,True,True,13.35,1449747.6,0.051181
HOMB,"Home BancShares, Inc.",NYSE,TRUE,HOMB,alpaca_source,"Home BancShares, Inc.",NYSE,active,True,True,True,True,28.155,1594230.65,0.050952
VLY,Valley National Bancorp Common Stock,NASDAQ,TRUE,VLY,alpaca_source,Valley National Bancorp Common Stock,NASDAQ,active,True,True,True,True,14.3,6496519.7,0.050936
ABNB,"Airbnb, Inc. Class A Common Stock",NASDAQ,TRUE,ABNB,alpaca_source,"Airbnb, Inc. Class A Common Stock",NASDAQ,active,True,True,True,True,139.43,3792115.8,0.050874
FLUT,Flutter Entertainment plc,NYSE,TRUE,FLUT,alpaca_source,Flutter Entertainment plc,NYSE,active,True,True,True,True,98.54,2968974.45,0.050421
NWBI,"Northwest Bancshares, Inc. Common Stock",NASDAQ,TRUE,NWBI,alpaca_source,"Northwest Bancshares, Inc. Common Stock",NASDAQ,active,True,True,True,True,14.8099,1120665.2,0.050348
MMM,3M Company,NYSE,TRUE,MMM,alpaca_source,3M Company,NYSE,active,True,True,True,True,161.75,3833708.65,0.05012
MFC,Manulife Financial Corp.,NYSE,TRUE,MFC,alpaca_source,Manulife Financial Corp.,NYSE,active,True,True,True,True,40.12,2350242.75,0.049566
TOST,"Toast, Inc.",NYSE,TRUE,TOST,alpaca_source,"Toast, Inc.",NYSE,active,True,True,True,True,24.475,10440229.05,0.049528
MRP,"Millrose Properties, Inc.",NYSE,TRUE,MRP,alpaca_source,"Millrose Properties, Inc.",NYSE,active,True,True,True,True,29.03,1817376.35,0.049151
COLB,"Columbia Banking System, Inc. Common Stock",NASDAQ,TRUE,COLB,alpaca_source,"Columbia Banking System, Inc. Common Stock",NASDAQ,active,True,True,True,True,31.15,2988070.15,0.049011
HWM,Howmet Aerospace Inc.,NYSE,TRUE,HWM,alpaca_source,Howmet Aerospace Inc.,NYSE,active,True,True,True,True,274.7246,2669452.95,0.049008
HLMN,Hillman Solutions Corp. Common Stock,NASDAQ,TRUE,HLMN,alpaca_source,Hillman Solutions Corp. Common Stock,NASDAQ,active,True,True,True,True,7.815,1861071.0,0.048993
ALGN,"Align Technology, Inc. Common Stock",NASDAQ,TRUE,ALGN,alpaca_source,"Align Technology, Inc. Common Stock",NASDAQ,active,True,True,True,True,171.54,1025019.75,0.048854
ITW,Illinois Tool Works Inc.,NYSE,TRUE,ITW,alpaca_source,Illinois Tool Works Inc.,NYSE,active,True,True,True,True,262.615,1407086.3,0.04874
CMI,Cummins Inc.,NYSE,TRUE,CMI,alpaca_source,Cummins Inc.,NYSE,active,True,True,True,True,701.08,1044627.25,0.048344
APTV,Aptiv PLC,NYSE,TRUE,APTV,alpaca_source,Aptiv PLC,NYSE,active,True,True,True,True,61.6,4067608.25,0.048332
CERT,"Certara, Inc. Common Stock",NASDAQ,TRUE,CERT,alpaca_source,"Certara, Inc. Common Stock",NASDAQ,active,True,True,True,True,5.46,4267402.7,0.047985
FHB,"First Hawaiian, Inc. Common Stock",NASDAQ,TRUE,FHB,alpaca_source,"First Hawaiian, Inc. Common Stock",NASDAQ,active,True,True,True,True,28.72,1375945.8,0.047793
MIR,"Mirion Technologies, Inc.",NYSE,TRUE,MIR,alpaca_source,"Mirion Technologies, Inc.",NYSE,active,True,True,True,True,18.86,4138860.05,0.047778
CRSP,CRISPR Therapeutics AG Common Shares,NASDAQ,TRUE,CRSP,alpaca_source,CRISPR Therapeutics AG Common Shares,NASDAQ,active,True,True,True,True,54.05,1660136.3,0.047684
MTUM,iShares MSCI USA Momentum Factor ETF,BATS,TRUE,MTUM,alpaca_source,iShares MSCI USA Momentum Factor ETF,BATS,active,True,True,True,True,328.56,1705134.85,0.047359
KN,KNOWLES CORPORATION,NYSE,TRUE,KN,alpaca_source,KNOWLES CORPORATION,NYSE,active,True,True,True,True,40.05,1050755.95,0.047333
GIS,"General Mills, Inc.",NYSE,TRUE,GIS,alpaca_source,"General Mills, Inc.",NYSE,active,True,True,True,True,34.725,10222733.2,0.047195
FLEX,Flex Ltd. Ordinary Shares,NASDAQ,TRUE,FLEX,alpaca_source,Flex Ltd. Ordinary Shares,NASDAQ,active,True,True,True,True,149.98,9485362.5,0.047054
CCEP,Coca-Cola Europacific Partners plc Ordinary Shares,NASDAQ,TRUE,CCEP,alpaca_source,Coca-Cola Europacific Partners plc Ordinary Shares,NASDAQ,active,True,True,True,True,97.802,2006794.9,0.047019
MITK,"Mitek Systems, Inc. Common Stock",NASDAQ,TRUE,MITK,alpaca_source,"Mitek Systems, Inc. Common Stock",NASDAQ,active,True,True,True,True,17.46,1022971.75,0.046763
OUST,"Ouster, Inc. Common Stock",NASDAQ,TRUE,OUST,alpaca_source,"Ouster, Inc. Common Stock",NASDAQ,active,True,True,True,True,44.675,4868119.5,0.046253
PCVX,"Vaxcyte, Inc. Common Stock",NASDAQ,TRUE,PCVX,alpaca_source,"Vaxcyte, Inc. Common Stock",NASDAQ,active,True,True,True,True,52.415,1389486.65,0.045999
DLO,DLocal Limited Class A Common Shares,NASDAQ,TRUE,DLO,alpaca_source,DLocal Limited Class A Common Shares,NASDAQ,active,True,True,True,True,12.065,2156672.25,0.045856
SVIX,-1x Short VIX Futures ETF,BATS,TRUE,SVIX,alpaca_source,-1x Short VIX Futures ETF,BATS,active,True,True,False,True,22.13,2914899.45,0.045841
INDV,"Indivior Pharmaceuticals, Inc. Common Stock",NASDAQ,TRUE,INDV,alpaca_source,"Indivior Pharmaceuticals, Inc. Common Stock",NASDAQ,active,True,True,True,True,39.54,1719048.5,0.045755
NTRS,Northern Trust Corporation Common Stock,NASDAQ,TRUE,NTRS,alpaca_source,Northern Trust Corporation Common Stock,NASDAQ,active,True,True,True,True,176.8,1208796.4,0.045199
SFNC,Simmons First National Corporation Class A Common Stock,NASDAQ,TRUE,SFNC,alpaca_source,Simmons First National Corporation Class A Common Stock,NASDAQ,active,True,True,True,True,22.38,1402348.7,0.045135
WH,"Wyndham Hotels & Resorts, Inc. Common Stock",NYSE,TRUE,WH,alpaca_source,"Wyndham Hotels & Resorts, Inc. Common Stock",NYSE,active,True,True,True,True,83.885,1361756.6,0.045128
GRRR,Gorilla Technology Group Inc. Ordinary shares,NASDAQ,TRUE,GRRR,alpaca_source,Gorilla Technology Group Inc. Ordinary shares,NASDAQ,active,True,True,False,True,17.2,2151390.7,0.044958
JBLU,JetBlue Airways Corporation Common Stock,NASDAQ,TRUE,JBLU,alpaca_source,JetBlue Airways Corporation Common Stock,NASDAQ,active,True,True,True,True,5.5152,26651024.75,0.044545
MUFG,"Mitsubishi UFJ Financial Group, Inc.",NYSE,TRUE,MUFG,alpaca_source,"Mitsubishi UFJ Financial Group, Inc.",NYSE,active,True,True,True,True,20.19,3245645.85,0.04449
ONB,Old National Bancorp Common Stock,NASDAQ,TRUE,ONB,alpaca_source,Old National Bancorp Common Stock,NASDAQ,active,True,True,True,True,25.18,3399714.3,0.044239
RNW,ReNew Energy Global plc Class A Ordinary Shares,NASDAQ,TRUE,RNW,alpaca_source,ReNew Energy Global plc Class A Ordinary Shares,NASDAQ,active,True,True,True,True,6.265,1629206.9,0.044167
BNY,Bank of New York Mellon Corporation,NYSE,TRUE,BNY,alpaca_source,Bank of New York Mellon Corporation,NYSE,active,True,True,True,True,147.255,3656913.3,0.043992
KIE,State Street SPDR S&P Insurance ETF,ARCA,TRUE,KIE,alpaca_source,State Street SPDR S&P Insurance ETF,ARCA,active,True,True,False,True,59.505,1206820.85,0.043423
AER,Aercap Holdings N.V.,NYSE,TRUE,AER,alpaca_source,Aercap Holdings N.V.,NYSE,active,True,True,True,True,146.255,1288897.6,0.043263
CPRI,Capri Holdings Limited,NYSE,TRUE,CPRI,alpaca_source,Capri Holdings Limited,NYSE,active,True,True,True,True,19.3,3982329.0,0.043243
KVUE,Kenvue Inc.,NYSE,TRUE,KVUE,alpaca_source,Kenvue Inc.,NYSE,active,True,True,True,True,18.245,19949098.5,0.043168
LPLA,LPL Financial Holdings Inc. Common Stock,NASDAQ,TRUE,LPLA,alpaca_source,LPL Financial Holdings Inc. Common Stock,NASDAQ,active,True,True,True,True,294.6,1036390.75,0.043127
AROC,Archrock Inc,NYSE,TRUE,AROC,alpaca_source,Archrock Inc,NYSE,active,True,True,True,True,39.05,1717354.7,0.043002
OZK,Bank OZK Common Stock,NASDAQ,TRUE,OZK,alpaca_source,Bank OZK Common Stock,NASDAQ,active,True,True,True,True,50.47,1038885.25,0.042984
SDS,ProShares UltraShort S&P500,ARCA,TRUE,SDS,alpaca_source,ProShares UltraShort S&P500,ARCA,active,True,True,False,True,59.38,3777558.35,0.042669
RF,Regions Financial Corp.,NYSE,TRUE,RF,alpaca_source,Regions Financial Corp.,NYSE,active,True,True,True,True,29.175,11307549.25,0.042611
DHC,Diversified Healthcare Trust Common Shares of Beneficial Interest,NASDAQ,TRUE,DHC,alpaca_source,Diversified Healthcare Trust Common Shares of Beneficial Interest,NASDAQ,active,True,True,True,True,9.195,2060815.95,0.042517
DRI,"Darden Restaurants, Inc.",NYSE,TRUE,DRI,alpaca_source,"Darden Restaurants, Inc.",NYSE,active,True,True,True,True,212.46,1148858.85,0.042339
XLF,State Street Financial Select Sector SPDR ETF,ARCA,TRUE,XLF,alpaca_source,State Street Financial Select Sector SPDR ETF,ARCA,active,True,True,True,True,53.855,38660099.85,0.042308
SHW,The Sherwin-Williams Company,NYSE,TRUE,SHW,alpaca_source,The Sherwin-Williams Company,NYSE,active,True,True,True,True,324.3,2395755.55,0.041928
KBE,State Street SPDR S&P Bank ETF,ARCA,TRUE,KBE,alpaca_source,State Street SPDR S&P Bank ETF,ARCA,active,True,True,False,True,66.575,1836974.15,0.041914
CRMD,CorMedix Inc. Common Stock,NASDAQ,TRUE,CRMD,alpaca_source,CorMedix Inc. Common Stock,NASDAQ,active,True,True,True,True,8.615,1279043.2,0.041717
SOXQ,Invesco Exchange-Traded Fund Trust II Invesco PHLX Semiconductor ETF,NASDAQ,TRUE,SOXQ,alpaca_source,Invesco Exchange-Traded Fund Trust II Invesco PHLX Semiconductor ETF,NASDAQ,active,True,True,True,True,105.4624,3457090.3,0.041493
SRPT,"Sarepta Therapeutics, Inc. Common Stock (DE)",NASDAQ,TRUE,SRPT,alpaca_source,"Sarepta Therapeutics, Inc. Common Stock (DE)",NASDAQ,active,True,True,True,True,17.36,2933691.0,0.041392
CROX,"Crocs, Inc. Common Stock",NASDAQ,TRUE,CROX,alpaca_source,"Crocs, Inc. Common Stock",NASDAQ,active,True,True,True,True,120.8325,1260257.7,0.04139
YETI,"YETI Holdings, Inc. Common Stock",NYSE,TRUE,YETI,alpaca_source,"YETI Holdings, Inc. Common Stock",NYSE,active,True,True,True,True,47.945,1459391.45,0.041377
KRE,State Street SPDR S&P Regional Banking ETF,ARCA,TRUE,KRE,alpaca_source,State Street SPDR S&P Regional Banking ETF,ARCA,active,True,True,False,True,72.78,15946842.25,0.041332
WBS,Webster Financial Corporation Waterbury,NYSE,TRUE,WBS,alpaca_source,Webster Financial Corporation Waterbury,NYSE,active,True,True,True,True,75.755,3607462.75,0.041306
TMO,"Thermo Fisher Scientific, Inc.",NYSE,TRUE,TMO,alpaca_source,"Thermo Fisher Scientific, Inc.",NYSE,active,True,True,True,True,466.1425,2320249.7,0.041121
AEO,American Eagle Outfitters,NYSE,TRUE,AEO,alpaca_source,American Eagle Outfitters,NYSE,active,True,True,True,True,17.83,6357847.85,0.040864
KDP,Keurig Dr Pepper Inc. Common Stock,NASDAQ,TRUE,KDP,alpaca_source,Keurig Dr Pepper Inc. Common Stock,NASDAQ,active,True,True,True,True,30.755,13486352.7,0.040778
KLAR,Klarna Group plc,NYSE,TRUE,KLAR,alpaca_source,Klarna Group plc,NYSE,active,True,True,True,True,17.67,5229613.4,0.040636
ABT,Abbott Laboratories,NYSE,TRUE,ABT,alpaca_source,Abbott Laboratories,NYSE,active,True,True,True,True,90.19,13748540.7,0.040614
IBM,International Business Machines Corporation,NYSE,TRUE,IBM,alpaca_source,International Business Machines Corporation,NYSE,active,True,True,True,True,260.85,11757573.7,0.040528
MDB,"MongoDB, Inc. Class A Common Stock",NASDAQ,TRUE,MDB,alpaca_source,"MongoDB, Inc. Class A Common Stock",NASDAQ,active,True,True,True,True,319.795,2905779.95,0.040491
EBC,"Eastern Bankshares, Inc. Common Stock",NASDAQ,TRUE,EBC,alpaca_source,"Eastern Bankshares, Inc. Common Stock",NASDAQ,active,True,True,True,True,20.87,4668455.65,0.040425
TRV,"The Travelers Companies, Inc.",NYSE,TRUE,TRV,alpaca_source,"The Travelers Companies, Inc.",NYSE,active,True,True,True,True,315.8299,1893730.65,0.040383
LILAK,Liberty Latin America Ltd. Class C Common Stock,NASDAQ,TRUE,LILAK,alpaca_source,Liberty Latin America Ltd. Class C Common Stock,NASDAQ,active,True,True,True,True,5.76,1818543.05,0.040334
SCHW,The Charles Schwab Corporation,NYSE,TRUE,SCHW,alpaca_source,The Charles Schwab Corporation,NYSE,active,True,True,True,True,93.005,12843787.9,0.040324
GLXY,Galaxy Digital Inc. Class A Common Stock,NASDAQ,TRUE,GLXY,alpaca_source,Galaxy Digital Inc. Class A Common Stock,NASDAQ,active,True,True,True,True,30.805,7440199.65,0.040007
BWA,BorgWarner Inc.,NYSE,TRUE,BWA,alpaca_source,BorgWarner Inc.,NYSE,active,True,True,True,True,70.81,3586085.5,0.039818
SYF,SYNCHRONY FINANCIAL,NYSE,TRUE,SYF,alpaca_source,SYNCHRONY FINANCIAL,NYSE,active,True,True,True,True,74.75,3598422.75,0.039638
NET,"Cloudflare, Inc. Class A common stock, par value $0.001 per share",NYSE,TRUE,NET,alpaca_source,"Cloudflare, Inc. Class A common stock, par value $0.001 per share",NYSE,active,True,True,True,True,226.07,4029460.25,0.039211
KRG,Kite Realty Group Trust,NYSE,TRUE,KRG,alpaca_source,Kite Realty Group Trust,NYSE,active,True,True,True,True,28.525,2064347.3,0.039162
WCN,"Waste Connections, Inc.",NYSE,TRUE,WCN,alpaca_source,"Waste Connections, Inc.",NYSE,active,True,True,True,True,159.69,1885561.75,0.039107
EXR,"Extra Space Storage, Inc.",NYSE,TRUE,EXR,alpaca_source,"Extra Space Storage, Inc.",NYSE,active,True,True,True,True,148.0,1162393.7,0.039026
NMRK,"Newmark Group, Inc. Class A Common Stock",NASDAQ,TRUE,NMRK,alpaca_source,"Newmark Group, Inc. Class A Common Stock",NASDAQ,active,True,True,True,True,15.065,1260886.15,0.038965
XYZ,"Block, Inc.",NYSE,TRUE,XYZ,alpaca_source,"Block, Inc.",NYSE,active,True,True,True,True,71.85,5923440.7,0.038745
FORM,"FormFactor, Inc. FormFactor, Inc. Common Stock",NASDAQ,TRUE,FORM,alpaca_source,"FormFactor, Inc. FormFactor, Inc. Common Stock",NASDAQ,active,True,True,True,True,141.76,1499036.9,0.038687
LLY,Eli Lilly & Co.,NYSE,TRUE,LLY,alpaca_source,Eli Lilly & Co.,NYSE,active,True,True,True,True,1105.9,3207002.15,0.038657
LYG,Lloyds Banking Group PLC,NYSE,TRUE,LYG,alpaca_source,Lloyds Banking Group PLC,NYSE,active,True,True,True,True,5.71,27553036.1,0.038182
TROW,"T. Rowe Price Group, Inc. Common Stock",NASDAQ,TRUE,TROW,alpaca_source,"T. Rowe Price Group, Inc. Common Stock",NASDAQ,active,True,True,True,True,106.495,2110017.05,0.038074
MAR,Marriott International Class A Common Stock,NASDAQ,TRUE,MAR,alpaca_source,Marriott International Class A Common Stock,NASDAQ,active,True,True,True,True,388.005,1560865.4,0.037974
RCAT,"Red Cat Holdings, Inc. Common Stock",NASDAQ,TRUE,RCAT,alpaca_source,"Red Cat Holdings, Inc. Common Stock",NASDAQ,active,True,True,True,True,10.14,18803510.55,0.037871
ZBH,"Zimmer Biomet Holdings, Inc.",NYSE,TRUE,ZBH,alpaca_source,"Zimmer Biomet Holdings, Inc.",NYSE,active,True,True,True,True,87.605,2183478.0,0.037851
GNTX,Gentex Corporation Common Stock,NASDAQ,TRUE,GNTX,alpaca_source,Gentex Corporation Common Stock,NASDAQ,active,True,True,True,True,24.835,2412246.3,0.037819
NBIX,"Neurocrine Biosciences, Inc. Common Stock",NASDAQ,TRUE,NBIX,alpaca_source,"Neurocrine Biosciences, Inc. Common Stock",NASDAQ,active,True,True,True,True,161.605,1171528.75,0.037726
DTE,DTE Energy Company,NYSE,TRUE,DTE,alpaca_source,DTE Energy Company,NYSE,active,True,True,True,True,148.89,1490209.6,0.037719
CZR,"Caesars Entertainment, Inc. Common Stock",NASDAQ,TRUE,CZR,alpaca_source,"Caesars Entertainment, Inc. Common Stock",NASDAQ,active,True,True,True,True,29.445,11449480.5,0.037526
ARMK,ARAMARK,NYSE,TRUE,ARMK,alpaca_source,ARAMARK,NYSE,active,True,True,True,True,54.23,2434520.6,0.037299
UAA,"Under Armour, Inc.",NYSE,TRUE,UAA,alpaca_source,"Under Armour, Inc.",NYSE,active,True,True,True,True,5.87,6769286.3,0.037102
FRPT,"Freshpet, Inc. Common Stock",NASDAQ,TRUE,FRPT,alpaca_source,"Freshpet, Inc. Common Stock",NASDAQ,active,True,True,True,True,52.89,1503871.8,0.037059
TJX,"TJX Companies, Inc. (The)",NYSE,TRUE,TJX,alpaca_source,"TJX Companies, Inc. (The)",NYSE,active,True,True,True,True,164.835,6060670.4,0.036894
IRM,Iron Mountain Inc.,NYSE,TRUE,IRM,alpaca_source,Iron Mountain Inc.,NYSE,active,True,True,True,True,132.22,1362960.5,0.036791
SQQQ,ProShares UltraPro Short QQQ,NASDAQ,TRUE,SQQQ,alpaca_source,ProShares UltraPro Short QQQ,NASDAQ,active,True,True,False,True,40.725,74529058.45,0.036787
OC,Owens Corning,NYSE,TRUE,OC,alpaca_source,Owens Corning,NYSE,active,True,True,True,True,124.455,1011872.65,0.036693
TEM,"Tempus AI, Inc. Class A Common Stock",NASDAQ,TRUE,TEM,alpaca_source,"Tempus AI, Inc. Class A Common Stock",NASDAQ,active,True,True,True,True,48.37,7304089.8,0.036648
RBLX,Roblox Corporation,NYSE,TRUE,RBLX,alpaca_source,Roblox Corporation,NYSE,active,True,True,True,True,47.68,11515825.6,0.036522
CYTK,"Cytokinetics, Incorporated Common Stock",NASDAQ,TRUE,CYTK,alpaca_source,"Cytokinetics, Incorporated Common Stock",NASDAQ,active,True,True,True,True,79.07,1976261.85,0.03644
STGW,Stagwell Inc. Class A Common Stock,NASDAQ,TRUE,STGW,alpaca_source,Stagwell Inc. Class A Common Stock,NASDAQ,active,True,True,True,True,6.85,1477607.55,0.036309
XRT,State Street SPDR S&P Retail ETF,ARCA,TRUE,XRT,alpaca_source,State Street SPDR S&P Retail ETF,ARCA,active,True,True,False,True,85.74,5526418.0,0.03574
UPS,"United Parcel Service, Inc. Class B",NYSE,TRUE,UPS,alpaca_source,"United Parcel Service, Inc. Class B",NYSE,active,True,True,True,True,105.6045,5789184.65,0.035643
ARTY,iShares Future AI & Tech ETF,ARCA,TRUE,ARTY,alpaca_source,iShares Future AI & Tech ETF,ARCA,active,True,True,True,True,74.21,1092894.7,0.035615
CMPS,COMPASS Pathways Plc American Depository Shares,NASDAQ,TRUE,CMPS,alpaca_source,COMPASS Pathways Plc American Depository Shares,NASDAQ,active,True,True,True,True,12.66,3453896.8,0.035583
HGV,Hilton Grand Vacations Inc. Common Stock,NYSE,TRUE,HGV,alpaca_source,Hilton Grand Vacations Inc. Common Stock,NYSE,active,True,True,True,True,51.56,1384521.4,0.035549
BIIB,Biogen Inc. Common Stock,NASDAQ,TRUE,BIIB,alpaca_source,Biogen Inc. Common Stock,NASDAQ,active,True,True,True,True,199.94,1020610.75,0.035529
RIVN,"Rivian Automotive, Inc. Class A Common Stock",NASDAQ,TRUE,RIVN,alpaca_source,"Rivian Automotive, Inc. Class A Common Stock",NASDAQ,active,True,True,True,True,14.9,31909127.2,0.035441
SGHC,Super Group (SGHC) Limited,NYSE,TRUE,SGHC,alpaca_source,Super Group (SGHC) Limited,NYSE,active,True,True,True,True,13.3975,3539868.7,0.035356
UL,Unilever plc,NYSE,TRUE,UL,alpaca_source,Unilever plc,NYSE,active,True,True,True,True,59.08,4235183.1,0.03522
MDT,Medtronic plc,NYSE,TRUE,MDT,alpaca_source,Medtronic plc,NYSE,active,True,True,True,True,80.33,12127653.6,0.03518
RYN,Rayonier Inc.,NYSE,TRUE,RYN,alpaca_source,Rayonier Inc.,NYSE,active,True,True,True,True,20.975,2628167.25,0.035167
DOC,"Healthpeak Properties, Inc.",NYSE,TRUE,DOC,alpaca_source,"Healthpeak Properties, Inc.",NYSE,active,True,True,True,True,20.6258,9701718.65,0.034847
BLDR,"Builders FirstSource, Inc.",NYSE,TRUE,BLDR,alpaca_source,"Builders FirstSource, Inc.",NYSE,active,True,True,True,True,76.93,2659502.7,0.033866
BKNG,Booking Holdings Inc. Common Stock,NASDAQ,TRUE,BKNG,alpaca_source,Booking Holdings Inc. Common Stock,NASDAQ,active,True,True,True,True,168.365,7780945.85,0.033608
BAX,Baxter International Inc.,NYSE,TRUE,BAX,alpaca_source,Baxter International Inc.,NYSE,active,True,True,True,True,20.02,6805311.85,0.033561
AMGN,Amgen Inc. Common Stock,NASDAQ,TRUE,AMGN,alpaca_source,Amgen Inc. Common Stock,NASDAQ,active,True,True,True,True,347.17,3023341.55,0.033429
URTY,ProShares UltraPro Russell2000,ARCA,TRUE,URTY,alpaca_source,ProShares UltraPro Russell2000,ARCA,active,True,True,False,True,83.01,1160585.75,0.033362
BWXT,"BWX Technologies, Inc.",NYSE,TRUE,BWXT,alpaca_source,"BWX Technologies, Inc.",NYSE,active,True,True,True,True,211.19,1031560.55,0.03332
DHR,Danaher Corporation,NYSE,TRUE,DHR,alpaca_source,Danaher Corporation,NYSE,active,True,True,True,True,178.49,4038144.7,0.032869
PAYX,"Paychex, Inc. Common Stock",NASDAQ,TRUE,PAYX,alpaca_source,"Paychex, Inc. Common Stock",NASDAQ,active,True,True,True,True,97.915,3359606.75,0.032859
TT,Trane Technologies plc,NYSE,TRUE,TT,alpaca_source,Trane Technologies plc,NYSE,active,True,True,True,True,475.4,1414010.7,0.032613
KIM,Kimco Realty Corp.,NYSE,TRUE,KIM,alpaca_source,Kimco Realty Corp.,NYSE,active,True,True,True,True,25.065,6038117.45,0.032575
EXEL,"Exelixis, Inc. Common Stock",NASDAQ,TRUE,EXEL,alpaca_source,"Exelixis, Inc. Common Stock",NASDAQ,active,True,True,True,True,51.6,2574581.65,0.032413
RTX,RTX Corporation,NYSE,TRUE,RTX,alpaca_source,RTX Corporation,NYSE,active,True,True,True,True,184.74,5710000.75,0.03224
RVTY,"Revvity, Inc.",NYSE,TRUE,RVTY,alpaca_source,"Revvity, Inc.",NYSE,active,True,True,True,True,99.95,1483060.9,0.032221
MARA,"MARA Holdings, Inc. Common Stock",NASDAQ,TRUE,MARA,alpaca_source,"MARA Holdings, Inc. Common Stock",NASDAQ,active,True,True,True,True,14.7399,39607605.45,0.032206
FERG,Ferguson Enterprises Inc.,NYSE,TRUE,FERG,alpaca_source,Ferguson Enterprises Inc.,NYSE,active,True,True,True,True,234.61,1426534.45,0.03216
TNA,Direxion Daily Small Cap Bull 3x ETF,ARCA,TRUE,TNA,alpaca_source,Direxion Daily Small Cap Bull 3x ETF,ARCA,active,True,True,False,True,71.09,7037015.05,0.031935
TMF,Direxion Daily 20+ Year Treasury Bull 3X ETF,ARCA,TRUE,TMF,alpaca_source,Direxion Daily 20+ Year Treasury Bull 3X ETF,ARCA,active,True,True,False,True,35.295,3065749.85,0.031716
TDAY,"USA TODAY Co., Inc.",NYSE,TRUE,TDAY,alpaca_source,"USA TODAY Co., Inc.",NYSE,active,True,True,True,True,7.975,1561716.15,0.031695
AMRZ,Amrize Ltd,NYSE,TRUE,AMRZ,alpaca_source,Amrize Ltd,NYSE,active,True,True,True,True,53.07,3602988.65,0.031487
COR,"Cencora, Inc.",NYSE,TRUE,COR,alpaca_source,"Cencora, Inc.",NYSE,active,True,True,True,True,279.285,1517793.05,0.031409
JNJ,Johnson & Johnson,NYSE,TRUE,JNJ,alpaca_source,Johnson & Johnson,NYSE,active,True,True,True,True,237.37,8186934.8,0.031236
OPCH,"Option Care Health, Inc. Common Stock",NASDAQ,TRUE,OPCH,alpaca_source,"Option Care Health, Inc. Common Stock",NASDAQ,active,True,True,True,True,22.015,2693807.6,0.031147
QID,ProShares UltraShort QQQ,ARCA,TRUE,QID,alpaca_source,ProShares UltraShort QQQ,ARCA,active,True,True,False,True,14.6,22673517.0,0.031073
CVBF,CVB Financial Corporation Common Stock,NASDAQ,TRUE,CVBF,alpaca_source,CVB Financial Corporation Common Stock,NASDAQ,active,True,True,True,True,21.395,1550863.15,0.030091
D,"Dominion Energy, Inc Common Stock",NYSE,TRUE,D,alpaca_source,"Dominion Energy, Inc Common Stock",NYSE,active,True,True,True,True,68.595,8259213.3,0.029754
VIA,"Via Transportation, Inc.",NYSE,TRUE,VIA,alpaca_source,"Via Transportation, Inc.",NYSE,active,True,True,True,True,14.86,1017980.25,0.029086
EWT,iShares MSCI Taiwan ETF,ARCA,TRUE,EWT,alpaca_source,iShares MSCI Taiwan ETF,ARCA,active,True,True,True,True,105.11,6771089.15,0.029078
J,Jacobs Solutions Inc.,NYSE,TRUE,J,alpaca_source,Jacobs Solutions Inc.,NYSE,active,True,True,True,True,119.205,1374059.25,0.02896
GRND,Grindr Inc.,NYSE,TRUE,GRND,alpaca_source,Grindr Inc.,NYSE,active,True,True,True,True,13.18,1758274.05,0.028884
FAST,Fastenal Company Common Stock,NASDAQ,TRUE,FAST,alpaca_source,Fastenal Company Common Stock,NASDAQ,active,True,True,True,True,45.73,6803654.55,0.028796
FRT,Federal Realty Investment Trust,NYSE,TRUE,FRT,alpaca_source,Federal Realty Investment Trust,NYSE,active,True,True,True,True,123.6099,1054486.75,0.028711
AAPD,Direxion Shares ETF Trust Direxion Daily AAPL Bear 1X ETF,NASDAQ,TRUE,AAPD,alpaca_source,Direxion Shares ETF Trust Direxion Daily AAPL Bear 1X ETF,NASDAQ,active,True,True,False,True,11.8189,8515868.25,0.028625
CAG,"Conagra Brands, Inc.",NYSE,TRUE,CAG,alpaca_source,"Conagra Brands, Inc.",NYSE,active,True,True,True,True,13.525,15422819.85,0.028517
EYE,"National Vision Holdings, Inc. Common Stock",NASDAQ,TRUE,EYE,alpaca_source,"National Vision Holdings, Inc. Common Stock",NASDAQ,active,True,True,True,True,17.08,2400688.9,0.028296
LYV,Live Nation Entertainment Inc.,NYSE,TRUE,LYV,alpaca_source,Live Nation Entertainment Inc.,NYSE,active,True,True,True,True,171.23,2524239.1,0.028285
SPMO,Invesco S&P 500 Momentum ETF,ARCA,TRUE,SPMO,alpaca_source,Invesco S&P 500 Momentum ETF,ARCA,active,True,True,True,True,153.8,2366943.5,0.028278
PAVE,Global X U.S. Infrastructure Development ETF,BATS,TRUE,PAVE,alpaca_source,Global X U.S. Infrastructure Development ETF,BATS,active,True,True,True,True,57.9001,1795280.65,0.028238
RBA,"RB Global, Inc.",NYSE,TRUE,RBA,alpaca_source,"RB Global, Inc.",NYSE,active,True,True,True,True,107.8,1054942.35,0.027841
WY,Weyerhaeuser Company,NYSE,TRUE,WY,alpaca_source,Weyerhaeuser Company,NYSE,active,True,True,True,True,24.275,5414955.8,0.02784
ANET,Arista Networks,NYSE,TRUE,ANET,alpaca_source,Arista Networks,NYSE,active,True,True,True,True,162.33,8316812.35,0.02734
PEG,Public Service Enterprise Group Incorporated,NYSE,TRUE,PEG,alpaca_source,Public Service Enterprise Group Incorporated,NYSE,active,True,True,True,True,81.55,2844240.15,0.027338
NLY,Annaly Capital Management. Inc.,NYSE,TRUE,NLY,alpaca_source,Annaly Capital Management. Inc.,NYSE,active,True,True,True,True,22.2,8625746.7,0.027302
CUBE,CubeSmart,NYSE,TRUE,CUBE,alpaca_source,CubeSmart,NYSE,active,True,True,True,True,41.05,2044951.9,0.027277
SEI,"Solaris Energy Infrastructure, Inc.",NYSE,TRUE,SEI,alpaca_source,"Solaris Energy Infrastructure, Inc.",NYSE,active,True,True,True,True,77.29,2220802.65,0.027269
SVXY,ProShares Short VIX Short-Term Futures ETF,BATS,TRUE,SVXY,alpaca_source,ProShares Short VIX Short-Term Futures ETF,BATS,active,True,True,False,True,55.06,1658729.05,0.027239
UA,"Under Armour, Inc. Class C Common Stock, $0.0003 1/3 par value",NYSE,TRUE,UA,alpaca_source,"Under Armour, Inc. Class C Common Stock, $0.0003 1/3 par value",NYSE,active,True,True,True,True,5.68,2768010.2,0.027125
BKD,"Brookdale Senior Living, Inc.",NYSE,TRUE,BKD,alpaca_source,"Brookdale Senior Living, Inc.",NYSE,active,True,True,True,True,13.845,4127376.75,0.027077
SMH,VanEck Semiconductor ETF,NASDAQ,TRUE,SMH,alpaca_source,VanEck Semiconductor ETF,NASDAQ,active,True,True,True,True,618.42,11438735.7,0.027037
PECO,"Phillips Edison & Company, Inc. Common Stock",NASDAQ,TRUE,PECO,alpaca_source,"Phillips Edison & Company, Inc. Common Stock",NASDAQ,active,True,True,True,True,41.78,1029385.2,0.026912
U,Unity Software Inc.,NYSE,TRUE,U,alpaca_source,Unity Software Inc.,NYSE,active,True,True,True,True,27.49,9304683.0,0.026896
LYFT,"Lyft, Inc. Class A Common Stock",NASDAQ,TRUE,LYFT,alpaca_source,"Lyft, Inc. Class A Common Stock",NASDAQ,active,True,True,True,True,13.945,13382042.65,0.026878
NTNX,"Nutanix, Inc. Class A Common Stock",NASDAQ,TRUE,NTNX,alpaca_source,"Nutanix, Inc. Class A Common Stock",NASDAQ,active,True,True,True,True,47.8,4446435.9,0.026853
AMD,"Advanced Micro Devices, Inc. Common Stock",NASDAQ,TRUE,AMD,alpaca_source,"Advanced Micro Devices, Inc. Common Stock",NASDAQ,active,True,True,True,True,517.38,31000674.45,0.026772
XLV,State Street Health Care Select Sector SPDR ETF,ARCA,TRUE,XLV,alpaca_source,State Street Health Care Select Sector SPDR ETF,ARCA,active,True,True,True,True,151.78,11138076.25,0.026526
EWS,iShares MSCI Singapore ETF,ARCA,TRUE,EWS,alpaca_source,iShares MSCI Singapore ETF,ARCA,active,True,True,True,True,29.655,1155039.55,0.026501
ASPI,ASP Isotopes Inc. Common Stock,NASDAQ,TRUE,ASPI,alpaca_source,ASP Isotopes Inc. Common Stock,NASDAQ,active,True,True,True,True,7.1133,6241094.8,0.02645
RDVY,First Trust Rising Dividend Achievers ETF,NASDAQ,TRUE,RDVY,alpaca_source,First Trust Rising Dividend Achievers ETF,NASDAQ,active,True,True,True,True,78.43,1146650.6,0.026436
EXC,Exelon Corporation Common Stock,NASDAQ,TRUE,EXC,alpaca_source,Exelon Corporation Common Stock,NASDAQ,active,True,True,True,True,46.8,8509282.45,0.02629
FHN,First Horizon Corporation,NYSE,TRUE,FHN,alpaca_source,First Horizon Corporation,NYSE,active,True,True,True,True,24.86,4571738.7,0.026252
UUP,Invesco DB US Dollar Index Bullish Fund,ARCA,TRUE,UUP,alpaca_source,Invesco DB US Dollar Index Bullish Fund,ARCA,active,True,True,True,True,28.475,2361525.1,0.026126
AME,"Ametek, Inc.",NYSE,TRUE,AME,alpaca_source,"Ametek, Inc.",NYSE,active,True,True,True,True,235.04,1278967.95,0.025943
AMH,AMERICAN HOMES 4 RENT,NYSE,TRUE,AMH,alpaca_source,AMERICAN HOMES 4 RENT,NYSE,active,True,True,True,True,32.54,2622887.25,0.025774
EUFN,iShares MSCI Europe Financials ETF,NASDAQ,TRUE,EUFN,alpaca_source,iShares MSCI Europe Financials ETF,NASDAQ,active,True,True,False,True,38.715,1122485.05,0.025513
DIA,State Street SPDR Dow Jones Industrial Average ETF Trust,ARCA,TRUE,DIA,alpaca_source,State Street SPDR Dow Jones Industrial Average ETF Trust,ARCA,active,True,True,True,True,516.62,5432429.35,0.025294
SHOP,Shopify Inc. Class A subordinate voting shares,NASDAQ,TRUE,SHOP,alpaca_source,Shopify Inc. Class A subordinate voting shares,NASDAQ,active,True,True,True,True,107.54,8588511.1,0.025167
FAF,First American Financial Corporation,NYSE,TRUE,FAF,alpaca_source,First American Financial Corporation,NYSE,active,True,True,True,True,69.29,1073324.35,0.025141
RJF,"Raymond James Financial, Inc.",NYSE,TRUE,RJF,alpaca_source,"Raymond James Financial, Inc.",NYSE,active,True,True,True,True,155.94,1506054.95,0.025044
XLI,State Street Industrial Select Sector SPDR ETF,ARCA,TRUE,XLI,alpaca_source,State Street Industrial Select Sector SPDR ETF,ARCA,active,True,True,True,True,178.18,8201161.35,0.024775
LION,Lionsgate Studios Corp.,NYSE,TRUE,LION,alpaca_source,Lionsgate Studios Corp.,NYSE,active,True,True,True,True,15.09,3666479.25,0.02444
VRDN,"Viridian Therapeutics, Inc. Common Stock",NASDAQ,TRUE,VRDN,alpaca_source,"Viridian Therapeutics, Inc. Common Stock",NASDAQ,active,True,True,True,True,17.415,1623237.45,0.024412
BURL,"BURLINGTON STORES, INC.",NYSE,TRUE,BURL,alpaca_source,"BURLINGTON STORES, INC.",NYSE,active,True,True,True,True,334.54,1000784.25,0.024405
IJR,iShares Core S&P Small-Cap ETF,ARCA,TRUE,IJR,alpaca_source,iShares Core S&P Small-Cap ETF,ARCA,active,True,True,True,True,142.55,4310361.35,0.024292
SCHA,Schwab U.S Small- Cap ETF,ARCA,TRUE,SCHA,alpaca_source,Schwab U.S Small- Cap ETF,ARCA,active,True,True,True,True,34.795,1948103.65,0.024286
IYH,iShares U.S. Healthcare ETF,ARCA,TRUE,IYH,alpaca_source,iShares U.S. Healthcare ETF,ARCA,active,True,True,True,True,63.855,1100651.05,0.024269
SPSM,State Street SPDR Portfolio S&P 600 Small Cap ETF,ARCA,TRUE,SPSM,alpaca_source,State Street SPDR Portfolio S&P 600 Small Cap ETF,ARCA,active,True,True,True,True,55.425,1772835.15,0.024216
MAA,"Mid-America Apartment Communities, Inc.",NYSE,TRUE,MAA,alpaca_source,"Mid-America Apartment Communities, Inc.",NYSE,active,True,True,True,True,133.685,1045901.95,0.024092
POR,Portland General Electric Company,NYSE,TRUE,POR,alpaca_source,Portland General Electric Company,NYSE,active,True,True,True,True,51.04,1225727.7,0.024077
SCHV,Schwab U.S. Large-Cap Value ETF,ARCA,TRUE,SCHV,alpaca_source,Schwab U.S. Large-Cap Value ETF,ARCA,active,True,True,True,True,34.4077,3955484.85,0.024039
EIX,Edison International,NYSE,TRUE,EIX,alpaca_source,Edison International,NYSE,active,True,True,True,True,72.95,2444842.15,0.024003
SNDR,"Schneider National, Inc.",NYSE,TRUE,SNDR,alpaca_source,"Schneider National, Inc.",NYSE,active,True,True,True,True,35.375,1040915.8,0.023905
PCG,PG&E Corporation,NYSE,TRUE,PCG,alpaca_source,PG&E Corporation,NYSE,active,True,True,True,True,16.81,17717499.5,0.023751
VTV,Vanguard Value ETF,ARCA,TRUE,VTV,alpaca_source,Vanguard Value ETF,ARCA,active,True,True,True,True,217.15,2843710.25,0.023665
ROP,"Roper Technologies, Inc. Common Stock",NASDAQ,TRUE,ROP,alpaca_source,"Roper Technologies, Inc. Common Stock",NASDAQ,active,True,True,True,True,327.855,1183538.75,0.023587
CB,Chubb Limited,NYSE,TRUE,CB,alpaca_source,Chubb Limited,NYSE,active,True,True,True,True,332.065,1767719.8,0.023509
CPT,Camden Property Trust,NYSE,TRUE,CPT,alpaca_source,Camden Property Trust,NYSE,active,True,True,True,True,110.255,1305216.7,0.023343
CSCO,"Cisco Systems, Inc. Common Stock (DE)",NASDAQ,TRUE,CSCO,alpaca_source,"Cisco Systems, Inc. Common Stock (DE)",NASDAQ,active,True,True,True,True,121.08,24897131.05,0.02324
NNN,"NNN REIT, Inc.",NYSE,TRUE,NNN,alpaca_source,"NNN REIT, Inc.",NYSE,active,True,True,True,True,46.1,1803844.85,0.02308
SH,ProShares Short S&P500,ARCA,TRUE,SH,alpaca_source,ProShares Short S&P500,ARCA,active,True,True,False,True,33.874,10498028.1,0.023075
ELV,"Elevance Health, Inc.",NYSE,TRUE,ELV,alpaca_source,"Elevance Health, Inc.",NYSE,active,True,True,True,True,395.16,1694096.6,0.022993
NOBL,ProShares S&P 500 Dividend Aristocrats ETF,BATS,TRUE,NOBL,alpaca_source,ProShares S&P 500 Dividend Aristocrats ETF,BATS,active,True,True,True,True,55.085,1091710.6,0.022744
MBC,"MasterBrand, Inc.",NYSE,TRUE,MBC,alpaca_source,"MasterBrand, Inc.",NYSE,active,True,True,True,True,8.445,4479660.0,0.022397
SON,Sonoco Products Company,NYSE,TRUE,SON,alpaca_source,Sonoco Products Company,NYSE,active,True,True,True,True,50.82,1288418.85,0.02233
BNL,"Broadstone Net Lease, Inc.",NYSE,TRUE,BNL,alpaca_source,"Broadstone Net Lease, Inc.",NYSE,active,True,True,True,True,21.08,1653023.3,0.022308
AFRM,"Affirm Holdings, Inc. Class A Common Stock",NASDAQ,TRUE,AFRM,alpaca_source,"Affirm Holdings, Inc. Class A Common Stock",NASDAQ,active,True,True,True,True,70.8,4709282.05,0.022088
ASAN,"Asana, Inc. Class A Common Stock",NYSE,TRUE,ASAN,alpaca_source,"Asana, Inc. Class A Common Stock",NYSE,active,True,True,True,True,6.725,6914923.55,0.022036
MTG,MGIC Investment Corp.,NYSE,TRUE,MTG,alpaca_source,MGIC Investment Corp.,NYSE,active,True,True,True,True,26.59,1847721.45,0.021906
WRB,W.R. Berkley Corporation,NYSE,TRUE,WRB,alpaca_source,W.R. Berkley Corporation,NYSE,active,True,True,True,True,68.8,2395935.25,0.021833
CBRE,"CBRE GROUP, INC.",NYSE,TRUE,CBRE,alpaca_source,"CBRE GROUP, INC.",NYSE,active,True,True,True,True,132.56,2673891.15,0.021578
PINS,"Pinterest, Inc. Class A Common Stock",NYSE,TRUE,PINS,alpaca_source,"Pinterest, Inc. Class A Common Stock",NYSE,active,True,True,True,True,19.745,22511703.85,0.021469
VNT,Vontier Corporation,NYSE,TRUE,VNT,alpaca_source,Vontier Corporation,NYSE,active,True,True,True,True,30.12,1880674.15,0.021222
EMR,Emerson Electric Co.,NYSE,TRUE,EMR,alpaca_source,Emerson Electric Co.,NYSE,active,True,True,True,True,143.96,2602420.9,0.02121
MPLX,MPLX LP,NYSE,TRUE,MPLX,alpaca_source,MPLX LP,NYSE,active,True,True,True,True,57.665,1593253.85,0.021162
UPST,"Upstart Holdings, Inc. Common stock",NASDAQ,TRUE,UPST,alpaca_source,"Upstart Holdings, Inc. Common stock",NASDAQ,active,True,True,True,True,31.26,4742684.3,0.020901
VRSK,"Verisk Analytics, Inc. Common Stock",NASDAQ,TRUE,VRSK,alpaca_source,"Verisk Analytics, Inc. Common Stock",NASDAQ,active,True,True,True,True,174.68,3015213.35,0.020785
QTUM,Defiance Quantum ETF,NASDAQ,TRUE,QTUM,alpaca_source,Defiance Quantum ETF,NASDAQ,active,True,True,True,True,161.91,1023607.45,0.020741
ES,Eversource Energy,NYSE,TRUE,ES,alpaca_source,Eversource Energy,NYSE,active,True,True,True,True,71.125,3049948.65,0.020445
AWK,"American Water Works Company, Inc",NYSE,TRUE,AWK,alpaca_source,"American Water Works Company, Inc",NYSE,active,True,True,True,True,126.38,2343710.85,0.020428
THC,Tenet Healthcare Corporation New,NYSE,TRUE,THC,alpaca_source,Tenet Healthcare Corporation New,NYSE,active,True,True,True,True,179.98,1438874.5,0.02041
RXO,"RXO, Inc.",NYSE,TRUE,RXO,alpaca_source,"RXO, Inc.",NYSE,active,True,True,True,True,25.51,2034813.05,0.0204
HSBC,HSBC Holdings PLC,NYSE,TRUE,HSBC,alpaca_source,HSBC Holdings PLC,NYSE,active,True,True,True,True,95.6476,1798478.0,0.02035
BB,BlackBerry Limited,NYSE,TRUE,BB,alpaca_source,BlackBerry Limited,NYSE,active,True,True,True,True,8.59,43339608.7,0.02019
PSQ,ProShares Short QQQ,ARCA,TRUE,PSQ,alpaca_source,ProShares Short QQQ,ARCA,active,True,True,True,True,26.075,8920037.95,0.020149
BJ,"BJs Wholesale Club Holdings, Inc. Common Stock",NYSE,TRUE,BJ,alpaca_source,"BJs Wholesale Club Holdings, Inc. Common Stock",NYSE,active,True,True,True,True,86.61,2427664.7,0.020021
PHR,"Phreesia, Inc.",NYSE,TRUE,PHR,alpaca_source,"Phreesia, Inc.",NYSE,active,True,True,True,True,9.125,1601290.0,0.019553
KNX,Knight-Swift Transportation Holdings Inc. Class A Common Stock,NYSE,TRUE,KNX,alpaca_source,Knight-Swift Transportation Holdings Inc. Class A Common Stock,NYSE,active,True,True,True,True,74.15,4661912.3,0.019323
CHRW,"C.H. Robinson Worldwide, Inc. Common Stock",NASDAQ,TRUE,CHRW,alpaca_source,"C.H. Robinson Worldwide, Inc. Common Stock",NASDAQ,active,True,True,True,True,180.72,1285094.0,0.019273
AVT,"Avnet, Inc. Common Stock",NASDAQ,TRUE,AVT,alpaca_source,"Avnet, Inc. Common Stock",NASDAQ,active,True,True,True,True,90.43,1532889.05,0.018535
BRX,BRIXMOR PROPERTY GROUP INC.,NYSE,TRUE,BRX,alpaca_source,BRIXMOR PROPERTY GROUP INC.,NYSE,active,True,True,True,True,31.725,2534071.0,0.018459
WM,"Waste Management, Inc.",NYSE,TRUE,WM,alpaca_source,"Waste Management, Inc.",NYSE,active,True,True,True,True,218.51,2272772.4,0.018456
ARWR,"Arrowhead Pharmaceuticals, Inc. Common Stock",NASDAQ,TRUE,ARWR,alpaca_source,"Arrowhead Pharmaceuticals, Inc. Common Stock",NASDAQ,active,True,True,True,True,80.13,1571363.5,0.018429
DNA,"Ginkgo Bioworks Holdings, Inc.",NYSE,TRUE,DNA,alpaca_source,"Ginkgo Bioworks Holdings, Inc.",NYSE,active,True,True,True,True,8.85,1274401.2,0.018412
QDEL,QuidelOrtho Corporation Common Stock,NASDAQ,TRUE,QDEL,alpaca_source,QuidelOrtho Corporation Common Stock,NASDAQ,active,True,True,True,True,12.21,1614148.1,0.018349
CL,Colgate-Palmolive Company,NYSE,TRUE,CL,alpaca_source,Colgate-Palmolive Company,NYSE,active,True,True,True,True,91.48,5547581.05,0.018141
CLSK,"CleanSpark, Inc. Common Stock",NASDAQ,TRUE,CLSK,alpaca_source,"CleanSpark, Inc. Common Stock",NASDAQ,active,True,True,True,True,17.44,22883020.9,0.018097
ACHC,"Acadia Healthcare Company, Inc. Common Stock",NASDAQ,TRUE,ACHC,alpaca_source,"Acadia Healthcare Company, Inc. Common Stock",NASDAQ,active,True,True,True,True,23.91,2396850.7,0.01788
DKS,"Dick's Sporting Goods, Inc.",NYSE,TRUE,DKS,alpaca_source,"Dick's Sporting Goods, Inc.",NYSE,active,True,True,True,True,235.97,1379784.6,0.017863
ZIM,ZIM Integrated Shipping Services Ltd.,NYSE,TRUE,ZIM,alpaca_source,ZIM Integrated Shipping Services Ltd.,NYSE,active,True,True,True,True,25.7,1156721.6,0.017822
GXO,"GXO Logistics, Inc.",NYSE,TRUE,GXO,alpaca_source,"GXO Logistics, Inc.",NYSE,active,True,True,True,True,48.78,1232049.6,0.017734
AEP,"American Electric Power Company, Inc. Common Stock",NASDAQ,TRUE,AEP,alpaca_source,"American Electric Power Company, Inc. Common Stock",NASDAQ,active,True,True,True,True,133.2,5146342.9,0.017571
IWM,iShares Russell 2000 ETF,ARCA,TRUE,IWM,alpaca_source,iShares Russell 2000 ETF,ARCA,active,True,True,True,True,294.88,28838965.85,0.017456
REZI,"Resideo Technologies, Inc. Common Stock",NYSE,TRUE,REZI,alpaca_source,"Resideo Technologies, Inc. Common Stock",NYSE,active,True,True,True,True,30.44,1176936.35,0.01738
VTWO,Vanguard Scottsdale Funds Vanguard Russell 2000 ETF,NASDAQ,TRUE,VTWO,alpaca_source,Vanguard Scottsdale Funds Vanguard Russell 2000 ETF,NASDAQ,active,True,True,True,True,119.1001,2104287.75,0.017263
ASX,"ASE Technology Holding Co., Ltd.",NYSE,TRUE,ASX,alpaca_source,"ASE Technology Holding Co., Ltd.",NYSE,active,True,True,True,True,39.62,11964562.75,0.017201
DNOW,DNOW Inc.,NYSE,TRUE,DNOW,alpaca_source,DNOW Inc.,NYSE,active,True,True,True,True,13.395,3199693.2,0.017084
LEVI,Levi Strauss & Co. Class A Common Stock,NYSE,TRUE,LEVI,alpaca_source,Levi Strauss & Co. Class A Common Stock,NYSE,active,True,True,True,True,23.42,2200464.15,0.016493
BBIO,"BridgeBio Pharma, Inc. Common Stock",NASDAQ,TRUE,BBIO,alpaca_source,"BridgeBio Pharma, Inc. Common Stock",NASDAQ,active,True,True,True,True,68.84,2779837.5,0.016388
PRMB,Primo Brands Corporation,NYSE,TRUE,PRMB,alpaca_source,Primo Brands Corporation,NYSE,active,True,True,True,True,24.24,3457373.25,0.016306
FE,FirstEnergy Corp.,NYSE,TRUE,FE,alpaca_source,FirstEnergy Corp.,NYSE,active,True,True,True,True,47.4,4833004.9,0.016295
ORI,Old Republic International Corporation,NYSE,TRUE,ORI,alpaca_source,Old Republic International Corporation,NYSE,active,True,True,True,True,39.71,1602932.35,0.01622
PVAL,Putnam Focused Large Cap Value ETF,ARCA,TRUE,PVAL,alpaca_source,Putnam Focused Large Cap Value ETF,ARCA,active,True,True,True,True,51.275,1623365.4,0.016151
STM,STMicroelectronics N.V.,NYSE,TRUE,STM,alpaca_source,STMicroelectronics N.V.,NYSE,active,True,True,True,True,71.83,14139996.0,0.016127
WEC,"WEC Energy Group, Inc.",NYSE,TRUE,WEC,alpaca_source,"WEC Energy Group, Inc.",NYSE,active,True,True,True,True,114.8,2281408.15,0.016019
FLIN,Franklin FTSE India ETF,ARCA,TRUE,FLIN,alpaca_source,Franklin FTSE India ETF,ARCA,active,True,True,True,True,35.345,1190920.85,0.015953
ASPN,"Aspen Aerogels, Inc.",NYSE,TRUE,ASPN,alpaca_source,"Aspen Aerogels, Inc.",NYSE,active,True,True,True,True,6.065,1450207.3,0.015913
SPHQ,Invesco S&P 500 Quality ETF,ARCA,TRUE,SPHQ,alpaca_source,Invesco S&P 500 Quality ETF,ARCA,active,True,True,True,True,86.78,1823996.95,0.015867
SF,Stifel Financial Corp.,NYSE,TRUE,SF,alpaca_source,Stifel Financial Corp.,NYSE,active,True,True,True,True,73.41,1323412.15,0.015802
SPDN,Direxion Daily S&P 500 Bear 1X ETF,ARCA,TRUE,SPDN,alpaca_source,Direxion Daily S&P 500 Bear 1X ETF,ARCA,active,True,True,False,True,8.815,51579489.0,0.015553
CRWD,"CrowdStrike Holdings, Inc. Class A Common Stock",NASDAQ,TRUE,CRWD,alpaca_source,"CrowdStrike Holdings, Inc. Class A Common Stock",NASDAQ,active,True,True,True,True,681.92,3591634.45,0.015442
MRSH,Marsh,NYSE,TRUE,MRSH,alpaca_source,Marsh,NYSE,active,True,True,True,True,164.445,2781733.95,0.015281
RPRX,Royalty Pharma plc Class A Ordinary Shares,NASDAQ,TRUE,RPRX,alpaca_source,Royalty Pharma plc Class A Ordinary Shares,NASDAQ,active,True,True,True,True,54.68,4436635.9,0.015225
TFC,Truist Financial Corporation,NYSE,TRUE,TFC,alpaca_source,Truist Financial Corporation,NYSE,active,True,True,True,True,49.42,11283991.15,0.015201
CRK,"Comstock Resources, Inc.",NYSE,TRUE,CRK,alpaca_source,"Comstock Resources, Inc.",NYSE,active,True,True,True,True,13.38,2587810.7,0.015174
AM,Antero Midstream Corporation Common Stock,NYSE,TRUE,AM,alpaca_source,Antero Midstream Corporation Common Stock,NYSE,active,True,True,True,True,22.17,2312315.85,0.01511
SPTL,State Street SPDR Portfolio Long Term Treasury ETF,ARCA,TRUE,SPTL,alpaca_source,State Street SPDR Portfolio Long Term Treasury ETF,ARCA,active,True,True,True,True,26.146,5206549.6,0.015076
VLO,Valero Energy Corporation,NYSE,TRUE,VLO,alpaca_source,Valero Energy Corporation,NYSE,active,True,True,True,True,245.09,2922927.65,0.015076
CMBT,CMB.TECH NV,NYSE,TRUE,CMBT,alpaca_source,CMB.TECH NV,NYSE,active,True,True,True,True,15.985,1396010.45,0.015017
CNP,"CenterPoint Energy, Inc.",NYSE,TRUE,CNP,alpaca_source,"CenterPoint Energy, Inc.",NYSE,active,True,True,True,True,43.57,5746934.15,0.014908
ETR,Entergy Corporation,NYSE,TRUE,ETR,alpaca_source,Entergy Corporation,NYSE,active,True,True,True,True,113.63,3508346.65,0.014825
JCI,Johnson Controls International plc,NYSE,TRUE,JCI,alpaca_source,Johnson Controls International plc,NYSE,active,True,True,True,True,141.89,4224818.7,0.01471
ELAN,Elanco Animal Health Incorporated Common Stock,NYSE,TRUE,ELAN,alpaca_source,Elanco Animal Health Incorporated Common Stock,NYSE,active,True,True,True,True,23.15,6073054.85,0.014461
VGLT,Vanguard Long-Term Treasury ETF,NASDAQ,TRUE,VGLT,alpaca_source,Vanguard Long-Term Treasury ETF,NASDAQ,active,True,True,True,True,55.01,2046818.0,0.014429
DLR,"Digital Realty Trust, Inc.",NYSE,TRUE,DLR,alpaca_source,"Digital Realty Trust, Inc.",NYSE,active,True,True,True,True,195.16,2507421.5,0.014412
VLUE,iShares MSCI USA Value Factor ETF,BATS,TRUE,VLUE,alpaca_source,iShares MSCI USA Value Factor ETF,BATS,active,True,True,True,True,196.66,1502001.55,0.01441
VO,Vanguard Mid-Cap ETF,ARCA,TRUE,VO,alpaca_source,Vanguard Mid-Cap ETF,ARCA,active,True,True,True,True,79.69,2366074.8,0.014384
WMS,"ADVANCED DRAINAGE SYSTEMS, INC.",NYSE,TRUE,WMS,alpaca_source,"ADVANCED DRAINAGE SYSTEMS, INC.",NYSE,active,True,True,True,True,139.87,1066817.5,0.014348
PNW,Pinnacle West Capital Corporation,NYSE,TRUE,PNW,alpaca_source,Pinnacle West Capital Corporation,NYSE,active,True,True,True,True,104.27,1173614.9,0.014004
TSCO,Tractor Supply Company Common Stock,NASDAQ,TRUE,TSCO,alpaca_source,Tractor Supply Company Common Stock,NASDAQ,active,True,True,True,True,29.97,13991647.65,0.01387
NVS,Novartis AG,NYSE,TRUE,NVS,alpaca_source,Novartis AG,NYSE,active,True,True,True,True,152.8022,1768297.95,0.013277
MCK,McKesson Corporation,NYSE,TRUE,MCK,alpaca_source,McKesson Corporation,NYSE,active,True,True,True,True,763.53,1101332.55,0.013221
IWD,iShares Russell 1000 Value ETF,ARCA,TRUE,IWD,alpaca_source,iShares Russell 1000 Value ETF,ARCA,active,True,True,True,True,240.67,1984986.3,0.01313
LMND,"Lemonade, Inc.",NYSE,TRUE,LMND,alpaca_source,"Lemonade, Inc.",NYSE,active,True,True,True,True,58.11,1435992.9,0.013075
AI,"C3.ai, Inc.",NYSE,TRUE,AI,alpaca_source,"C3.ai, Inc.",NYSE,active,True,True,True,True,9.715,8620245.45,0.013034
AFL,Aflac Inc.,NYSE,TRUE,AFL,alpaca_source,Aflac Inc.,NYSE,active,True,True,True,True,118.31,3098096.45,0.012755
EA,Electronic Arts Inc. Common Stock,NASDAQ,TRUE,EA,alpaca_source,Electronic Arts Inc. Common Stock,NASDAQ,active,True,True,True,True,203.5,2091505.75,0.01274
WRBY,Warby Parker Inc.,NYSE,TRUE,WRBY,alpaca_source,Warby Parker Inc.,NYSE,active,True,True,True,True,25.835,3517090.2,0.01274
GAB,The Gabelli Equity Trust Inc.,NYSE,TRUE,GAB,alpaca_source,The Gabelli Equity Trust Inc.,NYSE,active,True,True,True,True,5.54,1171791.05,0.01265
BX,Blackstone Inc.,NYSE,TRUE,BX,alpaca_source,Blackstone Inc.,NYSE,active,True,True,True,True,119.6,5415115.8,0.01253
SIG,Signet Jewelers Limited,NYSE,TRUE,SIG,alpaca_source,Signet Jewelers Limited,NYSE,active,True,True,True,True,85.1,1008982.3,0.012493
MKC,"McCormick & Company, Incorporated Non-VTG CS",NYSE,TRUE,MKC,alpaca_source,"McCormick & Company, Incorporated Non-VTG CS",NYSE,active,True,True,True,True,47.4,4548881.75,0.012388
ADP,"Automatic Data Processing, Inc. Common Stock",NASDAQ,TRUE,ADP,alpaca_source,"Automatic Data Processing, Inc. Common Stock",NASDAQ,active,True,True,True,True,219.385,2710270.75,0.012363
TTAN,"ServiceTitan, Inc. Class A Common Stock",NASDAQ,TRUE,TTAN,alpaca_source,"ServiceTitan, Inc. Class A Common Stock",NASDAQ,active,True,True,True,True,63.47,1778766.65,0.012119
CI,The Cigna Group,NYSE,TRUE,CI,alpaca_source,The Cigna Group,NYSE,active,True,True,True,True,282.535,1527097.9,0.011902
SPYD,State Street SPDR Portfolio S&P 500 High Dividend ETF,ARCA,TRUE,SPYD,alpaca_source,State Street SPDR Portfolio S&P 500 High Dividend ETF,ARCA,active,True,True,True,True,47.635,1132052.9,0.011882
GFL,GFL Environmental Inc. Subordinate Voting Shares,NYSE,TRUE,GFL,alpaca_source,GFL Environmental Inc. Subordinate Voting Shares,NYSE,active,True,True,True,True,35.95,2372400.45,0.011821
DEI,"Douglas Emmett, Inc.",NYSE,TRUE,DEI,alpaca_source,"Douglas Emmett, Inc.",NYSE,active,True,True,True,True,11.715,2555128.35,0.011658
GD,General Dynamics Corporation,NYSE,TRUE,GD,alpaca_source,General Dynamics Corporation,NYSE,active,True,True,True,True,348.645,1289698.75,0.011621
XRAY,DENTSPLY SIRONA Inc. Common Stock,NASDAQ,TRUE,XRAY,alpaca_source,DENTSPLY SIRONA Inc. Common Stock,NASDAQ,active,True,True,True,True,10.105,5288803.25,0.011511
ETN,"Eaton Corporation, plc Ordinary Shares",NYSE,TRUE,ETN,alpaca_source,"Eaton Corporation, plc Ordinary Shares",NYSE,active,True,True,True,True,407.65,2460548.95,0.011212
ODFL,"Old Dominion Freight Line, Inc. Common Stock",NASDAQ,TRUE,ODFL,alpaca_source,"Old Dominion Freight Line, Inc. Common Stock",NASDAQ,active,True,True,True,True,218.74,2147693.8,0.011113
UNIT,Uniti Group Inc. Common Stock,NASDAQ,TRUE,UNIT,alpaca_source,Uniti Group Inc. Common Stock,NASDAQ,active,True,True,True,True,11.395,2221595.5,0.011091
IJH,iShares Core S&P Mid-Cap ETF,ARCA,TRUE,IJH,alpaca_source,iShares Core S&P Mid-Cap ETF,ARCA,active,True,True,True,True,75.29,8298752.9,0.011086
AVUV,Avantis U.S. Small Cap Value ETF,ARCA,TRUE,AVUV,alpaca_source,Avantis U.S. Small Cap Value ETF,ARCA,active,True,True,True,True,122.24,1391006.45,0.011038
INDA,iShares MSCI India ETF,BATS,TRUE,INDA,alpaca_source,iShares MSCI India ETF,BATS,active,True,True,True,True,49.085,7095086.25,0.01102
IWR,iShares Russell Mid-Cap ETF,ARCA,TRUE,IWR,alpaca_source,iShares Russell Mid-Cap ETF,ARCA,active,True,True,True,True,107.79,1804862.15,0.011013
SPMD,State Street SPDR Portfolio S&P 400 Mid Cap ETF,ARCA,TRUE,SPMD,alpaca_source,State Street SPDR Portfolio S&P 400 Mid Cap ETF,ARCA,active,True,True,True,True,65.965,1640817.4,0.010934
OI,"O-I Glass, Inc.",NYSE,TRUE,OI,alpaca_source,"O-I Glass, Inc.",NYSE,active,True,True,True,True,9.175,3074694.5,0.010463
FER,Ferrovial N.V. Ordinary Shares,NASDAQ,TRUE,FER,alpaca_source,Ferrovial N.V. Ordinary Shares,NASDAQ,active,True,True,True,True,70.125,1732568.4,0.010447
AEE,Ameren Corporation,NYSE,TRUE,AEE,alpaca_source,Ameren Corporation,NYSE,active,True,True,True,True,111.4,1688261.65,0.010405
CMS,CMS Energy Corporation,NYSE,TRUE,CMS,alpaca_source,CMS Energy Corporation,NYSE,active,True,True,True,True,74.97,3621767.1,0.010377
DT,"Dynatrace, Inc.",NYSE,TRUE,DT,alpaca_source,"Dynatrace, Inc.",NYSE,active,True,True,True,True,41.02,5110284.95,0.010345
DTCR,Global X Funds Global X Data Center & Digital Infrastructure ETF,NASDAQ,TRUE,DTCR,alpaca_source,Global X Funds Global X Data Center & Digital Infrastructure ETF,NASDAQ,active,True,True,True,True,31.44,1659217.1,0.010283
DGRO,iShares Core Dividend Growth ETF,ARCA,TRUE,DGRO,alpaca_source,iShares Core Dividend Growth ETF,ARCA,active,True,True,True,True,75.04,1589982.5,0.010168
AGNC,AGNC Investment Corp. Common Stock,NASDAQ,TRUE,AGNC,alpaca_source,AGNC Investment Corp. Common Stock,NASDAQ,active,True,True,True,True,10.415,13769976.0,0.010051
PPL,PPL Corporation,NYSE,TRUE,PPL,alpaca_source,PPL Corporation,NYSE,active,True,True,True,True,36.185,9989365.65,0.00985
TTC,Toro Company (The),NYSE,TRUE,TTC,alpaca_source,Toro Company (The),NYSE,active,True,True,True,True,92.045,1157792.55,0.009619
HALO,"Halozyme Therapeutics, Inc. Common Stock",NASDAQ,TRUE,HALO,alpaca_source,"Halozyme Therapeutics, Inc. Common Stock",NASDAQ,active,True,True,True,True,69.37,1730914.5,0.009459
LNT,Alliant Energy Corporation Common Stock,NASDAQ,TRUE,LNT,alpaca_source,Alliant Energy Corporation Common Stock,NASDAQ,active,True,True,True,True,74.375,2438020.75,0.009433
FRSH,Freshworks Inc. Class A Common Stock,NASDAQ,TRUE,FRSH,alpaca_source,Freshworks Inc. Class A Common Stock,NASDAQ,active,True,True,True,True,9.125,15552136.4,0.009403
SRE,Sempra,NYSE,TRUE,SRE,alpaca_source,Sempra,NYSE,active,True,True,True,True,92.4,4154000.3,0.009285
XENE,Xenon Pharmaceuticals Inc. Common Shares,NASDAQ,TRUE,XENE,alpaca_source,Xenon Pharmaceuticals Inc. Common Shares,NASDAQ,active,True,True,True,True,54.48,1493831.85,0.009263
AVLV,Avantis U.S. Large Cap Value ETF,ARCA,TRUE,AVLV,alpaca_source,Avantis U.S. Large Cap Value ETF,ARCA,active,True,True,True,True,90.83,2066706.3,0.00926
VFC,V.F. Corporation,NYSE,TRUE,VFC,alpaca_source,V.F. Corporation,NYSE,active,True,True,True,True,16.775,7471357.45,0.00923
SO,The Southern Company,NYSE,TRUE,SO,alpaca_source,The Southern Company,NYSE,active,True,True,True,True,94.95,6659816.0,0.00914
DNTH,"Dianthus Therapeutics, Inc. Common Stock",NASDAQ,TRUE,DNTH,alpaca_source,"Dianthus Therapeutics, Inc. Common Stock",NASDAQ,active,True,True,True,True,87.61,1121825.65,0.009099
RSP,Invesco S&P 500 Equal Weight ETF,ARCA,TRUE,RSP,alpaca_source,Invesco S&P 500 Equal Weight ETF,ARCA,active,True,True,True,True,208.685,9835796.7,0.008925
EXPD,"Expeditors International of Washington, Inc.",NYSE,TRUE,EXPD,alpaca_source,"Expeditors International of Washington, Inc.",NYSE,active,True,True,True,True,161.29,1401075.4,0.008844
STAG,"STAG INDUSTRIAL, INC.",NYSE,TRUE,STAG,alpaca_source,"STAG INDUSTRIAL, INC.",NYSE,active,True,True,True,True,38.86,1286709.0,0.008827
RSG,Republic Services Inc.,NYSE,TRUE,RSG,alpaca_source,Republic Services Inc.,NYSE,active,True,True,True,True,208.845,1765053.9,0.008669
HLF,Herbalife Ltd.,NYSE,TRUE,HLF,alpaca_source,Herbalife Ltd.,NYSE,active,True,True,True,True,12.225,1625289.15,0.008663
GTLB,GitLab Inc. Class A Common Stock,NASDAQ,TRUE,GTLB,alpaca_source,GitLab Inc. Class A Common Stock,NASDAQ,active,True,True,True,True,27.0,7298710.4,0.008592
ARR,"ARMOUR Residential REIT, Inc.",NYSE,TRUE,ARR,alpaca_source,"ARMOUR Residential REIT, Inc.",NYSE,active,True,True,True,True,16.825,3203978.7,0.00854
JAN,"Janus Living, Inc.",NYSE,TRUE,JAN,alpaca_source,"Janus Living, Inc.",NYSE,active,True,True,True,True,26.96,1840038.25,0.008517
ED,"Consolidated Edison, Inc.",NYSE,TRUE,ED,alpaca_source,"Consolidated Edison, Inc.",NYSE,active,True,True,True,True,108.61,2733813.95,0.008449
GNW,"Genworth Financial, Inc.",NYSE,TRUE,GNW,alpaca_source,"Genworth Financial, Inc.",NYSE,active,True,True,True,True,9.1047,2803359.0,0.008272
CGGO,Capital Group Global Growth Equity ETF,ARCA,TRUE,CGGO,alpaca_source,Capital Group Global Growth Equity ETF,ARCA,active,True,True,True,True,40.8451,1219234.7,0.008023
TRIN,Trinity Capital Inc. Common Stock,NASDAQ,TRUE,TRIN,alpaca_source,Trinity Capital Inc. Common Stock,NASDAQ,active,True,True,False,True,16.865,1014132.6,0.008009
CGMU,Capital Group Municipal Income ETF,ARCA,TRUE,CGMU,alpaca_source,Capital Group Municipal Income ETF,ARCA,active,True,True,False,True,27.455,1012524.45,0.007959
WMT,Walmart Inc. Common Stock,NASDAQ,TRUE,WMT,alpaca_source,Walmart Inc. Common Stock,NASDAQ,active,True,True,True,True,119.51,24739592.1,0.007928
DX,"Dynex Capital, Inc.",NYSE,TRUE,DX,alpaca_source,"Dynex Capital, Inc.",NYSE,active,True,True,True,True,12.93,4099667.3,0.007733
EVRG,"Evergy, Inc. Common Stock",NASDAQ,TRUE,EVRG,alpaca_source,"Evergy, Inc. Common Stock",NASDAQ,active,True,True,True,True,84.76,1980529.6,0.007728
VNQ,Vanguard Real Estate ETF,ARCA,TRUE,VNQ,alpaca_source,Vanguard Real Estate ETF,ARCA,active,True,True,True,True,97.96,3076574.95,0.007612
APO,"Apollo Global Management, Inc.",NYSE,TRUE,APO,alpaca_source,"Apollo Global Management, Inc.",NYSE,active,True,True,True,True,130.89,3399029.55,0.007544
CWAN,"Clearwater Analytics Holdings, Inc.",NYSE,TRUE,CWAN,alpaca_source,"Clearwater Analytics Holdings, Inc.",NYSE,active,True,True,True,True,24.55,5870692.4,0.007386
LOW,Lowe's Companies Inc.,NYSE,TRUE,LOW,alpaca_source,Lowe's Companies Inc.,NYSE,active,True,True,True,True,213.6225,3118142.95,0.007273
XLP,State Street Consumer Staples Select Sector SPDR ETF,ARCA,TRUE,XLP,alpaca_source,State Street Consumer Staples Select Sector SPDR ETF,ARCA,active,True,True,True,True,83.655,12656822.6,0.00724
PTY,PIMCO Corporate & Income Opportunity Fund,NYSE,TRUE,PTY,alpaca_source,PIMCO Corporate & Income Opportunity Fund,NYSE,active,True,True,True,True,11.755,1040158.7,0.007189
XLRE,State Street Real Estate Select Sector SPDR ETF,ARCA,TRUE,XLRE,alpaca_source,State Street Real Estate Select Sector SPDR ETF,ARCA,active,True,True,True,True,44.64,5248521.9,0.007183
V,VISA Inc.,NYSE,TRUE,V,alpaca_source,VISA Inc.,NYSE,active,True,True,True,True,328.7801,8319066.4,0.007045
AEG,Aegon Ltd.,NYSE,TRUE,AEG,alpaca_source,Aegon Ltd.,NYSE,active,True,True,True,True,8.54,5060019.1,0.006956
AVNS,"Avanos Medical, Inc.",NYSE,TRUE,AVNS,alpaca_source,"Avanos Medical, Inc.",NYSE,active,True,True,True,True,24.92,1261217.4,0.006869
SCHH,Schwab U.S. REIT ETF,ARCA,TRUE,SCHH,alpaca_source,Schwab U.S. REIT ETF,ARCA,active,True,True,True,True,24.0,5378571.7,0.006711
GPK,Graphic Packaging Holding Company,NYSE,TRUE,GPK,alpaca_source,Graphic Packaging Holding Company,NYSE,active,True,True,True,True,10.25,7468527.5,0.00646
REG,Regency Centers Corporation Common Stock,NASDAQ,TRUE,REG,alpaca_source,Regency Centers Corporation Common Stock,NASDAQ,active,True,True,True,True,78.74,1590309.85,0.00625
QYLD,Global X Funds Global X NASDAQ-100 Covered Call ETF,NASDAQ,TRUE,QYLD,alpaca_source,Global X Funds Global X NASDAQ-100 Covered Call ETF,NASDAQ,active,True,True,True,True,17.92,6345038.7,0.00616
LNG,Cheniere Energy Inc,NYSE,TRUE,LNG,alpaca_source,Cheniere Energy Inc,NYSE,active,True,True,True,True,235.42,2117810.05,0.005853
SPLV,Invesco S&P 500 Low Volatility ETF,ARCA,TRUE,SPLV,alpaca_source,Invesco S&P 500 Low Volatility ETF,ARCA,active,True,True,True,True,74.16,2734840.1,0.005689
BINC,iShares Flexible Income Active ETF,ARCA,TRUE,BINC,alpaca_source,iShares Flexible Income Active ETF,ARCA,active,True,True,True,True,52.3,3713188.3,0.005161
DFSV,Dimensional US Small Cap Value ETF,ARCA,TRUE,DFSV,alpaca_source,Dimensional US Small Cap Value ETF,ARCA,active,True,True,True,True,38.015,1006568.6,0.005156
UDR,"UDR, Inc.",NYSE,TRUE,UDR,alpaca_source,"UDR, Inc.",NYSE,active,True,True,True,True,38.225,5755970.25,0.005128
DBX,"Dropbox, Inc. Class A Common Stock",NASDAQ,TRUE,DBX,alpaca_source,"Dropbox, Inc. Class A Common Stock",NASDAQ,active,True,True,True,True,26.625,4229992.85,0.005096
GTLS,"Chart Industries, Inc.",NYSE,TRUE,GTLS,alpaca_source,"Chart Industries, Inc.",NYSE,active,True,True,True,True,208.855,1220009.75,0.004884
ELS,"Equity Lifestyle Properties, Inc.",NYSE,TRUE,ELS,alpaca_source,"Equity Lifestyle Properties, Inc.",NYSE,active,True,True,True,True,62.75,1602549.4,0.004643
HDB,HDFC Bank Limited,NYSE,TRUE,HDB,alpaca_source,HDFC Bank Limited,NYSE,active,True,True,True,True,24.915,9751203.35,0.004637
CTVA,"Corteva, Inc. Common Stock",NYSE,TRUE,CTVA,alpaca_source,"Corteva, Inc. Common Stock",NYSE,active,True,True,True,True,79.265,4193973.1,0.004523
REET,iShares Global REIT ETF,ARCA,TRUE,REET,alpaca_source,iShares Global REIT ETF,ARCA,active,True,True,True,True,27.54,2246585.3,0.004519
SDVY,First Trust Exchange-Traded Fund VI First Trust SMID Cap Rising Dividend Achievers ETF,NASDAQ,TRUE,SDVY,alpaca_source,First Trust Exchange-Traded Fund VI First Trust SMID Cap Rising Dividend Achievers ETF,NASDAQ,active,True,True,False,True,42.23,1241809.25,0.004281
IYR,iShares U.S. Real Estate ETF,ARCA,TRUE,IYR,alpaca_source,iShares U.S. Real Estate ETF,ARCA,active,True,True,True,True,103.025,6183835.4,0.003985
CWK,Cushman & Wakefield Ltd.,NYSE,TRUE,CWK,alpaca_source,Cushman & Wakefield Ltd.,NYSE,active,True,True,True,True,12.8499,1995942.4,0.003898
FLTR,VanEck IG Floating Rate ETF,ARCA,TRUE,FLTR,alpaca_source,VanEck IG Floating Rate ETF,ARCA,active,True,True,True,True,25.565,1104335.0,0.003612
MBB,iShares MBS ETF,NASDAQ,TRUE,MBB,alpaca_source,iShares MBS ETF,NASDAQ,active,True,True,True,True,94.335,2341503.1,0.003579
MINT,PIMCO Enhanced Short Maturity Active Exchange-Traded Fund,ARCA,TRUE,MINT,alpaca_source,PIMCO Enhanced Short Maturity Active Exchange-Traded Fund,ARCA,active,True,True,True,True,100.69,1432715.25,0.003536
MPC,MARATHON PETROLEUM CORPORATION,NYSE,TRUE,MPC,alpaca_source,MARATHON PETROLEUM CORPORATION,NYSE,active,True,True,True,True,248.925,2422349.6,0.003528
DUK,Duke Energy Corporation,NYSE,TRUE,DUK,alpaca_source,Duke Energy Corporation,NYSE,active,True,True,True,True,125.4,3490472.8,0.003441
BUD,Anheuser-Busch INBEV SA/NV,NYSE,TRUE,BUD,alpaca_source,Anheuser-Busch INBEV SA/NV,NYSE,active,True,True,True,True,82.74,1835224.0,0.003396
KO,Coca-Cola Company,NYSE,TRUE,KO,alpaca_source,Coca-Cola Company,NYSE,active,True,True,True,True,80.215,18525277.05,0.003392
VIG,Vanguard Dividend Appreciation ETF,ARCA,TRUE,VIG,alpaca_source,Vanguard Dividend Appreciation ETF,ARCA,active,True,True,True,True,234.045,1230179.25,0.003365
IONS,"Ionis Pharmaceuticals, Inc. Common Stock",NASDAQ,TRUE,IONS,alpaca_source,"Ionis Pharmaceuticals, Inc. Common Stock",NASDAQ,active,True,True,True,True,76.32,1686568.4,0.003286
JMST,JPMorgan Ultra-Short Municipal Income ETF,ARCA,TRUE,JMST,alpaca_source,JPMorgan Ultra-Short Municipal Income ETF,ARCA,active,True,True,False,True,50.97,1117384.5,0.003226
JPIE,JPMorgan Income ETF,ARCA,TRUE,JPIE,alpaca_source,JPMorgan Income ETF,ARCA,active,True,True,True,True,45.935,1750799.65,0.003151
RCI,"Rogers Communications, Inc.",NYSE,TRUE,RCI,alpaca_source,"Rogers Communications, Inc.",NYSE,active,True,True,True,True,36.58,1119044.45,0.002999
VMBS,Vanguard Mortgage-Backed Securities ETF,NASDAQ,TRUE,VMBS,alpaca_source,Vanguard Mortgage-Backed Securities ETF,NASDAQ,active,True,True,True,True,46.705,1307164.3,0.00295
CGCP,Capital Group Core Plus Income ETF,ARCA,TRUE,CGCP,alpaca_source,Capital Group Core Plus Income ETF,ARCA,active,True,True,False,True,22.3152,1548197.25,0.002921
PAAA,PGIM AAA CLO ETF,ARCA,TRUE,PAAA,alpaca_source,PGIM AAA CLO ETF,ARCA,active,True,True,True,True,51.445,1856964.7,0.002885
DBRG,"DigitalBridge Group, Inc.",NYSE,TRUE,DBRG,alpaca_source,"DigitalBridge Group, Inc.",NYSE,active,True,True,True,True,15.735,2133646.2,0.002868
USFR,WisdomTree Floating Rate Treasury Fund,ARCA,TRUE,USFR,alpaca_source,WisdomTree Floating Rate Treasury Fund,ARCA,active,True,True,True,True,50.4643,4913846.4,0.002868
COHR,Coherent Corp.,NYSE,TRUE,COHR,alpaca_source,Coherent Corp.,NYSE,active,True,True,True,True,382.4392,6198416.55,0.002856
FTV,Fortive Corporation,NYSE,TRUE,FTV,alpaca_source,Fortive Corporation,NYSE,active,True,True,True,True,60.43,3434814.15,0.00281
VBIL,Vanguard Institutional Index Funds Vanguard 0-3 Month Treasury Bill ETF,NASDAQ,TRUE,VBIL,alpaca_source,Vanguard Institutional Index Funds Vanguard 0-3 Month Treasury Bill ETF,NASDAQ,active,True,True,True,True,75.63,2527477.6,0.002757
TBIL,"The RBB Fund, Inc. F/m US Treasury 3 Month Bill Fund",NASDAQ,TRUE,TBIL,alpaca_source,"The RBB Fund, Inc. F/m US Treasury 3 Month Bill Fund",NASDAQ,active,True,True,True,True,49.97,1862068.85,0.002749
BIL,State Street SPDR Bloomberg 1-3 Month T-Bill ETF,ARCA,TRUE,BIL,alpaca_source,State Street SPDR Bloomberg 1-3 Month T-Bill ETF,ARCA,active,True,True,True,True,91.59,10911467.15,0.002724
JAAA,Janus Henderson AAA CLO ETF,ARCA,TRUE,JAAA,alpaca_source,Janus Henderson AAA CLO ETF,ARCA,active,True,True,True,True,50.635,5132430.6,0.002633
OGN,Organon & Co.,NYSE,TRUE,OGN,alpaca_source,Organon & Co.,NYSE,active,True,True,True,True,13.445,2736022.95,0.00261
TTEK,"Tetra Tech, Inc. Common Stock",NASDAQ,TRUE,TTEK,alpaca_source,"Tetra Tech, Inc. Common Stock",NASDAQ,active,True,True,True,True,27.8,4066148.45,0.002524
XLB,State Street Materials Select Sector SPDR ETF,ARCA,TRUE,XLB,alpaca_source,State Street Materials Select Sector SPDR ETF,ARCA,active,True,True,True,True,50.9251,12425770.15,0.002461
EWJ,iShares MSCI Japan ETF,ARCA,TRUE,EWJ,alpaca_source,iShares MSCI Japan ETF,ARCA,active,True,True,True,True,92.62,6204652.85,0.002403
JMTG,JPMorgan Mortgage-Backed Securities ETF,ARCA,TRUE,JMTG,alpaca_source,JPMorgan Mortgage-Backed Securities ETF,ARCA,active,True,True,True,True,50.4399,1129496.65,0.002389
JPST,JPMorgan Ultra-Short Income ETF,ARCA,TRUE,JPST,alpaca_source,JPMorgan Ultra-Short Income ETF,ARCA,active,True,True,True,True,50.51,7071934.95,0.002357
FLNC,"Fluence Energy, Inc. Class A Common Stock",NASDAQ,TRUE,FLNC,alpaca_source,"Fluence Energy, Inc. Class A Common Stock",NASDAQ,active,True,True,True,True,21.38,13477404.85,0.002344
DK,"Delek US Holdings, Inc.",NYSE,TRUE,DK,alpaca_source,"Delek US Holdings, Inc.",NYSE,active,True,True,True,True,42.85,1078043.25,0.002339
ERII,"Energy Recovery, Inc. Common Stock",NASDAQ,TRUE,ERII,alpaca_source,"Energy Recovery, Inc. Common Stock",NASDAQ,active,True,True,True,True,8.79,1088112.8,0.00228
CGDV,Capital Group Dividend Value ETF,ARCA,TRUE,CGDV,alpaca_source,Capital Group Dividend Value ETF,ARCA,active,True,True,True,True,48.305,3656635.7,0.002178
WELL,Welltower Inc.,NYSE,TRUE,WELL,alpaca_source,Welltower Inc.,NYSE,active,True,True,True,True,218.59,3904638.15,0.002109
DFAR,Dimensional US Real Estate ETF,ARCA,TRUE,DFAR,alpaca_source,Dimensional US Real Estate ETF,ARCA,active,True,True,True,True,26.325,2503570.65,0.002094
IQMM,ProShares GENIUS Money Market ETF,ARCA,TRUE,IQMM,alpaca_source,ProShares GENIUS Money Market ETF,ARCA,active,True,True,True,True,100.075,1278195.0,0.00208
LIN,Linde plc Ordinary Shares,NASDAQ,TRUE,LIN,alpaca_source,Linde plc Ordinary Shares,NASDAQ,active,True,True,True,True,514.38,2577833.75,0.002013
KURA,"Kura Oncology, Inc. Common Stock",NASDAQ,TRUE,KURA,alpaca_source,"Kura Oncology, Inc. Common Stock",NASDAQ,active,True,True,True,True,10.43,1821740.85,0.001921
BOXX,Alpha Architect 1-3 Month Box ETF,BATS,TRUE,BOXX,alpaca_source,Alpha Architect 1-3 Month Box ETF,BATS,active,True,True,True,True,117.065,2512438.1,0.00184
FNDX,Schwab Fundamental U.S. Large Company ETF,ARCA,TRUE,FNDX,alpaca_source,Schwab Fundamental U.S. Large Company ETF,ARCA,active,True,True,True,True,30.975,3065965.3,0.001779
FEZ,State Street SPDR EURO STOXX 50 ETF,ARCA,TRUE,FEZ,alpaca_source,State Street SPDR EURO STOXX 50 ETF,ARCA,active,True,True,True,True,67.325,1935217.85,0.001769
VYM,Vanguard High Dividend Yield ETF,ARCA,TRUE,VYM,alpaca_source,Vanguard High Dividend Yield ETF,ARCA,active,True,True,True,True,157.98,1380108.3,0.00176
CPRX,"Catalyst Pharmaceuticals, Inc. Common Stock",NASDAQ,TRUE,CPRX,alpaca_source,"Catalyst Pharmaceuticals, Inc. Common Stock",NASDAQ,active,True,True,True,True,31.385,1846941.0,0.001756
XLU,State Street Utilities Select Sector SPDR ETF,ARCA,TRUE,XLU,alpaca_source,State Street Utilities Select Sector SPDR ETF,ARCA,active,True,True,True,True,45.12,20953649.9,0.001723
EMXC,"iShares, Inc. iShares MSCI Emerging Markets ex China ETF",NASDAQ,TRUE,EMXC,alpaca_source,"iShares, Inc. iShares MSCI Emerging Markets ex China ETF",NASDAQ,active,True,True,True,True,99.56,3265971.0,0.001604
CGMS,Capital Group U.S. Multi-Sector Income ETF,ARCA,TRUE,CGMS,alpaca_source,Capital Group U.S. Multi-Sector Income ETF,ARCA,active,True,True,True,True,27.43,1208944.1,0.001595
AVPT,"AvePoint, Inc. Class A Common Stock",NASDAQ,TRUE,AVPT,alpaca_source,"AvePoint, Inc. Class A Common Stock",NASDAQ,active,True,True,True,True,10.385,2303240.1,0.001447
AON,Aon plc Class A,NYSE,TRUE,AON,alpaca_source,Aon plc Class A,NYSE,active,True,True,True,True,319.75,1590540.0,0.001441
JHG,Janus Henderson Group plc Ordinary Shares,NYSE,TRUE,JHG,alpaca_source,Janus Henderson Group plc Ordinary Shares,NYSE,active,True,True,True,True,51.91,2496015.7,0.00135
WTRG,"Essential Utilities, Inc.",NYSE,TRUE,WTRG,alpaca_source,"Essential Utilities, Inc.",NYSE,active,True,True,True,True,37.1999,1831971.75,0.001343
ORC,"Orchid Island Capital, Inc.",NYSE,TRUE,ORC,alpaca_source,"Orchid Island Capital, Inc.",NYSE,active,True,True,True,True,6.76,4936045.05,0.001268
EFC,Ellington Financial Inc. Common Stock,NYSE,TRUE,EFC,alpaca_source,Ellington Financial Inc. Common Stock,NYSE,active,True,True,True,True,13.475,1220341.1,0.001114
EZU,iShare MSCI Eurozone ETF of ISHARES INC.,BATS,TRUE,EZU,alpaca_source,iShare MSCI Eurozone ETF of ISHARES INC.,BATS,active,True,True,True,True,68.005,1151256.8,0.000919
SEM,SELECT MEDICAL HOLDINGS CORP,NYSE,TRUE,SEM,alpaca_source,SELECT MEDICAL HOLDINGS CORP,NYSE,active,True,True,True,True,16.555,1152446.35,0.000907
BFAM,BRIGHT HORIZONS FAMILY SOLUTIONS INC.,NYSE,TRUE,BFAM,alpaca_source,BRIGHT HORIZONS FAMILY SOLUTIONS INC.,NYSE,active,True,True,True,True,65.115,1145893.45,0.000845
FCX,Freeport-McMoran Inc.,NYSE,TRUE,FCX,alpaca_source,Freeport-McMoran Inc.,NYSE,active,True,True,True,True,64.405,13409810.95,0.000699
SCHR,Schwab Intermediately-Term U.S. Treasury ETF,ARCA,TRUE,SCHR,alpaca_source,Schwab Intermediately-Term U.S. Treasury ETF,ARCA,active,True,True,False,True,24.585,3290878.75,0.000684
AES,AES Corporation,NYSE,TRUE,AES,alpaca_source,AES Corporation,NYSE,active,True,True,True,True,14.68,7887798.55,0.000682
SPTI,State Street SPDR Portfolio Intermediate Term Treasury ETF,ARCA,TRUE,SPTI,alpaca_source,State Street SPDR Portfolio Intermediate Term Treasury ETF,ARCA,active,True,True,True,True,28.275,2317017.25,0.000627
TDS,Telephone and Data Systems Inc.,NYSE,TRUE,TDS,alpaca_source,Telephone and Data Systems Inc.,NYSE,active,True,True,True,True,38.84,1095913.1,0.00049
VGIT,Vanguard Intermediate-Term Treasury ETF,NASDAQ,TRUE,VGIT,alpaca_source,Vanguard Intermediate-Term Treasury ETF,NASDAQ,active,True,True,True,True,58.765,3548486.35,0.000485
MRK,"Merck & Co., Inc.",NYSE,TRUE,MRK,alpaca_source,"Merck & Co., Inc.",NYSE,active,True,True,True,True,118.91,11925388.85,0.000377
SCHO,Schwab Short-Term U.S. Treasury ETF,ARCA,TRUE,SCHO,alpaca_source,Schwab Short-Term U.S. Treasury ETF,ARCA,active,True,True,True,True,24.105,3982652.0,0.00037
SPTS,State Street SPDR Portfolio Short Term Treasury ETF,ARCA,TRUE,SPTS,alpaca_source,State Street SPDR Portfolio Short Term Treasury ETF,ARCA,active,True,True,True,True,28.955,1513036.65,0.000308
CGBL,Capital Group Core Balanced ETF,ARCA,TRUE,CGBL,alpaca_source,Capital Group Core Balanced ETF,ARCA,active,True,True,False,True,37.49,2526240.2,0.000267
VGSH,Vanguard Short-Term Treasury ETF,NASDAQ,TRUE,VGSH,alpaca_source,Vanguard Short-Term Treasury ETF,NASDAQ,active,True,True,True,True,58.1103,4020999.8,0.00026
VEEV,Veeva Systems Inc.,NYSE,TRUE,VEEV,alpaca_source,Veeva Systems Inc.,NYSE,active,True,True,True,True,158.58,2883667.95,0.000252
DIS,The Walt Disney Company,NYSE,TRUE,DIS,alpaca_source,The Walt Disney Company,NYSE,active,True,True,True,True,103.285,9803990.8,4.8e-05
JEPI,JPMorgan Equity Premium Income ETF,ARCA,TRUE,JEPI,alpaca_source,JPMorgan Equity Premium Income ETF,ARCA,active,True,True,True,True,55.825,5371463.2,-8.5e-05
AIG,"American International Group, Inc.",NYSE,TRUE,AIG,alpaca_source,"American International Group, Inc.",NYSE,active,True,True,True,True,76.67,4028441.35,-0.000136
AIPO,Tidal Trust II Defiance AI & Power Infrastructure ETF,NASDAQ,TRUE,AIPO,alpaca_source,Tidal Trust II Defiance AI & Power Infrastructure ETF,NASDAQ,active,True,True,True,True,33.14,1618993.8,-0.000302
OGE,OGE Energy Corp.,NYSE,TRUE,OGE,alpaca_source,OGE Energy Corp.,NYSE,active,True,True,True,True,48.39,1351261.85,-0.000413
RDN,Radian Group Inc.,NYSE,TRUE,RDN,alpaca_source,Radian Group Inc.,NYSE,active,True,True,True,True,35.435,1347279.2,-0.000435
SOLS,Solstice Advanced Materials Inc. Common Stock,NASDAQ,TRUE,SOLS,alpaca_source,Solstice Advanced Materials Inc. Common Stock,NASDAQ,active,True,True,True,True,84.52,1574341.5,-0.000532
ASHR,Xtrackers Harvest CSI 300 China A-Shares ETF,ARCA,TRUE,ASHR,alpaca_source,Xtrackers Harvest CSI 300 China A-Shares ETF,ARCA,active,True,True,False,True,36.08,4300524.45,-0.000554
XOVR,EntrepreneurShares Series Trust ERShares Private-Public Crossover ETF,NASDAQ,TRUE,XOVR,alpaca_source,EntrepreneurShares Series Trust ERShares Private-Public Crossover ETF,NASDAQ,active,True,True,True,True,19.64,11043962.65,-0.001017
AVO,"Mission Produce, Inc. Common Stock",NASDAQ,TRUE,AVO,alpaca_source,"Mission Produce, Inc. Common Stock",NASDAQ,active,True,True,True,True,11.635,1953701.65,-0.001288
DFCF,Dimensional Core Fixed Income ETF,ARCA,TRUE,DFCF,alpaca_source,Dimensional Core Fixed Income ETF,ARCA,active,True,True,True,True,42.075,1038429.05,-0.001305
RAMP,"LiveRamp Holdings, Inc. Common Stock",NYSE,TRUE,RAMP,alpaca_source,"LiveRamp Holdings, Inc. Common Stock",NYSE,active,True,True,True,True,37.61,2042191.9,-0.001328
FDX,FedEx Corporation,NYSE,TRUE,FDX,alpaca_source,FedEx Corporation,NYSE,active,True,True,True,True,320.68,2043814.8,-0.001355
AAP,ADVANCE AUTO PARTS INC,NYSE,TRUE,AAP,alpaca_source,ADVANCE AUTO PARTS INC,NYSE,active,True,True,True,True,55.055,1894783.55,-0.00136
XEL,Xcel Energy Inc. Common Stock,NASDAQ,TRUE,XEL,alpaca_source,Xcel Energy Inc. Common Stock,NASDAQ,active,True,True,True,True,80.06,6497664.15,-0.001438
EFG,iShares MSCI EAFE Growth ETF,BATS,TRUE,EFG,alpaca_source,iShares MSCI EAFE Growth ETF,BATS,active,True,True,True,True,121.74,1162500.4,-0.001835
TALK,"Talkspace, Inc. Common Stock",NASDAQ,TRUE,TALK,alpaca_source,"Talkspace, Inc. Common Stock",NASDAQ,active,True,True,True,True,5.19,2088571.0,-0.001923
PLD,"PROLOGIS, INC.",NYSE,TRUE,PLD,alpaca_source,"PROLOGIS, INC.",NYSE,active,True,True,True,True,145.59,3877462.5,-0.001996
SHOO,"Steven Madden, Ltd. Common Stock",NASDAQ,TRUE,SHOO,alpaca_source,"Steven Madden, Ltd. Common Stock",NASDAQ,active,True,True,True,True,42.46,1003127.4,-0.002024
SRLN,State Street Blackstone Senior Loan ETF,ARCA,TRUE,SRLN,alpaca_source,State Street Blackstone Senior Loan ETF,ARCA,active,True,True,True,True,40.235,2038023.75,-0.002034
ACYN,FT Vest Laddered Autocallable Barrier & Income ETF,ARCA,TRUE,ACYN,alpaca_source,FT Vest Laddered Autocallable Barrier & Income ETF,ARCA,active,True,True,False,True,20.64,1462387.4,-0.002144
BKLN,Invesco Senior Loan ETF,ARCA,TRUE,BKLN,alpaca_source,Invesco Senior Loan ETF,ARCA,active,True,True,True,True,20.335,8904563.6,-0.002154
IOT,Samsara Inc.,NYSE,TRUE,IOT,alpaca_source,Samsara Inc.,NYSE,active,True,True,True,True,31.09,7409145.55,-0.002246
XYL,Xylem Inc,NYSE,TRUE,XYL,alpaca_source,Xylem Inc,NYSE,active,True,True,True,True,110.4375,1931607.55,-0.002335
BXDC,Blackstone Digital Infrastructure Trust Inc.,NYSE,TRUE,BXDC,alpaca_source,Blackstone Digital Infrastructure Trust Inc.,NYSE,active,True,True,True,True,21.695,1090730.1,-0.002529
CSX,CSX Corporation Common Stock,NASDAQ,TRUE,CSX,alpaca_source,CSX Corporation Common Stock,NASDAQ,active,True,True,True,True,46.335,12642388.05,-0.002853
MDLZ,"Mondelez International, Inc. Class A Common Stock",NASDAQ,TRUE,MDLZ,alpaca_source,"Mondelez International, Inc. Class A Common Stock",NASDAQ,active,True,True,True,True,61.065,8866845.05,-0.002858
NVT,nVent Electric plc Ordinary Shares,NYSE,TRUE,NVT,alpaca_source,nVent Electric plc Ordinary Shares,NYSE,active,True,True,True,True,168.7817,1978814.0,-0.003003
SOXL,Direxion Daily Semiconductor Bull 3X ETF,ARCA,TRUE,SOXL,alpaca_source,Direxion Daily Semiconductor Bull 3X ETF,ARCA,active,True,True,False,True,225.1101,60213510.85,-0.003011
SBLK,Star Bulk Carriers Corp. Common Shares,NASDAQ,TRUE,SBLK,alpaca_source,Star Bulk Carriers Corp. Common Shares,NASDAQ,active,True,True,False,True,26.96,1294066.3,-0.003056
IVE,iShares S&P 500 Value ETF,ARCA,TRUE,IVE,alpaca_source,iShares S&P 500 Value ETF,ARCA,active,True,True,True,True,226.21,1506504.3,-0.003411
HDV,iShares Core High Dividend ETF,ARCA,TRUE,HDV,alpaca_source,iShares Core High Dividend ETF,ARCA,active,True,True,True,True,27.3601,2977833.6,-0.003512
FLJP,Franklin FTSE Japan ETF,ARCA,TRUE,FLJP,alpaca_source,Franklin FTSE Japan ETF,ARCA,active,True,True,True,True,39.6283,1070710.1,-0.003563
SPYV,State Street SPDR Portfolio S&P 500 Value ETF,ARCA,TRUE,SPYV,alpaca_source,State Street SPDR Portfolio S&P 500 Value ETF,ARCA,active,True,True,True,True,60.5743,2930109.55,-0.003567
ARKK,ARK Innovation ETF,BATS,TRUE,ARKK,alpaca_source,ARK Innovation ETF,BATS,active,True,True,True,True,76.94,8150160.6,-0.003755
PNR,Pentair plc,NYSE,TRUE,PNR,alpaca_source,Pentair plc,NYSE,active,True,True,True,True,73.26,2376379.6,-0.003807
VTIP,Vanguard Malvern Funds Vanguard Short-Term Inflation-Protected Securities Index Fund ETF Shares,NASDAQ,TRUE,VTIP,alpaca_source,Vanguard Malvern Funds Vanguard Short-Term Inflation-Protected Securities Index Fund ETF Shares,NASDAQ,active,True,True,True,True,50.105,2381621.25,-0.003877
ARDX,"Ardelyx, Inc. Common Stock",NASDAQ,TRUE,ARDX,alpaca_source,"Ardelyx, Inc. Common Stock",NASDAQ,active,True,True,True,True,6.225,3388618.75,-0.004
BAI,iShares A.I. Innovation and Tech Active ETF,ARCA,TRUE,BAI,alpaca_source,iShares A.I. Innovation and Tech Active ETF,ARCA,active,True,True,True,True,49.8,5815508.85,-0.004
YUM,"Yum! Brands, Inc.",NYSE,TRUE,YUM,alpaca_source,"Yum! Brands, Inc.",NYSE,active,True,True,True,True,152.6325,2372523.55,-0.004094
JEPQ,J.P. Morgan Exchange-Traded Fund Trust JPMorgan Nasdaq Equity Premium Income ETF,NASDAQ,TRUE,JEPQ,alpaca_source,J.P. Morgan Exchange-Traded Fund Trust JPMorgan Nasdaq Equity Premium Income ETF,NASDAQ,active,True,True,True,True,59.795,7648689.55,-0.004098
WBD,"Warner Bros. Discovery, Inc. Series A Common Stock",NASDAQ,TRUE,WBD,alpaca_source,"Warner Bros. Discovery, Inc. Series A Common Stock",NASDAQ,active,True,True,True,True,26.885,23810169.25,-0.004259
CRWV,"CoreWeave, Inc. Class A Common Stock",NASDAQ,TRUE,CRWV,alpaca_source,"CoreWeave, Inc. Class A Common Stock",NASDAQ,active,True,True,True,True,105.435,30430152.0,-0.004297
BRSL,Brightstar Lottery PLC,NYSE,TRUE,BRSL,alpaca_source,Brightstar Lottery PLC,NYSE,active,True,True,True,True,10.755,1447264.1,-0.004338
BXSL,Blackstone Secured Lending Fund,NYSE,TRUE,BXSL,alpaca_source,Blackstone Secured Lending Fund,NYSE,active,True,True,False,True,23.575,1660354.5,-0.004434
BXMT,"Blackstone Mortgage Trust, Inc. (NEW)",NYSE,TRUE,BXMT,alpaca_source,"Blackstone Mortgage Trust, Inc. (NEW)",NYSE,active,True,True,True,True,18.155,1210438.6,-0.00466
NUE,Nucor Corporation,NYSE,TRUE,NUE,alpaca_source,Nucor Corporation,NYSE,active,True,True,True,True,239.17,1764683.55,-0.004661
FNF,"Fidelity National Financial, Inc.",NYSE,TRUE,FNF,alpaca_source,"Fidelity National Financial, Inc.",NYSE,active,True,True,True,True,47.69,1418138.2,-0.004714
RELY,"Remitly Global, Inc. Common Stock",NASDAQ,TRUE,RELY,alpaca_source,"Remitly Global, Inc. Common Stock",NASDAQ,active,True,True,True,True,20.29,4552919.55,-0.004904
BUFR,FT Vest Laddered Buffer ETF,BATS,TRUE,BUFR,alpaca_source,FT Vest Laddered Buffer ETF,BATS,active,True,True,True,True,36.1797,1313823.4,-0.004959
TRP,TC Energy Corporation,NYSE,TRUE,TRP,alpaca_source,TC Energy Corporation,NYSE,active,True,True,True,True,69.18,2263173.3,-0.005034
CCJ,Cameco Corporation,NYSE,TRUE,CCJ,alpaca_source,Cameco Corporation,NYSE,active,True,True,True,True,107.62,3306469.35,-0.005085
NEE,"NextEra Energy, Inc.",NYSE,TRUE,NEE,alpaca_source,"NextEra Energy, Inc.",NYSE,active,True,True,True,True,86.57,11768804.15,-0.005088
RITM,Rithm Capital Corp.,NYSE,TRUE,RITM,alpaca_source,Rithm Capital Corp.,NYSE,active,True,True,True,True,9.2201,4795258.15,-0.005383
SCHP,Schwab U.S. TIPS ETF,ARCA,TRUE,SCHP,alpaca_source,Schwab U.S. TIPS ETF,ARCA,active,True,True,True,True,26.375,4065320.35,-0.005386
FR,"First Industrial Realty Trust, Inc.",NYSE,TRUE,FR,alpaca_source,"First Industrial Realty Trust, Inc.",NYSE,active,True,True,True,True,63.695,1055128.85,-0.005387
XLK,State Street Technology Select Sector SPDR ETF,ARCA,TRUE,XLK,alpaca_source,State Street Technology Select Sector SPDR ETF,ARCA,active,True,True,True,True,183.87,15039191.75,-0.005676
CIBR,First Trust Exchange-Traded Fund II First Trust NASDAQ Cybersecurity ETF,NASDAQ,TRUE,CIBR,alpaca_source,First Trust Exchange-Traded Fund II First Trust NASDAQ Cybersecurity ETF,NASDAQ,active,True,True,True,True,84.0,1804745.75,-0.005682
UBER,"Uber Technologies, Inc.",NYSE,TRUE,UBER,alpaca_source,"Uber Technologies, Inc.",NYSE,active,True,True,True,True,69.705,21713299.5,-0.005918
CHD,"Church & Dwight Co., Inc.",NYSE,TRUE,CHD,alpaca_source,"Church & Dwight Co., Inc.",NYSE,active,True,True,True,True,96.095,2104435.15,-0.005948
DOLE,Dole plc,NYSE,TRUE,DOLE,alpaca_source,Dole plc,NYSE,active,True,True,True,True,14.19,1282429.4,-0.005954
TXRH,"Texas Roadhouse, Inc. Common Stock",NASDAQ,TRUE,TXRH,alpaca_source,"Texas Roadhouse, Inc. Common Stock",NASDAQ,active,True,True,True,True,180.3,1165202.5,-0.006179
SBUX,Starbucks Corporation Common Stock,NASDAQ,TRUE,SBUX,alpaca_source,Starbucks Corporation Common Stock,NASDAQ,active,True,True,True,True,100.79,7778184.9,-0.006212
CRVS,"Corvus Pharmaceuticals, Inc. Common Stock",NASDAQ,TRUE,CRVS,alpaca_source,"Corvus Pharmaceuticals, Inc. Common Stock",NASDAQ,active,True,True,True,True,12.75,1374083.55,-0.006235
MTZ,"MasTec, Inc.",NYSE,TRUE,MTZ,alpaca_source,"MasTec, Inc.",NYSE,active,True,True,True,True,388.3,1211406.75,-0.00627
WMB,Williams Companies Inc.,NYSE,TRUE,WMB,alpaca_source,Williams Companies Inc.,NYSE,active,True,True,True,True,75.3,6785872.6,-0.006339
MWA,"Mueller Water Products, Inc.",NYSE,TRUE,MWA,alpaca_source,"Mueller Water Products, Inc.",NYSE,active,True,True,True,True,25.61,1213965.5,-0.006594
GM,General Motors Company,NYSE,TRUE,GM,alpaca_source,General Motors Company,NYSE,active,True,True,True,True,79.08,9111704.35,-0.00675
HR,Healthcare Realty Trust Incorporated,NYSE,TRUE,HR,alpaca_source,Healthcare Realty Trust Incorporated,NYSE,active,True,True,True,True,20.421,4405038.15,-0.006761
DYNF,iShares U.S. Equity Factor Rotation Active ETF,ARCA,TRUE,DYNF,alpaca_source,iShares U.S. Equity Factor Rotation Active ETF,ARCA,active,True,True,True,True,66.63,3102401.55,-0.006782
DFAC,Dimensional U.S. Core Equity 2 ETF,ARCA,TRUE,DFAC,alpaca_source,Dimensional U.S. Core Equity 2 ETF,ARCA,active,True,True,True,True,43.6,1944134.5,-0.007286
NOMD,Nomad Foods Limited,NYSE,TRUE,NOMD,alpaca_source,Nomad Foods Limited,NYSE,active,True,True,True,True,10.135,1170552.65,-0.007346
BA,Boeing Company,NYSE,TRUE,BA,alpaca_source,Boeing Company,NYSE,active,True,True,True,True,217.29,6375136.35,-0.007355
GBTG,"Global Business Travel Group, Inc.",NYSE,TRUE,GBTG,alpaca_source,"Global Business Travel Group, Inc.",NYSE,active,True,True,True,True,9.38,3669667.9,-0.007407
CNI,Canadian National Railway,NYSE,TRUE,CNI,alpaca_source,Canadian National Railway,NYSE,active,True,True,True,True,114.89,1709573.5,-0.007498
APLD,Applied Digital Corporation Common Stock,NASDAQ,TRUE,APLD,alpaca_source,Applied Digital Corporation Common Stock,NASDAQ,active,True,True,True,True,44.8008,20467076.4,-0.007514
COUR,"Coursera, Inc.",NYSE,TRUE,COUR,alpaca_source,"Coursera, Inc.",NYSE,active,True,True,True,True,5.25,7041961.6,-0.007561
CDNS,"Cadence Design Systems, Inc. Common Stock",NASDAQ,TRUE,CDNS,alpaca_source,"Cadence Design Systems, Inc. Common Stock",NASDAQ,active,True,True,True,True,378.84,2699114.95,-0.007623
CLBT,Cellebrite DI Ltd. Ordinary Shares,NASDAQ,TRUE,CLBT,alpaca_source,Cellebrite DI Ltd. Ordinary Shares,NASDAQ,active,True,True,True,True,12.791,2153810.55,-0.00768
GLNG,Golar Lng Ltd,NASDAQ,TRUE,GLNG,alpaca_source,Golar Lng Ltd,NASDAQ,active,True,True,True,True,51.16,1301502.25,-0.00775
IQLT,iShares MSCI Intl Quality Factor ETF,ARCA,TRUE,IQLT,alpaca_source,iShares MSCI Intl Quality Factor ETF,ARCA,active,True,True,True,True,48.475,1251334.3,-0.008052
BBJP,JPMorgan BetaBuilders Japan ETF,BATS,TRUE,BBJP,alpaca_source,JPMorgan BetaBuilders Japan ETF,BATS,active,True,True,True,True,74.84,1372670.05,-0.008085
BFLX,BlackRock ETF Trust iShares Flexible Equity Active ETF,NASDAQ,TRUE,BFLX,alpaca_source,BlackRock ETF Trust iShares Flexible Equity Active ETF,NASDAQ,active,True,True,True,True,25.4,1408116.7,-0.0082
CLM,"Cornerstone Strategic Investment Fund, Inc.",AMEX,TRUE,CLM,alpaca_source,"Cornerstone Strategic Investment Fund, Inc.",AMEX,active,True,True,True,True,7.395,1619155.65,-0.008296
CGUS,Capital Group Core Equity ETF,ARCA,TRUE,CGUS,alpaca_source,Capital Group Core Equity ETF,ARCA,active,True,True,False,True,43.495,1228269.8,-0.008322
TRGP,Targa Resources Corp.,NYSE,TRUE,TRGP,alpaca_source,Targa Resources Corp.,NYSE,active,True,True,True,True,267.58,1145094.05,-0.008559
SSNC,"SS&C Technologies Holdings, Inc. Common Stock",NASDAQ,TRUE,SSNC,alpaca_source,"SS&C Technologies Holdings, Inc. Common Stock",NASDAQ,active,True,True,True,True,65.9,2405194.15,-0.008622
UTI,"Universal Technical Institute, Inc.",NYSE,TRUE,UTI,alpaca_source,"Universal Technical Institute, Inc.",NYSE,active,True,True,True,True,39.62,1651598.25,-0.008757
KEYS,"Keysight Technologies, Inc.",NYSE,TRUE,KEYS,alpaca_source,"Keysight Technologies, Inc.",NYSE,active,True,True,True,True,352.62,1569694.15,-0.00877
CORO,BlackRock ETF Trust iShares International Country Rotation Active ETF,NASDAQ,TRUE,CORO,alpaca_source,BlackRock ETF Trust iShares International Country Rotation Active ETF,NASDAQ,active,True,True,False,True,36.0957,6069039.8,-0.008904
O,Realty Income Corporation,NYSE,TRUE,O,alpaca_source,Realty Income Corporation,NYSE,active,True,True,True,True,61.615,6647056.0,-0.009017
ESGE,"iShares, Inc. iShares ESG Aware MSCI EM ETF",NASDAQ,TRUE,ESGE,alpaca_source,"iShares, Inc. iShares ESG Aware MSCI EM ETF",NASDAQ,active,True,True,True,True,53.64,1377649.4,-0.009588
GRNY,FundStrat Granny Shots US Large Cap ETF,ARCA,TRUE,GRNY,alpaca_source,FundStrat Granny Shots US Large Cap ETF,ARCA,active,True,True,True,True,27.025,1957182.95,-0.009711
SPEM,State Street SPDR Portfolio Emerging Markets ETF,ARCA,TRUE,SPEM,alpaca_source,State Street SPDR Portfolio Emerging Markets ETF,ARCA,active,True,True,True,True,51.4399,2242593.1,-0.009971
APG,APi Group Corporation,NYSE,TRUE,APG,alpaca_source,APi Group Corporation,NYSE,active,True,True,True,True,41.88,2955791.15,-0.010163
EFA,iShares MSCI EAFE ETF,ARCA,TRUE,EFA,alpaca_source,iShares MSCI EAFE ETF,ARCA,active,True,True,True,True,102.4302,14665694.95,-0.010262
ACWX,iShares MSCI ACWI ex US ETF,NASDAQ,TRUE,ACWX,alpaca_source,iShares MSCI ACWI ex US ETF,NASDAQ,active,True,True,True,True,74.9451,1875343.35,-0.010321
AMDL,GraniteShares ETF Trust GraniteShares 2x Long AMD Daily ETF,NASDAQ,TRUE,AMDL,alpaca_source,GraniteShares ETF Trust GraniteShares 2x Long AMD Daily ETF,NASDAQ,active,True,True,False,True,66.205,5196058.8,-0.010389
SCHE,Schwab Emerging Markets Equity ETF,ARCA,TRUE,SCHE,alpaca_source,Schwab Emerging Markets Equity ETF,ARCA,active,True,True,True,True,36.065,3255826.2,-0.010562
EQR,Equity Residential,NYSE,TRUE,EQR,alpaca_source,Equity Residential,NYSE,active,True,True,True,True,65.43,3340960.3,-0.010585
IVR,Invesco Mortgage Capital Inc.,NYSE,TRUE,IVR,alpaca_source,Invesco Mortgage Capital Inc.,NYSE,active,True,True,True,True,7.835,2361756.8,-0.010732
ADC,Agree Realty Corporation,NYSE,TRUE,ADC,alpaca_source,Agree Realty Corporation,NYSE,active,True,True,True,True,74.42,1229232.7,-0.010893
SFM,"Sprouts Farmers Market, Inc. Common Stock",NASDAQ,TRUE,SFM,alpaca_source,"Sprouts Farmers Market, Inc. Common Stock",NASDAQ,active,True,True,True,True,84.67,1952340.65,-0.011211
DDOG,"Datadog, Inc. Class A Common Stock",NASDAQ,TRUE,DDOG,alpaca_source,"Datadog, Inc. Class A Common Stock",NASDAQ,active,True,True,True,True,221.11,5936086.25,-0.011357
MA,Mastercard Incorporated,NYSE,TRUE,MA,alpaca_source,Mastercard Incorporated,NYSE,active,True,True,True,True,487.335,3922200.55,-0.011511
QUAL,iShares MSCI USA Quality Factor ETF,BATS,TRUE,QUAL,alpaca_source,iShares MSCI USA Quality Factor ETF,BATS,active,True,True,True,True,212.86,3111603.2,-0.011819
MURGY,Muenchener Re Group AG Unsponsored ADR (Germany),OTC,TRUE,MURGY,alpaca_source,Muenchener Re Group AG Unsponsored ADR (Germany),OTC,active,True,False,False,True,10.82,1129936.9,-0.011872
CRF,"Cornerstone Total Return Fund, Inc",AMEX,TRUE,CRF,alpaca_source,"Cornerstone Total Return Fund, Inc",AMEX,active,True,True,False,True,7.055,1084219.85,-0.011954
MUR,Murphy Oil Corp.,NYSE,TRUE,MUR,alpaca_source,Murphy Oil Corp.,NYSE,active,True,True,True,True,36.04,1842474.95,-0.012061
SPCX,Space Exploration Technologies Corp. Class A Common Stock,NASDAQ,TRUE,SPCX,alpaca_source,Space Exploration Technologies Corp. Class A Common Stock,NASDAQ,active,True,True,False,True,159.0,249457390.0,-0.012116
INVH,Invitation Homes Inc. Common Stock,NYSE,TRUE,INVH,alpaca_source,Invitation Homes Inc. Common Stock,NYSE,active,True,True,True,True,29.0425,6247030.65,-0.01216
JBI,"Janus International Group, Inc.",NYSE,TRUE,JBI,alpaca_source,"Janus International Group, Inc.",NYSE,active,True,True,True,True,5.245,1978751.5,-0.012241
HCA,"HCA Healthcare, Inc.",NYSE,TRUE,HCA,alpaca_source,"HCA Healthcare, Inc.",NYSE,active,True,True,True,True,386.8218,1756027.15,-0.01229
IFF,International Flavors & Fragrances Inc.,NYSE,TRUE,IFF,alpaca_source,International Flavors & Fragrances Inc.,NYSE,active,True,True,True,True,74.54,2107639.25,-0.012335
VST,Vistra Corp.,NYSE,TRUE,VST,alpaca_source,Vistra Corp.,NYSE,active,True,True,True,True,162.28,4575944.65,-0.012474
PHG,KONINKLIJKE PHILIPS  N.V.,NYSE,TRUE,PHG,alpaca_source,KONINKLIJKE PHILIPS  N.V.,NYSE,active,True,True,True,True,26.6,1184214.0,-0.012621
CM,Canadian Imperial Bank of Commerce,NYSE,TRUE,CM,alpaca_source,Canadian Imperial Bank of Commerce,NYSE,active,True,True,True,True,114.31,1338578.7,-0.012697
OTIS,Otis Worldwide Corporation,NYSE,TRUE,OTIS,alpaca_source,Otis Worldwide Corporation,NYSE,active,True,True,True,True,71.8,3674565.45,-0.012787
IEUR,iShares Core MSCI Europe ETF,ARCA,TRUE,IEUR,alpaca_source,iShares Core MSCI Europe ETF,ARCA,active,True,True,True,True,73.8466,1029619.8,-0.012868
FENI,Fidelity Enhanced International ETF,ARCA,TRUE,FENI,alpaca_source,Fidelity Enhanced International ETF,ARCA,active,True,True,False,True,39.595,1568812.2,-0.013054
VGK,Vanguard FTSE Europe ETF,ARCA,TRUE,VGK,alpaca_source,Vanguard FTSE Europe ETF,ARCA,active,True,True,True,True,87.115,2959064.4,-0.01317
SRRK,Scholar Rock Holding Corporation Common Stock,NASDAQ,TRUE,SRRK,alpaca_source,Scholar Rock Holding Corporation Common Stock,NASDAQ,active,True,True,True,True,50.83,1337058.55,-0.013201
PDI,PIMCO Dynamic Income Fund,NYSE,TRUE,PDI,alpaca_source,PIMCO Dynamic Income Fund,NYSE,active,True,True,True,True,16.22,2911416.0,-0.01321
GTX,Garrett Motion Inc. Common Stock,NASDAQ,TRUE,GTX,alpaca_source,Garrett Motion Inc. Common Stock,NASDAQ,active,True,True,True,True,33.37,2721019.7,-0.013225
PSX,PHILLIPS 66,NYSE,TRUE,PSX,alpaca_source,PHILLIPS 66,NYSE,active,True,True,True,True,171.56,2440036.85,-0.013343
EOG,"EOG Resources, Inc.",NYSE,TRUE,EOG,alpaca_source,"EOG Resources, Inc.",NYSE,active,True,True,True,True,134.36,3986401.05,-0.01351
EEM,iShares MSCI Emerging Markets ETF,ARCA,TRUE,EEM,alpaca_source,iShares MSCI Emerging Markets ETF,ARCA,active,True,True,True,True,67.125,33289265.05,-0.013539
VEU,Vanguard FTSE All-World Ex-US ETF,ARCA,TRUE,VEU,alpaca_source,Vanguard FTSE All-World Ex-US ETF,ARCA,active,True,True,True,True,82.56,2720777.7,-0.013597
CTAS,Cintas Corporation Common Stock,NASDAQ,TRUE,CTAS,alpaca_source,Cintas Corporation Common Stock,NASDAQ,active,True,True,True,True,168.755,2353499.6,-0.013648
CNH,CNH INDUSTRIAL N.V.,NYSE,TRUE,CNH,alpaca_source,CNH INDUSTRIAL N.V.,NYSE,active,True,True,True,True,10.11,10793126.45,-0.013659
IEFA,iShares Core MSCI EAFE ETF,BATS,TRUE,IEFA,alpaca_source,iShares Core MSCI EAFE ETF,BATS,active,True,True,True,True,95.415,9891086.1,-0.013659
GEHC,GE HealthCare Technologies Inc. Common Stock,NASDAQ,TRUE,GEHC,alpaca_source,GE HealthCare Technologies Inc. Common Stock,NASDAQ,active,True,True,True,True,63.3,4729233.55,-0.013711
GPIQ,Goldman Sachs ETF Trust Goldman Sachs Nasdaq-100 Premium Income ETF,NASDAQ,TRUE,GPIQ,alpaca_source,Goldman Sachs ETF Trust Goldman Sachs Nasdaq-100 Premium Income ETF,NASDAQ,active,True,True,True,True,57.58,1487351.25,-0.013972
IDEV,iShares Core MSCI International Developed Markets ETF,ARCA,TRUE,IDEV,alpaca_source,iShares Core MSCI International Developed Markets ETF,ARCA,active,True,True,True,True,88.015,1352281.85,-0.013978
ARI,"APOLLO COMMERCIAL REAL ESTATE FINANCE, INC.",NYSE,TRUE,ARI,alpaca_source,"APOLLO COMMERCIAL REAL ESTATE FINANCE, INC.",NYSE,active,True,True,True,True,10.885,1614863.65,-0.01404
BDX,"Becton, Dickinson and Co.",NYSE,TRUE,BDX,alpaca_source,"Becton, Dickinson and Co.",NYSE,active,True,True,True,True,144.655,2552933.25,-0.014045
VWO,Vanguard FTSE Emerging Markets ETF,ARCA,TRUE,VWO,alpaca_source,Vanguard FTSE Emerging Markets ETF,ARCA,active,True,True,True,True,59.31,8604819.65,-0.014104
BKH,Black Hills Corporation,NYSE,TRUE,BKH,alpaca_source,Black Hills Corporation,NYSE,active,True,True,True,True,73.69,1150356.9,-0.014312
NI,NiSource Inc.,NYSE,TRUE,NI,alpaca_source,NiSource Inc.,NYSE,active,True,True,True,True,47.115,3537165.0,-0.01433
FLO,"Flowers Foods, Inc.",NYSE,TRUE,FLO,alpaca_source,"Flowers Foods, Inc.",NYSE,active,True,True,True,True,7.555,7006913.5,-0.014372
CRNX,"Crinetics Pharmaceuticals, Inc. Common Stock",NASDAQ,TRUE,CRNX,alpaca_source,"Crinetics Pharmaceuticals, Inc. Common Stock",NASDAQ,active,True,True,True,True,36.25,1015033.3,-0.01441
SYK,Stryker Corporation,NYSE,TRUE,SYK,alpaca_source,Stryker Corporation,NYSE,active,True,True,True,True,308.485,2654347.95,-0.014425
KMI,"Kinder Morgan, Inc.",NYSE,TRUE,KMI,alpaca_source,"Kinder Morgan, Inc.",NYSE,active,True,True,True,True,32.395,9548797.15,-0.014451
SCHF,Schwab International Equity ETF,ARCA,TRUE,SCHF,alpaca_source,Schwab International Equity ETF,ARCA,active,True,True,True,True,27.375,7844349.75,-0.014579
OMC,Omnicom Group Inc.,NYSE,TRUE,OMC,alpaca_source,Omnicom Group Inc.,NYSE,active,True,True,True,True,72.54,4372473.05,-0.014709
PEP,"PepsiCo, Inc. Common Stock",NASDAQ,TRUE,PEP,alpaca_source,"PepsiCo, Inc. Common Stock",NASDAQ,active,True,True,True,True,142.015,9370996.3,-0.014901
TGOPY,3i Group Plc Unsponsored ADR (UK),OTC,TRUE,TGOPY,alpaca_source,3i Group Plc Unsponsored ADR (UK),OTC,active,True,False,False,True,7.5,1460992.45,-0.014956
IXUS,iShares Core MSCI Total International Stock ETF,NASDAQ,TRUE,IXUS,alpaca_source,iShares Core MSCI Total International Stock ETF,NASDAQ,active,True,True,True,True,94.185,2022308.75,-0.015117
EWC,iShares MSCI Canada ETF,ARCA,TRUE,EWC,alpaca_source,iShares MSCI Canada ETF,ARCA,active,True,True,True,True,57.54,1865435.65,-0.015152
MFA,"MFA Financial, Inc",NYSE,TRUE,MFA,alpaca_source,"MFA Financial, Inc",NYSE,active,True,True,True,True,9.415,1511084.25,-0.015167
CAVA,"CAVA Group, Inc.",NYSE,TRUE,CAVA,alpaca_source,"CAVA Group, Inc.",NYSE,active,True,True,True,True,79.095,2924681.2,-0.015251
ITOT,iShares Core S&P Total U.S. Stock Market ETF,ARCA,TRUE,ITOT,alpaca_source,iShares Core S&P Total U.S. Stock Market ETF,ARCA,active,True,True,True,True,161.2,2349910.35,-0.015256
AOS,A.O. Smith Corporation,NYSE,TRUE,AOS,alpaca_source,A.O. Smith Corporation,NYSE,active,True,True,True,True,57.44,1791240.55,-0.015258
ACWI,iShares MSCI ACWI ETF,NASDAQ,TRUE,ACWI,alpaca_source,iShares MSCI ACWI ETF,NASDAQ,active,True,True,True,True,154.425,3592294.65,-0.015279
SHC,Sotera Health Company Common Stock,NASDAQ,TRUE,SHC,alpaca_source,Sotera Health Company Common Stock,NASDAQ,active,True,True,True,True,15.715,2475100.2,-0.015351
SCHB,Schwab U.S. Broad Market ETF,ARCA,TRUE,SCHB,alpaca_source,Schwab U.S. Broad Market ETF,ARCA,active,True,True,True,True,28.485,10644834.5,-0.015382
PBA,PEMBINA PIPELINE CORPORATION,NYSE,TRUE,PBA,alpaca_source,PEMBINA PIPELINE CORPORATION,NYSE,active,True,True,True,True,47.02,1542550.25,-0.015407
BUG,Global X Funds Global X Cybersecurity ETF,NASDAQ,TRUE,BUG,alpaca_source,Global X Funds Global X Cybersecurity ETF,NASDAQ,active,True,True,True,True,34.015,1200735.45,-0.015485
RONB,Baron First Principles ETF,NYSE,TRUE,RONB,alpaca_source,Baron First Principles ETF,NYSE,active,True,True,False,True,23.49,1711722.1,-0.015507
VTI,Vanguard Total Stock Market ETF,ARCA,TRUE,VTI,alpaca_source,Vanguard Total Stock Market ETF,ARCA,active,True,True,True,True,363.705,3749740.3,-0.015577
EW,Edwards Lifesciences Corp,NYSE,TRUE,EW,alpaca_source,Edwards Lifesciences Corp,NYSE,active,True,True,True,True,86.17,5088596.4,-0.01565
MCO,Moody's Corporation,NYSE,TRUE,MCO,alpaca_source,Moody's Corporation,NYSE,active,True,True,True,True,444.03,1017903.45,-0.015673
BZ,KANZHUN LIMITED American Depository Shares,NASDAQ,TRUE,BZ,alpaca_source,KANZHUN LIMITED American Depository Shares,NASDAQ,active,True,True,True,True,13.1,3857798.9,-0.015778
PR,Permian Resources Corporation,NYSE,TRUE,PR,alpaca_source,Permian Resources Corporation,NYSE,active,True,True,True,True,19.155,10632298.5,-0.015866
VXUS,Vanguard STAR Funds Vanguard Total International Stock ETF,NASDAQ,TRUE,VXUS,alpaca_source,Vanguard STAR Funds Vanguard Total International Stock ETF,NASDAQ,active,True,True,True,True,84.35,6580211.15,-0.01603
VT,Vanguard Total World Stock ETF,ARCA,TRUE,VT,alpaca_source,Vanguard Total World Stock ETF,ARCA,active,True,True,True,True,154.29,4162607.8,-0.016092
THRO,iShares U.S. Thematic Rotation Active ETF,ARCA,TRUE,THRO,alpaca_source,iShares U.S. Thematic Rotation Active ETF,ARCA,active,True,True,True,True,42.365,4306520.45,-0.016175
GT,The Goodyear Tire & Rubber Company Common Stock,NASDAQ,TRUE,GT,alpaca_source,The Goodyear Tire & Rubber Company Common Stock,NASDAQ,active,True,True,True,True,5.9301,8372991.85,-0.016567
SPYI,NEOS S&P 500 High Income ETF,BATS,TRUE,SPYI,alpaca_source,NEOS S&P 500 High Income ETF,BATS,active,True,True,True,True,52.2,3130064.05,-0.016615
SPDW,State Street SPDR Portfolio Developed World ex-US ETF,ARCA,TRUE,SPDW,alpaca_source,State Street SPDR Portfolio Developed World ex-US ETF,ARCA,active,True,True,True,True,49.585,3001845.85,-0.016709
BRSP,"BrightSpire Capital, Inc.",NYSE,TRUE,BRSP,alpaca_source,"BrightSpire Capital, Inc.",NYSE,active,True,True,True,True,5.585,1150300.4,-0.016725
SMTC,Semtech Corporation Common Stock,NASDAQ,TRUE,SMTC,alpaca_source,Semtech Corporation Common Stock,NASDAQ,active,True,True,True,True,161.67,4374969.55,-0.016965
YPF,YPF Sociedad Anonima,NYSE,TRUE,YPF,alpaca_source,YPF Sociedad Anonima,NYSE,active,True,True,True,True,47.77,2074099.05,-0.017078
RWM,ProShares Short Russell2000,ARCA,TRUE,RWM,alpaca_source,ProShares Short Russell2000,ARCA,active,True,True,False,True,13.6707,15799367.0,-0.017203
SARO,"StandardAero, Inc.",NYSE,TRUE,SARO,alpaca_source,"StandardAero, Inc.",NYSE,active,True,True,True,True,26.58,4111721.1,-0.017375
AQN,Algonquin Power & Utilities Corp,NYSE,TRUE,AQN,alpaca_source,Algonquin Power & Utilities Corp,NYSE,active,True,True,True,True,5.915,4786183.85,-0.017442
VEA,Vanguard FTSE Developed Markets ETF,ARCA,TRUE,VEA,alpaca_source,Vanguard FTSE Developed Markets ETF,ARCA,active,True,True,True,True,70.155,11096495.95,-0.017494
TWO,Two Harbors Investment Corp.,NYSE,TRUE,TWO,alpaca_source,Two Harbors Investment Corp.,NYSE,active,True,True,True,True,12.32,1298279.35,-0.017544
KBR,"KBR, Inc.",NYSE,TRUE,KBR,alpaca_source,"KBR, Inc.",NYSE,active,True,True,True,True,32.78,1840586.3,-0.017553
NTST,NetSTREIT Corp.,NYSE,TRUE,NTST,alpaca_source,NetSTREIT Corp.,NYSE,active,True,True,True,True,19.775,1374559.05,-0.017588
AVEM,Avantis Emerging Markets Equity ETF,ARCA,TRUE,AVEM,alpaca_source,Avantis Emerging Markets Equity ETF,ARCA,active,True,True,True,True,94.67,1869101.2,-0.01762
ADM,Archer Daniels Midland Company,NYSE,TRUE,ADM,alpaca_source,Archer Daniels Midland Company,NYSE,active,True,True,True,True,76.615,3595467.0,-0.017882
EWA,iShares MSCI Australia ETF,ARCA,TRUE,EWA,alpaca_source,iShares MSCI Australia ETF,ARCA,active,True,True,True,True,28.035,2441591.0,-0.017995
SNDX,"Syndax Pharmaceuticals, Inc. Common Stock",NASDAQ,TRUE,SNDX,alpaca_source,"Syndax Pharmaceuticals, Inc. Common Stock",NASDAQ,active,True,True,True,True,19.54,1929293.3,-0.01809
MGA,Magna International,NYSE,TRUE,MGA,alpaca_source,Magna International,NYSE,active,True,True,True,True,64.02,1097255.85,-0.018098
EFV,iShares MSCI EAFE Value ETF,BATS,TRUE,EFV,alpaca_source,iShares MSCI EAFE Value ETF,BATS,active,True,True,True,True,75.925,7719154.5,-0.018104
VGT,Vanguard Information Technology ETF,ARCA,TRUE,VGT,alpaca_source,Vanguard Information Technology ETF,ARCA,active,True,True,True,True,115.9001,5657725.2,-0.018212
UGI,UGI Corporation,NYSE,TRUE,UGI,alpaca_source,UGI Corporation,NYSE,active,True,True,True,True,34.83,1665020.15,-0.018213
LEN,Lennar Corporation Class A,NYSE,TRUE,LEN,alpaca_source,Lennar Corporation Class A,NYSE,active,True,True,True,True,87.65,2958951.9,-0.018367
DAPP,VanEck Digital Transformation ETF,NASDAQ,TRUE,DAPP,alpaca_source,VanEck Digital Transformation ETF,NASDAQ,active,True,True,False,True,21.35,1104282.75,-0.018391
HQY,"HealthEquity, Inc. Common Stock",NASDAQ,TRUE,HQY,alpaca_source,"HealthEquity, Inc. Common Stock",NASDAQ,active,True,True,True,True,85.645,1043472.55,-0.018395
PHAT,"Phathom Pharmaceuticals, Inc. Common Stock",NASDAQ,TRUE,PHAT,alpaca_source,"Phathom Pharmaceuticals, Inc. Common Stock",NASDAQ,active,True,True,True,True,10.895,1054708.1,-0.018468
FSK,FS KKR Capital Corp. Common Stock,NYSE,TRUE,FSK,alpaca_source,FS KKR Capital Corp. Common Stock,NYSE,active,True,True,False,True,10.215,2806190.5,-0.018548
VISN,"Vistance Networks, Inc. Common Stock",NASDAQ,TRUE,VISN,alpaca_source,"Vistance Networks, Inc. Common Stock",NASDAQ,active,True,True,True,True,12.435,5270093.2,-0.018548
USMV,iShares MSCI USA Min Vol Factor ETF,BATS,TRUE,USMV,alpaca_source,iShares MSCI USA Min Vol Factor ETF,BATS,active,True,True,True,True,94.39,2197344.55,-0.018699
PLNT,"Planet Fitness, Inc.",NYSE,TRUE,PLNT,alpaca_source,"Planet Fitness, Inc.",NYSE,active,True,True,True,True,51.585,1931724.8,-0.018737
GOF,Guggenheim Strategic Opportunities Fund,NYSE,TRUE,GOF,alpaca_source,Guggenheim Strategic Opportunities Fund,NYSE,active,True,True,True,True,10.625,1397958.2,-0.018793
SCHX,Schwab U.S. Large- Cap ETF,ARCA,TRUE,SCHX,alpaca_source,Schwab U.S. Large- Cap ETF,ARCA,active,True,True,True,True,28.975,14177752.05,-0.018794
PPC,Pilgrim's Pride Corporation Common Stock,NASDAQ,TRUE,PPC,alpaca_source,Pilgrim's Pride Corporation Common Stock,NASDAQ,active,True,True,True,True,27.675,1490328.0,-0.018965
TEL,TE Connectivity plc,NYSE,TRUE,TEL,alpaca_source,TE Connectivity plc,NYSE,active,True,True,True,True,204.64,2619323.0,-0.018984
IHS,IHS Holding Limited,NYSE,TRUE,IHS,alpaca_source,IHS Holding Limited,NYSE,active,True,True,True,True,8.211,1460841.6,-0.018996
YELP,YELP INC.,NYSE,TRUE,YELP,alpaca_source,YELP INC.,NYSE,active,True,True,True,True,22.49,1275398.5,-0.019189
FWONK,Liberty Media Corporation Series C Liberty Formula One Common Stock,NASDAQ,TRUE,FWONK,alpaca_source,Liberty Media Corporation Series C Liberty Formula One Common Stock,NASDAQ,active,True,True,True,True,89.65,1708634.4,-0.019254
TNDM,"Tandem Diabetes Care, Inc. Common Stock",NASDAQ,TRUE,TNDM,alpaca_source,"Tandem Diabetes Care, Inc. Common Stock",NASDAQ,active,True,True,True,True,14.26,2662318.2,-0.019257
PM,Philip Morris International Inc.,NYSE,TRUE,PM,alpaca_source,Philip Morris International Inc.,NYSE,active,True,True,True,True,177.99,4847337.45,-0.019501
HPQ,HP Inc.,NYSE,TRUE,HPQ,alpaca_source,HP Inc.,NYSE,active,True,True,True,True,23.665,24075571.95,-0.01952
DBMF,iMGP DBi Managed Futures Strategy ETF,ARCA,TRUE,DBMF,alpaca_source,iMGP DBi Managed Futures Strategy ETF,ARCA,active,True,True,True,True,30.56,1530648.75,-0.01957
KKR,KKR & Co. Inc.,NYSE,TRUE,KKR,alpaca_source,KKR & Co. Inc.,NYSE,active,True,True,True,True,93.12,4314108.45,-0.019686
IVV,iShares Core S&P 500 ETF,ARCA,TRUE,IVV,alpaca_source,iShares Core S&P 500 ETF,ARCA,active,True,True,True,True,737.18,12235726.9,-0.019721
RBGLY,RECKITT BENCKISER GROUP PLC SPONSORED ADR NEW (United Kingdom),OTC,TRUE,RBGLY,alpaca_source,RECKITT BENCKISER GROUP PLC SPONSORED ADR NEW (United Kingdom),OTC,active,True,False,True,True,12.4,1154700.4,-0.019763
IEMG,iShares Core MSCI Emerging Markets ETF,ARCA,TRUE,IEMG,alpaca_source,iShares Core MSCI Emerging Markets ETF,ARCA,active,True,True,True,True,81.265,15019401.6,-0.01977
VOO,Vanguard S&P 500 ETF,ARCA,TRUE,VOO,alpaca_source,Vanguard S&P 500 ETF,ARCA,active,True,True,True,True,676.27,10595353.1,-0.019913
SPYM,State Street SPDR Portfolio S&P 500 ETF,ARCA,TRUE,SPYM,alpaca_source,State Street SPDR Portfolio S&P 500 ETF,ARCA,active,True,True,True,True,86.335,16834692.45,-0.019999
INFQ,"Infleqtion, Inc.",NYSE,TRUE,INFQ,alpaca_source,"Infleqtion, Inc.",NYSE,active,True,True,True,True,15.5602,21695893.85,-0.020139
SPY,State Street SPDR S&P 500 ETF Trust,ARCA,TRUE,SPY,alpaca_source,State Street SPDR S&P 500 ETF Trust,ARCA,active,True,True,True,True,733.57,58130647.5,-0.020158
CQQQ,Invesco China Technology ETF,ARCA,TRUE,CQQQ,alpaca_source,Invesco China Technology ETF,ARCA,active,True,True,False,True,53.42,1279149.55,-0.020176
GGG,Graco Inc,NYSE,TRUE,GGG,alpaca_source,Graco Inc,NYSE,active,True,True,True,True,74.79,1364604.0,-0.020176
IVLU,iShares MSCI Intl Value Factor ETF,ARCA,TRUE,IVLU,alpaca_source,iShares MSCI Intl Value Factor ETF,ARCA,active,True,True,True,True,41.635,1010563.45,-0.020242
GLW,Corning Incorporated,NYSE,TRUE,GLW,alpaca_source,Corning Incorporated,NYSE,active,True,True,True,True,191.9,13009506.5,-0.020268
VRT,Vertiv Holdings Co Class A Common Stock,NYSE,TRUE,VRT,alpaca_source,Vertiv Holdings Co Class A Common Stock,NYSE,active,True,True,True,True,317.2499,6204419.3,-0.020358
ALNY,"Alnylam Pharmaceuticals, Inc. Common Stock",NASDAQ,TRUE,ALNY,alpaca_source,"Alnylam Pharmaceuticals, Inc. Common Stock",NASDAQ,active,True,True,True,True,289.47,1201411.8,-0.020406
TSSI,"TSS, Inc. Common Stock",NASDAQ,TRUE,TSSI,alpaca_source,"TSS, Inc. Common Stock",NASDAQ,active,True,True,True,True,12.715,1562138.25,-0.020416
FBRT,"Franklin BSP Realty Trust, Inc.",NYSE,TRUE,FBRT,alpaca_source,"Franklin BSP Realty Trust, Inc.",NYSE,active,True,True,True,True,8.355,1145990.1,-0.020516
AVB,"AvalonBay Communities, Inc.",NYSE,TRUE,AVB,alpaca_source,"AvalonBay Communities, Inc.",NYSE,active,True,True,True,True,181.2801,1197785.05,-0.020584
QQQI,NEOS ETF Trust NEOS Nasdaq 100 High Income ETF,NASDAQ,TRUE,QQQI,alpaca_source,NEOS ETF Trust NEOS Nasdaq 100 High Income ETF,NASDAQ,active,True,True,True,True,55.045,7085592.05,-0.020587
ACGL,Arch Capital Group Ltd. Common Stock,NASDAQ,TRUE,ACGL,alpaca_source,Arch Capital Group Ltd. Common Stock,NASDAQ,active,True,True,True,True,93.4,2574672.55,-0.020656
ROST,"Ross Stores, Inc. Common Stock",NASDAQ,TRUE,ROST,alpaca_source,"Ross Stores, Inc. Common Stock",NASDAQ,active,True,True,True,True,229.35,3346988.05,-0.020796
MCD,McDonald's Corporation,NYSE,TRUE,MCD,alpaca_source,McDonald's Corporation,NYSE,active,True,True,True,True,271.58,4434235.15,-0.020906
BIRK,Birkenstock Holding plc,NYSE,TRUE,BIRK,alpaca_source,Birkenstock Holding plc,NYSE,active,True,True,False,True,42.62,2629073.8,-0.02113
DOG,ProShares Short Dow30,ARCA,TRUE,DOG,alpaca_source,ProShares Short Dow30,ARCA,active,True,True,True,True,22.0536,2120588.55,-0.021145
AVDE,Avantis International Equity ETF,ARCA,TRUE,AVDE,alpaca_source,Avantis International Equity ETF,ARCA,active,True,True,True,True,88.86,1046073.7,-0.021152
SCHD,Schwab US Dividend Equity ETF,ARCA,TRUE,SCHD,alpaca_source,Schwab US Dividend Equity ETF,ARCA,active,True,True,True,True,31.975,21283682.35,-0.021273
MTCH,"Match Group, Inc. Common Stock",NASDAQ,TRUE,MTCH,alpaca_source,"Match Group, Inc. Common Stock",NASDAQ,active,True,True,True,True,35.185,2987847.65,-0.02128
VLTO,Veralto Corporation,NYSE,TRUE,VLTO,alpaca_source,Veralto Corporation,NYSE,active,True,True,True,True,84.21,2551487.6,-0.021383
AMT,American Tower Corporation,NYSE,TRUE,AMT,alpaca_source,American Tower Corporation,NYSE,active,True,True,True,True,179.25,3092084.55,-0.021568
PURR,Hyperliquid Strategies Inc Common Stock,NASDAQ,TRUE,PURR,alpaca_source,Hyperliquid Strategies Inc Common Stock,NASDAQ,active,True,True,True,True,8.265,20002691.25,-0.021893
TAP,Molson Coors Beverage Company Class B,NYSE,TRUE,TAP,alpaca_source,Molson Coors Beverage Company Class B,NYSE,active,True,True,True,True,39.84,3349682.5,-0.022144
ET,Energy Transfer LP Common Units representing limited partner interests,NYSE,TRUE,ET,alpaca_source,Energy Transfer LP Common Units representing limited partner interests,NYSE,active,True,True,True,True,19.165,9058691.35,-0.022194
Q,"Qnity Electronics, Inc.",NYSE,TRUE,Q,alpaca_source,"Qnity Electronics, Inc.",NYSE,active,True,True,True,True,160.785,2045945.45,-0.022507
IRT,Independence Realty Trust Inc.,NYSE,TRUE,IRT,alpaca_source,Independence Realty Trust Inc.,NYSE,active,True,True,True,True,16.265,3109163.05,-0.022536
QQQM,Invesco Exchange-Traded Fund Trust II Invesco NASDAQ 100 ETF,NASDAQ,TRUE,QQQM,alpaca_source,Invesco Exchange-Traded Fund Trust II Invesco NASDAQ 100 ETF,NASDAQ,active,True,True,True,True,293.5201,4801620.7,-0.022683
OVV,Ovintiv Inc.,NYSE,TRUE,OVV,alpaca_source,Ovintiv Inc.,NYSE,active,True,True,True,True,54.89,3224268.3,-0.022877
QQQ,"Invesco QQQ Trust, Series 1",NASDAQ,TRUE,QQQ,alpaca_source,"Invesco QQQ Trust, Series 1",NASDAQ,active,True,True,True,True,712.76,49140575.7,-0.022918
MDLN,Medline Inc. Class A common stock,NASDAQ,TRUE,MDLN,alpaca_source,Medline Inc. Class A common stock,NASDAQ,active,True,True,True,True,35.3,12480381.4,-0.023783
NRG,"NRG Energy, Inc.",NYSE,TRUE,NRG,alpaca_source,"NRG Energy, Inc.",NYSE,active,True,True,True,True,137.074,2486832.3,-0.023898
NIQ,NIQ Global Intelligence plc,NYSE,TRUE,NIQ,alpaca_source,NIQ Global Intelligence plc,NYSE,active,True,True,True,True,8.15,1347277.15,-0.023952
HIG,"The Hartford Insurance Group, Inc.",NYSE,TRUE,HIG,alpaca_source,"The Hartford Insurance Group, Inc.",NYSE,active,True,True,True,True,131.44,1948673.95,-0.024355
GEV,GE Vernova Inc.,NYSE,TRUE,GEV,alpaca_source,GE Vernova Inc.,NYSE,active,True,True,True,True,1043.85,3192294.05,-0.024369
MDU,"MDU Resources Group, Inc.",NYSE,TRUE,MDU,alpaca_source,"MDU Resources Group, Inc.",NYSE,active,True,True,True,True,21.58,1566493.8,-0.024523
WWW,"Wolverine World Wide, Inc.",NYSE,TRUE,WWW,alpaca_source,"Wolverine World Wide, Inc.",NYSE,active,True,True,True,True,16.735,1073042.0,-0.024767
ALTO,"Alto Ingredients, Inc. Common Stock",NASDAQ,TRUE,ALTO,alpaca_source,"Alto Ingredients, Inc. Common Stock",NASDAQ,active,True,True,True,True,5.09,2602779.45,-0.024904
DFAE,Dimensional Emerging Core Equity Market ETF,ARCA,TRUE,DFAE,alpaca_source,Dimensional Emerging Core Equity Market ETF,ARCA,active,True,True,True,True,39.5,1304124.8,-0.024932
OSS,"One Stop Systems, Inc. Common Stock",NASDAQ,TRUE,OSS,alpaca_source,"One Stop Systems, Inc. Common Stock",NASDAQ,active,True,True,True,True,17.005,1332910.1,-0.024943
EWU,iShares MSCI United Kingdom ETF,ARCA,TRUE,EWU,alpaca_source,iShares MSCI United Kingdom ETF,ARCA,active,True,True,False,True,45.57,1521706.85,-0.025247
KT,KT Corp.,NYSE,TRUE,KT,alpaca_source,KT Corp.,NYSE,active,True,True,True,True,17.75,2025007.9,-0.025261
IVZ,Invesco LTD,NYSE,TRUE,IVZ,alpaca_source,Invesco LTD,NYSE,active,True,True,True,True,26.99,5374931.1,-0.02528
JBL,Jabil Inc.,NYSE,TRUE,JBL,alpaca_source,Jabil Inc.,NYSE,active,True,True,True,True,370.48,1359771.05,-0.025694
ZETA,Zeta Global Holdings Corp.,NYSE,TRUE,ZETA,alpaca_source,Zeta Global Holdings Corp.,NYSE,active,True,True,True,True,19.145,9988527.15,-0.0257
SFL,SFL Corporation Ltd.,NYSE,TRUE,SFL,alpaca_source,SFL Corporation Ltd.,NYSE,active,True,True,True,True,11.545,1487136.2,-0.025738
REGN,"Regeneron Pharmaceuticals, Inc. Common Stock",NASDAQ,TRUE,REGN,alpaca_source,"Regeneron Pharmaceuticals, Inc. Common Stock",NASDAQ,active,True,True,True,True,618.26,1199610.05,-0.025779
BIZD,VanEck BDC Income ETF,ARCA,TRUE,BIZD,alpaca_source,VanEck BDC Income ETF,ARCA,active,True,True,False,True,12.245,3021277.05,-0.025855
BEPC,Brookfield Renewable Corporation Class A Exchangeable Subordinate Voting Shares,NYSE,TRUE,BEPC,alpaca_source,Brookfield Renewable Corporation Class A Exchangeable Subordinate Voting Shares,NYSE,active,True,True,True,True,37.67,1496181.65,-0.026008
TWLO,Twilio Inc.,NYSE,TRUE,TWLO,alpaca_source,Twilio Inc.,NYSE,active,True,True,True,True,184.7,2772687.35,-0.026101
PNFP,"Pinnacle Financial Partners, Inc.",NYSE,TRUE,PNFP,alpaca_source,"Pinnacle Financial Partners, Inc.",NYSE,active,True,True,True,True,95.98,1349153.1,-0.026177
DFAI,Dimensional International Core Equity Market ETF,ARCA,TRUE,DFAI,alpaca_source,Dimensional International Core Equity Market ETF,ARCA,active,True,True,True,True,40.835,1224653.45,-0.026347
NYT,New York Times Co.,NYSE,TRUE,NYT,alpaca_source,New York Times Co.,NYSE,active,True,True,True,True,73.0,1763641.45,-0.026537
USA,Liberty All-Star Equity Fund,NYSE,TRUE,USA,alpaca_source,Liberty All-Star Equity Fund,NYSE,active,True,True,True,True,5.675,1399430.7,-0.026587
ENB,"Enbridge, Inc",NYSE,TRUE,ENB,alpaca_source,"Enbridge, Inc",NYSE,active,True,True,True,True,55.48,3770816.1,-0.026837
SNN,Smith & Nephew plc,NYSE,TRUE,SNN,alpaca_source,Smith & Nephew plc,NYSE,active,True,True,False,True,29.61,1156214.55,-0.026947
FWRG,"First Watch Restaurant Group, Inc. Common Stock",NASDAQ,TRUE,FWRG,alpaca_source,"First Watch Restaurant Group, Inc. Common Stock",NASDAQ,active,True,True,True,True,11.225,1227090.65,-0.027296
SPGI,S&P Global Inc.,NYSE,TRUE,SPGI,alpaca_source,S&P Global Inc.,NYSE,active,True,True,True,True,400.215,2107553.75,-0.027476
ASTI,"Ascent Solar Technologies, Inc. Common Stock",NASDAQ,TRUE,ASTI,alpaca_source,"Ascent Solar Technologies, Inc. Common Stock",NASDAQ,active,True,True,False,True,5.485,2994713.45,-0.027482
IHI,iShares U.S. Medical Devices ETF,ARCA,TRUE,IHI,alpaca_source,iShares U.S. Medical Devices ETF,ARCA,active,True,True,True,True,48.91,2689531.5,-0.027517
OUT,OUTFRONT Media Inc.,NYSE,TRUE,OUT,alpaca_source,OUTFRONT Media Inc.,NYSE,active,True,True,True,True,32.13,1830902.15,-0.027565
TW,Tradeweb Markets Inc. Class A Common Stock,NASDAQ,TRUE,TW,alpaca_source,Tradeweb Markets Inc. Class A Common Stock,NASDAQ,active,True,True,True,True,99.32,1887165.25,-0.027582
CGGR,Capital Group Growth ETF,ARCA,TRUE,CGGR,alpaca_source,Capital Group Growth ETF,ARCA,active,True,True,True,True,45.5599,2603480.85,-0.027744
ORLY,"O'Reilly Automotive, Inc. Common Stock",NASDAQ,TRUE,ORLY,alpaca_source,"O'Reilly Automotive, Inc. Common Stock",NASDAQ,active,True,True,True,True,87.37,7874229.9,-0.027818
WPC,W.P. Carey Inc. (REIT),NYSE,TRUE,WPC,alpaca_source,W.P. Carey Inc. (REIT),NYSE,active,True,True,True,True,72.78,1663973.75,-0.028045
JBIO,"Jade Biosciences, Inc. Common Stock",NASDAQ,TRUE,JBIO,alpaca_source,"Jade Biosciences, Inc. Common Stock",NASDAQ,active,True,True,True,True,21.1,1494068.85,-0.028098
APD,"Air Products & Chemicals, Inc.",NYSE,TRUE,APD,alpaca_source,"Air Products & Chemicals, Inc.",NYSE,active,True,True,True,True,281.405,1297726.05,-0.028298
EGO,Eldorado Gold Corporation,NYSE,TRUE,EGO,alpaca_source,Eldorado Gold Corporation,NYSE,active,True,True,True,True,31.48,2894842.4,-0.028308
EL,The Estee Lauder Companies Inc. Class A,NYSE,TRUE,EL,alpaca_source,The Estee Lauder Companies Inc. Class A,NYSE,active,True,True,True,True,83.81,3955230.25,-0.028475
ALC,Alcon Inc. Ordinary Shares,NYSE,TRUE,ALC,alpaca_source,Alcon Inc. Ordinary Shares,NYSE,active,True,True,True,True,65.74,1955897.2,-0.028951
AIQ,Global X Funds Global X Artificial Intelligence & Technology ETF,NASDAQ,TRUE,AIQ,alpaca_source,Global X Funds Global X Artificial Intelligence & Technology ETF,NASDAQ,active,True,True,True,True,63.285,3435512.25,-0.029371
PPLI,People Incorporated Common Stock,NASDAQ,TRUE,PPLI,alpaca_source,People Incorporated Common Stock,NASDAQ,active,True,False,True,True,41.21,1073498.65,-0.029439
TMUS,"T-Mobile US, Inc. Common Stock",NASDAQ,TRUE,TMUS,alpaca_source,"T-Mobile US, Inc. Common Stock",NASDAQ,active,True,True,True,True,184.44,5568178.7,-0.029665
STLD,"Steel Dynamics, Inc.",NASDAQ,TRUE,STLD,alpaca_source,"Steel Dynamics, Inc.",NASDAQ,active,True,True,True,True,243.01,1318647.5,-0.029862
ANNX,"Annexon, Inc. Common Stock",NASDAQ,TRUE,ANNX,alpaca_source,"Annexon, Inc. Common Stock",NASDAQ,active,True,True,True,True,5.355,3099222.4,-0.029891
ARCC,Ares Capital Corporation Common Stock,NASDAQ,TRUE,ARCC,alpaca_source,Ares Capital Corporation Common Stock,NASDAQ,active,True,True,False,True,17.8,5268224.75,-0.030024
ST,Sensata Technologies Holding plc,NYSE,TRUE,ST,alpaca_source,Sensata Technologies Holding plc,NYSE,active,True,True,True,True,48.87,2337942.1,-0.030165
WCLD,WisdomTree Trust WisdomTree Cloud Computing Fund,NASDAQ,TRUE,WCLD,alpaca_source,WisdomTree Trust WisdomTree Cloud Computing Fund,NASDAQ,active,True,True,False,True,29.23,1194082.05,-0.030514
AMPL,"Amplitude, Inc. Class A Common Stock",NASDAQ,TRUE,AMPL,alpaca_source,"Amplitude, Inc. Class A Common Stock",NASDAQ,active,True,True,True,True,6.63,2682047.6,-0.030702
FNDF,Schwab Fundamental International Equity ETF,ARCA,TRUE,FNDF,alpaca_source,Schwab Fundamental International Equity ETF,ARCA,active,True,True,True,True,52.625,1366368.7,-0.031026
CMC,Commercial Metals Company,NYSE,TRUE,CMC,alpaca_source,Commercial Metals Company,NYSE,active,True,True,True,True,71.44,1128190.15,-0.031059
NU,Nu Holdings Ltd.,NYSE,TRUE,NU,alpaca_source,Nu Holdings Ltd.,NYSE,active,True,True,True,True,12.575,63687803.2,-0.031202
BOX,"BOX, INC.",NYSE,TRUE,BOX,alpaca_source,"BOX, INC.",NYSE,active,True,True,True,True,24.82,2669648.55,-0.031226
OKE,"Oneok, Inc.",NYSE,TRUE,OKE,alpaca_source,"Oneok, Inc.",NYSE,active,True,True,True,True,87.61,3808846.4,-0.031291
CTRI,"Centuri Holdings, Inc.",NYSE,TRUE,CTRI,alpaca_source,"Centuri Holdings, Inc.",NYSE,active,True,True,True,True,30.335,1144774.6,-0.03145
DOCN,"DigitalOcean Holdings, Inc.",NYSE,TRUE,DOCN,alpaca_source,"DigitalOcean Holdings, Inc.",NYSE,active,True,True,True,True,155.65,2835531.0,-0.031546
DFEM,Dimensional Emerging Markets Core Equity 2 ETF,ARCA,TRUE,DFEM,alpaca_source,Dimensional Emerging Markets Core Equity 2 ETF,ARCA,active,True,True,True,True,39.9,1059673.7,-0.031788
STZ,"Constellation Brands, Inc.",NYSE,TRUE,STZ,alpaca_source,"Constellation Brands, Inc.",NYSE,active,True,True,True,True,142.92,2224799.75,-0.03197
KGS,"Kodiak Gas Services, Inc.",NYSE,TRUE,KGS,alpaca_source,"Kodiak Gas Services, Inc.",NYSE,active,True,True,True,True,71.295,1654140.1,-0.031976
DBA,Invesco DB Agriculture Fund,ARCA,TRUE,DBA,alpaca_source,Invesco DB Agriculture Fund,ARCA,active,True,True,True,True,26.59,1326880.05,-0.032035
AKR,Acadia Realty Trust,NYSE,TRUE,AKR,alpaca_source,Acadia Realty Trust,NYSE,active,True,True,True,True,21.62,1609492.25,-0.032229
PMT,PennyMac Mortgage Investment Trust,NYSE,TRUE,PMT,alpaca_source,PennyMac Mortgage Investment Trust,NYSE,active,True,True,True,True,10.035,1163548.4,-0.032305
ADI,"Analog Devices, Inc. Common Stock",NASDAQ,TRUE,ADI,alpaca_source,"Analog Devices, Inc. Common Stock",NASDAQ,active,True,True,True,True,405.22,5039289.8,-0.03241
ATO,Atmos Energy Corporation,NYSE,TRUE,ATO,alpaca_source,Atmos Energy Corporation,NYSE,active,True,True,True,True,171.9,1823234.0,-0.032748
IVW,iShares S&P 500 Growth ETF,ARCA,TRUE,IVW,alpaca_source,iShares S&P 500 Growth ETF,ARCA,active,True,True,True,True,133.6469,2625197.05,-0.032952
TXNM,"TXNM Energy, Inc.",NYSE,TRUE,TXNM,alpaca_source,"TXNM Energy, Inc.",NYSE,active,True,True,True,True,57.4902,1820592.3,-0.032966
SPYG,State Street SPDR Portfolio S&P 500 Growth ETF,ARCA,TRUE,SPYG,alpaca_source,State Street SPDR Portfolio S&P 500 Growth ETF,ARCA,active,True,True,True,True,115.6557,2809575.45,-0.033074
VOOG,Vanguard S&P 500 Growth ETF,ARCA,TRUE,VOOG,alpaca_source,Vanguard S&P 500 Growth ETF,ARCA,active,True,True,True,True,80.375,1816383.5,-0.033257
DVN,Devon Energy Corporation,NYSE,TRUE,DVN,alpaca_source,Devon Energy Corporation,NYSE,active,True,True,True,True,43.32,15445091.6,-0.033493
ERO,Ero Copper Corp.,NYSE,TRUE,ERO,alpaca_source,Ero Copper Corp.,NYSE,active,True,True,True,True,27.88,1340921.35,-0.033622
SCI,Service Corporation International,NYSE,TRUE,SCI,alpaca_source,Service Corporation International,NYSE,active,True,True,True,True,73.725,1869987.7,-0.033764
NESR,National Energy Services Reunited Corp Ordinary Shares,NASDAQ,TRUE,NESR,alpaca_source,National Energy Services Reunited Corp Ordinary Shares,NASDAQ,active,True,True,True,True,25.015,1893483.7,-0.033797
AAPL,Apple Inc. Common Stock,NASDAQ,TRUE,AAPL,alpaca_source,Apple Inc. Common Stock,NASDAQ,active,True,True,True,True,297.9,51874428.45,-0.033827
EPD,Enterprise Products Partners L.P.,NYSE,TRUE,EPD,alpaca_source,Enterprise Products Partners L.P.,NYSE,active,True,True,True,True,37.1,2950286.1,-0.033854
AMLP,Alerian MLP ETF,ARCA,TRUE,AMLP,alpaca_source,Alerian MLP ETF,ARCA,active,True,True,True,True,51.51,1597165.65,-0.034127
ZGN,Ermenegildo Zegna N.V.,NYSE,TRUE,ZGN,alpaca_source,Ermenegildo Zegna N.V.,NYSE,active,True,True,True,True,13.211,1444047.15,-0.034284
NTDOY,NINTENDO LTD ADR - Unsponsored (Japan),OTC,TRUE,NTDOY,alpaca_source,NINTENDO LTD ADR - Unsponsored (Japan),OTC,active,True,False,True,True,10.66,2946112.75,-0.03442
OCFC,OceanFirst Financial Corp. Common Stock,NASDAQ,TRUE,OCFC,alpaca_source,OceanFirst Financial Corp. Common Stock,NASDAQ,active,True,True,True,True,18.365,1086461.55,-0.034437
DFIC,Dimensional International Core Equity 2 ETF,BATS,TRUE,DFIC,alpaca_source,Dimensional International Core Equity 2 ETF,BATS,active,True,True,True,True,37.035,1112539.9,-0.034541
VTRS,Viatris Inc. Common Stock,NASDAQ,TRUE,VTRS,alpaca_source,Viatris Inc. Common Stock,NASDAQ,active,True,True,True,True,15.695,9876758.95,-0.034748
UNP,Union Pacific Corp.,NYSE,TRUE,UNP,alpaca_source,Union Pacific Corp.,NYSE,active,True,True,True,True,260.23,2977682.15,-0.035109
VTR,"Ventas, Inc.",NYSE,TRUE,VTR,alpaca_source,"Ventas, Inc.",NYSE,active,True,True,True,True,85.26,3857504.1,-0.035193
GBDC,"Golub Capital BDC, Inc. Common Stock",NASDAQ,TRUE,GBDC,alpaca_source,"Golub Capital BDC, Inc. Common Stock",NASDAQ,active,True,True,False,True,12.315,1166740.3,-0.03525
RKT,"Rocket Companies, Inc.",NYSE,TRUE,RKT,alpaca_source,"Rocket Companies, Inc.",NYSE,active,True,True,True,True,13.545,27794035.4,-0.035256
DEO,Diageo plc,NYSE,TRUE,DEO,alpaca_source,Diageo plc,NYSE,active,True,True,True,True,82.01,1278450.9,-0.03529
HTGC,"Hercules Capital, Inc.",NYSE,TRUE,HTGC,alpaca_source,"Hercules Capital, Inc.",NYSE,active,True,True,True,True,15.155,1404771.8,-0.035328
SOLV,Solventum Corporation,NYSE,TRUE,SOLV,alpaca_source,Solventum Corporation,NYSE,active,True,True,True,True,73.56,2293481.15,-0.035532
ARRY,"Array Technologies, Inc. Common Stock",NASDAQ,TRUE,ARRY,alpaca_source,"Array Technologies, Inc. Common Stock",NASDAQ,active,True,True,True,True,8.12,6298708.45,-0.035629
GMAB,Genmab A/S ADS,NASDAQ,TRUE,GMAB,alpaca_source,Genmab A/S ADS,NASDAQ,active,True,True,True,True,25.93,1611460.85,-0.035701
VZ,Verizon Communications,NYSE,TRUE,VZ,alpaca_source,Verizon Communications,NYSE,active,True,True,True,True,46.74,25277048.85,-0.03609
EGY,"Vaalco Energy, Inc.",NYSE,TRUE,EGY,alpaca_source,"Vaalco Energy, Inc.",NYSE,active,True,True,True,True,5.32,1277846.05,-0.036232
DFIV,Dimensional International Value ETF,ARCA,TRUE,DFIV,alpaca_source,Dimensional International Value ETF,ARCA,active,True,True,True,True,53.985,1165756.3,-0.036326
DINO,HF Sinclair Corporation,NYSE,TRUE,DINO,alpaca_source,HF Sinclair Corporation,NYSE,active,True,True,True,True,66.04,2230366.05,-0.036334
TAC,TransAlta Corporation,NYSE,TRUE,TAC,alpaca_source,TransAlta Corporation,NYSE,active,True,True,True,True,13.605,1985310.8,-0.036473
SUI,"Sun Communities, Inc",NYSE,TRUE,SUI,alpaca_source,"Sun Communities, Inc",NYSE,active,True,True,True,True,120.31,1206515.85,-0.036518
SOBO,South Bow Corporation,NYSE,TRUE,SOBO,alpaca_source,South Bow Corporation,NYSE,active,True,True,True,True,36.215,1007960.65,-0.036579
FANG,"Diamondback Energy, Inc. Common Stock",NASDAQ,TRUE,FANG,alpaca_source,"Diamondback Energy, Inc. Common Stock",NASDAQ,active,True,True,True,True,187.95,2698219.65,-0.036796
SCZ,iShares MSCI EAFE Small-Cap ETF,NASDAQ,TRUE,SCZ,alpaca_source,iShares MSCI EAFE Small-Cap ETF,NASDAQ,active,True,True,True,True,82.0758,1308058.7,-0.036798
STWD,"STARWOOD PROPERTY TRUST, INC.",NYSE,TRUE,STWD,alpaca_source,"STARWOOD PROPERTY TRUST, INC.",NYSE,active,True,True,True,True,16.73,3231015.8,-0.036845
TEAM,Atlassian Corporation Class A Common Stock,NASDAQ,TRUE,TEAM,alpaca_source,Atlassian Corporation Class A Common Stock,NASDAQ,active,True,True,True,True,81.76,5615757.3,-0.037211
HTZ,"Hertz Global Holdings, Inc Common Stock",NASDAQ,TRUE,HTZ,alpaca_source,"Hertz Global Holdings, Inc Common Stock",NASDAQ,active,True,True,True,True,5.035,5637319.75,-0.037285
LVS,Las Vegas Sands Corp.,NYSE,TRUE,LVS,alpaca_source,Las Vegas Sands Corp.,NYSE,active,True,True,True,True,47.89,4186828.05,-0.037387
OBDC,Blue Owl Capital Corporation,NYSE,TRUE,OBDC,alpaca_source,Blue Owl Capital Corporation,NYSE,active,True,True,True,True,10.77,3573873.5,-0.037533
NEOG,Neogen Corporation Common Stock,NASDAQ,TRUE,NEOG,alpaca_source,Neogen Corporation Common Stock,NASDAQ,active,True,True,True,True,8.795,2272795.4,-0.037746
CLX,Clorox Company,NYSE,TRUE,CLX,alpaca_source,Clorox Company,NYSE,active,True,True,True,True,92.57,2716160.85,-0.038034
NOW,"SERVICENOW, INC.",NYSE,TRUE,NOW,alpaca_source,"SERVICENOW, INC.",NYSE,active,True,True,True,True,96.095,32565658.45,-0.038281
EWW,iShares MSCI Mexico ETF,ARCA,TRUE,EWW,alpaca_source,iShares MSCI Mexico ETF,ARCA,active,True,True,True,True,74.735,1340927.5,-0.038362
GNL,"Global Net Lease, Inc.",NYSE,TRUE,GNL,alpaca_source,"Global Net Lease, Inc.",NYSE,active,True,True,True,True,9.145,2705067.7,-0.038381
KODK,EASTMAN KODAK COMPANY,NYSE,TRUE,KODK,alpaca_source,EASTMAN KODAK COMPANY,NYSE,active,True,True,True,True,9.442,1037611.7,-0.038493
GME,GameStop Corp. Class A,NYSE,TRUE,GME,alpaca_source,GameStop Corp. Class A,NYSE,active,True,True,True,True,21.065,6190531.7,-0.038567
PFE,Pfizer Inc.,NYSE,TRUE,PFE,alpaca_source,Pfizer Inc.,NYSE,active,True,True,True,True,24.85,39489559.8,-0.038685
OHI,Omega Healthcare Investors Inc.,NYSE,TRUE,OHI,alpaca_source,Omega Healthcare Investors Inc.,NYSE,active,True,True,True,True,46.455,2622396.15,-0.038995
ILF,iShares Latin America 40 ETF,ARCA,TRUE,ILF,alpaca_source,iShares Latin America 40 ETF,ARCA,active,True,True,True,True,33.545,2483009.35,-0.039227
AZN,AstraZeneca PLC,NYSE,TRUE,AZN,alpaca_source,AstraZeneca PLC,NYSE,active,True,True,True,True,179.8099,1914052.35,-0.039426
POWI,"Power Integrations, Inc. Common Stock",NASDAQ,TRUE,POWI,alpaca_source,"Power Integrations, Inc. Common Stock",NASDAQ,active,True,True,True,True,80.57,1359121.4,-0.039488
EIDO,iShares MSCI Indonesia ETF,ARCA,TRUE,EIDO,alpaca_source,iShares MSCI Indonesia ETF,ARCA,active,True,True,False,True,12.16,2275795.1,-0.03962
EPRT,"Essential Properties Realty Trust, Inc.",NYSE,TRUE,EPRT,alpaca_source,"Essential Properties Realty Trust, Inc.",NYSE,active,True,True,True,True,30.16,1982947.7,-0.039796
FLYW,Flywire Corporation Voting Common Stock,NASDAQ,TRUE,FLYW,alpaca_source,Flywire Corporation Voting Common Stock,NASDAQ,active,True,True,True,True,15.36,2367296.5,-0.04
BMY,Bristol-Myers Squibb Co.,NYSE,TRUE,BMY,alpaca_source,Bristol-Myers Squibb Co.,NYSE,active,True,True,True,True,55.705,13012890.6,-0.040065
KHC,The Kraft Heinz Company Common Stock,NASDAQ,TRUE,KHC,alpaca_source,The Kraft Heinz Company Common Stock,NASDAQ,active,True,True,True,True,22.48,13990849.65,-0.040359
EWY,iShares MSCI South Korea ETF,ARCA,TRUE,EWY,alpaca_source,iShares MSCI South Korea ETF,ARCA,active,True,True,True,True,192.45,20997401.1,-0.040867
CMG,"Chipotle Mexican Grill, Inc.",NYSE,TRUE,CMG,alpaca_source,"Chipotle Mexican Grill, Inc.",NYSE,active,True,True,True,True,30.985,21537499.7,-0.041009
CP,Canadian Pacific Kansas City Limited,NYSE,TRUE,CP,alpaca_source,Canadian Pacific Kansas City Limited,NYSE,active,True,True,True,True,85.46,2776563.65,-0.041068
BSBR,BANCO SANTANDER (BRASIL) SA,NYSE,TRUE,BSBR,alpaca_source,BANCO SANTANDER (BRASIL) SA,NYSE,active,True,True,True,True,5.235,1489051.5,-0.041209
NKE,"Nike, Inc.",NYSE,TRUE,NKE,alpaca_source,"Nike, Inc.",NYSE,active,True,True,True,True,42.685,21558993.2,-0.041679
TSEM,Tower Semiconductor Ltd. Ordinary Shares,NASDAQ,TRUE,TSEM,alpaca_source,Tower Semiconductor Ltd. Ordinary Shares,NASDAQ,active,True,True,True,True,276.485,1990817.0,-0.041746
COST,Costco Wholesale Corporation Common Stock,NASDAQ,TRUE,COST,alpaca_source,Costco Wholesale Corporation Common Stock,NASDAQ,active,True,True,True,True,960.99,2476287.0,-0.041817
ADT,ADT Inc.,NYSE,TRUE,ADT,alpaca_source,ADT Inc.,NYSE,active,True,True,True,True,6.585,9385040.4,-0.041919
HESM,Hess Midstream LP Class A Share representing a limited partner Interest,NYSE,TRUE,HESM,alpaca_source,Hess Midstream LP Class A Share representing a limited partner Interest,NYSE,active,True,True,True,True,37.9,1471015.55,-0.041962
NCNO,"nCino, Inc. Common Stock",NASDAQ,TRUE,NCNO,alpaca_source,"nCino, Inc. Common Stock",NASDAQ,active,True,True,True,True,14.59,3974501.45,-0.042022
GSAT,"Globalstar, Inc. Common Stock",NASDAQ,TRUE,GSAT,alpaca_source,"Globalstar, Inc. Common Stock",NASDAQ,active,True,True,True,True,80.06,1452896.65,-0.04223
WES,"Western Midstream Partners, LP",NYSE,TRUE,WES,alpaca_source,"Western Midstream Partners, LP",NYSE,active,True,True,True,True,43.48,1056458.95,-0.042291
TCEHY,Tencent Holdings Limited Unsponsored ADR Representing B Shares (Cayman Islands),OTC,TRUE,TCEHY,alpaca_source,Tencent Holdings Limited Unsponsored ADR Representing B Shares (Cayman Islands),OTC,active,True,False,True,True,53.76,4109754.15,-0.042394
VNOM,"Viper Energy, Inc. Class A Common Stock",NASDAQ,TRUE,VNOM,alpaca_source,"Viper Energy, Inc. Class A Common Stock",NASDAQ,active,True,True,True,True,43.65,1916948.55,-0.042553
HE,"Hawaiian Electric Industries, Inc.",NYSE,TRUE,HE,alpaca_source,"Hawaiian Electric Industries, Inc.",NYSE,active,True,True,True,True,13.065,1680293.2,-0.042857
AHR,"American Healthcare REIT, Inc.",NYSE,TRUE,AHR,alpaca_source,"American Healthcare REIT, Inc.",NYSE,active,True,True,True,True,48.8,2715762.05,-0.043137
QXO,"QXO, Inc.",NYSE,TRUE,QXO,alpaca_source,"QXO, Inc.",NYSE,active,True,True,True,True,16.415,16310216.2,-0.043415
NGG,National Grid PLC,NYSE,TRUE,NGG,alpaca_source,National Grid PLC,NYSE,active,True,True,True,True,81.71,1101099.95,-0.043586
YMAX,YieldMax Universe Fund of Option Income ETFs,ARCA,TRUE,YMAX,alpaca_source,YieldMax Universe Fund of Option Income ETFs,ARCA,active,True,True,False,True,7.8951,2224595.25,-0.043683
CELH,"Celsius Holdings, Inc. Common Stock",NASDAQ,TRUE,CELH,alpaca_source,"Celsius Holdings, Inc. Common Stock",NASDAQ,active,True,True,True,True,28.37,9903886.5,-0.043815
SCHG,Schwab U.S. Large-Cap Growth ETF,ARCA,TRUE,SCHG,alpaca_source,Schwab U.S. Large-Cap Growth ETF,ARCA,active,True,True,True,True,33.035,9699079.2,-0.044403
SUNB,"Sunbelt Rentals Holdings, Inc.",NYSE,TRUE,SUNB,alpaca_source,"Sunbelt Rentals Holdings, Inc.",NYSE,active,True,True,True,True,75.09,4606669.85,-0.044413
EWG,iShares MSCI Germany ETF,ARCA,TRUE,EWG,alpaca_source,iShares MSCI Germany ETF,ARCA,active,True,True,False,True,40.98,1086297.25,-0.044525
DXCM,"DexCom, Inc. Common Stock",NASDAQ,TRUE,DXCM,alpaca_source,"DexCom, Inc. Common Stock",NASDAQ,active,True,True,True,True,68.8,5543641.4,-0.044577
BAM,Brookfield Asset Management Ltd.,NYSE,TRUE,BAM,alpaca_source,Brookfield Asset Management Ltd.,NYSE,active,True,True,True,True,46.515,3014158.35,-0.044595
CNX,CNX Resources Corporation,NYSE,TRUE,CNX,alpaca_source,CNX Resources Corporation,NYSE,active,True,True,True,True,33.18,1845582.0,-0.04463
WVE,Wave Life Sciences Ltd. Ordinary Shares,NASDAQ,TRUE,WVE,alpaca_source,Wave Life Sciences Ltd. Ordinary Shares,NASDAQ,active,True,True,True,True,6.095,3220128.6,-0.044671
IWF,iShares Russell 1000 Growth ETF,ARCA,TRUE,IWF,alpaca_source,iShares Russell 1000 Growth ETF,ARCA,active,True,True,True,True,119.935,5011378.2,-0.044719
HBM,Hudbay Minerals Inc.,NYSE,TRUE,HBM,alpaca_source,Hudbay Minerals Inc.,NYSE,active,True,True,True,True,25.355,6232579.0,-0.044753
VONG,Vanguard Scottsdale Funds Vanguard Russell 1000 Growth ETF,NASDAQ,TRUE,VONG,alpaca_source,Vanguard Scottsdale Funds Vanguard Russell 1000 Growth ETF,NASDAQ,active,True,True,True,True,123.37,1365490.1,-0.044798
ZTS,ZOETIS INC.,NYSE,TRUE,ZTS,alpaca_source,ZOETIS INC.,NYSE,active,True,True,True,True,76.612,7091018.8,-0.045095
MSI,"Motorola Solutions, Inc. New",NYSE,TRUE,MSI,alpaca_source,"Motorola Solutions, Inc. New",NYSE,active,True,True,True,True,390.725,1141803.9,-0.045274
KMPR,Kemper Corporation,NYSE,TRUE,KMPR,alpaca_source,Kemper Corporation,NYSE,active,True,True,True,True,26.435,1188754.05,-0.045323
HAS,"Hasbro, Inc. Common Stock",NASDAQ,TRUE,HAS,alpaca_source,"Hasbro, Inc. Common Stock",NASDAQ,active,True,True,True,True,83.315,1963212.7,-0.045376
SSO,ProShares Ultra S&P500,ARCA,TRUE,SSO,alpaca_source,ProShares Ultra S&P500,ARCA,active,True,True,True,True,65.27,3756931.15,-0.045621
ARES,Ares Management Corporation Class A Common Stock,NYSE,TRUE,ARES,alpaca_source,Ares Management Corporation Class A Common Stock,NYSE,active,True,True,True,True,118.36,2502183.6,-0.045719
AS,"Amer Sports, Inc.",NYSE,TRUE,AS,alpaca_source,"Amer Sports, Inc.",NYSE,active,True,True,True,True,35.19,3830155.6,-0.045824
AR,ANTERO RESOURCES CORPORATION,NYSE,TRUE,AR,alpaca_source,ANTERO RESOURCES CORPORATION,NYSE,active,True,True,True,True,34.155,4880558.5,-0.04595
HON,Honeywell International Inc. Common Stock,NASDAQ,TRUE,HON,alpaca_source,Honeywell International Inc. Common Stock,NASDAQ,active,True,True,True,True,221.07,5227708.6,-0.045961
SPT,"Sprout Social, Inc Class A Common Stock",NASDAQ,TRUE,SPT,alpaca_source,"Sprout Social, Inc Class A Common Stock",NASDAQ,active,True,True,True,True,6.525,1373737.2,-0.046053
DXD,ProShares UltraShort Dow 30,ARCA,TRUE,DXD,alpaca_source,ProShares UltraShort Dow 30,ARCA,active,True,True,False,True,17.7325,2585081.65,-0.046127
VUG,Vanguard Growth ETF,ARCA,TRUE,VUG,alpaca_source,Vanguard Growth ETF,ARCA,active,True,True,True,True,84.13,7641441.6,-0.046145
XLY,State Street Consumer Discretionary Select Sector SPDR ETF,ARCA,TRUE,XLY,alpaca_source,State Street Consumer Discretionary Select Sector SPDR ETF,ARCA,active,True,True,True,True,113.7,7614023.15,-0.046241
TAL,TAL Education Group,NYSE,TRUE,TAL,alpaca_source,TAL Education Group,NYSE,active,True,True,True,True,9.345,3885356.95,-0.046429
MGK,Vanguard Mega Cap Growth ETF,ARCA,TRUE,MGK,alpaca_source,Vanguard Mega Cap Growth ETF,ARCA,active,True,True,True,True,85.525,1975023.6,-0.046438
CVX,Chevron Corporation,NYSE,TRUE,CVX,alpaca_source,Chevron Corporation,NYSE,active,True,True,True,True,176.13,9131853.85,-0.046451
WT,"WisdomTree, Inc.",NYSE,TRUE,WT,alpaca_source,"WisdomTree, Inc.",NYSE,active,True,True,True,True,18.34,3078441.35,-0.046778
BETA,"Beta Technologies, Inc.",NYSE,TRUE,BETA,alpaca_source,"Beta Technologies, Inc.",NYSE,active,True,True,True,True,16.05,1595203.35,-0.046912
TGB,Taseko Mines Limited,AMEX,TRUE,TGB,alpaca_source,Taseko Mines Limited,AMEX,active,True,True,True,True,6.725,5215110.5,-0.04745
GLPI,"Gaming and Leisure Properties, Inc. Common Stock",NASDAQ,TRUE,GLPI,alpaca_source,"Gaming and Leisure Properties, Inc. Common Stock",NASDAQ,active,True,True,True,True,44.83,2322082.7,-0.047582
PWR,"Quanta Services, Inc.",NYSE,TRUE,PWR,alpaca_source,"Quanta Services, Inc.",NYSE,active,True,True,True,True,706.85,1156756.25,-0.047603
DJT,Trump Media & Technology Group Corp. Common Stock,NASDAQ,TRUE,DJT,alpaca_source,Trump Media & Technology Group Corp. Common Stock,NASDAQ,active,True,True,True,True,7.885,4478717.9,-0.047705
CNM,"Core & Main, Inc.",NYSE,TRUE,CNM,alpaca_source,"Core & Main, Inc.",NYSE,active,True,True,True,True,46.45,2745700.6,-0.047765
NVDY,YieldMax NVDA Option Income Strategy ETF,ARCA,TRUE,NVDY,alpaca_source,YieldMax NVDA Option Income Strategy ETF,ARCA,active,True,True,False,True,12.59,2965555.35,-0.047788
NWSA,News Corporation Class A Common Stock,NASDAQ,TRUE,NWSA,alpaca_source,News Corporation Class A Common Stock,NASDAQ,active,True,True,True,True,24.94,6056980.7,-0.048092
FSLY,"Fastly, Inc. Class A Common Stock",NASDAQ,TRUE,FSLY,alpaca_source,"Fastly, Inc. Class A Common Stock",NASDAQ,active,True,True,True,True,16.75,6836651.8,-0.048295
SHLS,"Shoals Technologies Group, Inc. Class A Common Stock",NASDAQ,TRUE,SHLS,alpaca_source,"Shoals Technologies Group, Inc. Class A Common Stock",NASDAQ,active,True,True,True,True,10.295,5542465.85,-0.048521
TRI,Thomson Reuters Corporation Common Shares,NASDAQ,TRUE,TRI,alpaca_source,Thomson Reuters Corporation Common Shares,NASDAQ,active,True,True,True,True,79.65,1959392.05,-0.048614
LSCC,Lattice Semiconductor Corporation Common Stock,NASDAQ,TRUE,LSCC,alpaca_source,Lattice Semiconductor Corporation Common Stock,NASDAQ,active,True,True,True,True,143.02,1897100.05,-0.048753
WTTR,"Select Water Solutions, Inc.",NYSE,TRUE,WTTR,alpaca_source,"Select Water Solutions, Inc.",NYSE,active,True,True,True,True,18.4,1459821.7,-0.049096
NSC,Norfolk Southern Corp.,NYSE,TRUE,NSC,alpaca_source,Norfolk Southern Corp.,NYSE,active,True,True,True,True,304.46,1190938.15,-0.049216
KMT,Kennametal Inc.,NYSE,TRUE,KMT,alpaca_source,Kennametal Inc.,NYSE,active,True,True,True,True,35.11,1332956.2,-0.04954
QSR,Restaurant Brands International Inc.,NYSE,TRUE,QSR,alpaca_source,Restaurant Brands International Inc.,NYSE,active,True,True,False,True,71.67,3465630.3,-0.049722
MGY,Magnolia Oil & Gas Corporation Class A Common Stock,NYSE,TRUE,MGY,alpaca_source,Magnolia Oil & Gas Corporation Class A Common Stock,NYSE,active,True,True,True,True,26.75,2534481.0,-0.049734
SBS,COMPANHIA DE SANEAMENTO B SICO DO ESTADO DE SAO PAULO-SABESP ADS'S,NYSE,TRUE,SBS,alpaca_source,COMPANHIA DE SANEAMENTO B SICO DO ESTADO DE SAO PAULO-SABESP ADS'S,NYSE,active,True,True,True,True,5.445,6450084.75,-0.049738
ARLO,"Arlo Technologies, Inc.",NYSE,TRUE,ARLO,alpaca_source,"Arlo Technologies, Inc.",NYSE,active,True,True,True,True,12.8,1117915.5,-0.04974
USD,ProShares Ultra Semiconductors,ARCA,TRUE,USD,alpaca_source,ProShares Ultra Semiconductors,ARCA,active,True,True,True,True,96.33,1156739.4,-0.049813
INGR,Ingredion Incorporated,NYSE,TRUE,INGR,alpaca_source,Ingredion Incorporated,NYSE,active,True,True,True,True,98.14,1076597.65,-0.049952
SQM,Sociedad Quimica y Minera de Chile SA,NYSE,TRUE,SQM,alpaca_source,Sociedad Quimica y Minera de Chile SA,NYSE,active,True,True,True,True,76.39,1318846.4,-0.05023
HAFN,Hafnia Limited,NYSE,TRUE,HAFN,alpaca_source,Hafnia Limited,NYSE,active,True,True,True,True,7.635,2177372.05,-0.050526
COLD,"Americold Realty Trust, Inc.",NYSE,TRUE,COLD,alpaca_source,"Americold Realty Trust, Inc.",NYSE,active,True,True,True,True,14.105,4706569.5,-0.050808
BN,Brookfield Corporation,NYSE,TRUE,BN,alpaca_source,Brookfield Corporation,NYSE,active,True,True,True,True,43.61,4098567.55,-0.050899
RLMD,"Relmada Therapeutics, Inc. Common Stock",NASDAQ,TRUE,RLMD,alpaca_source,"Relmada Therapeutics, Inc. Common Stock",NASDAQ,active,True,True,True,True,6.805,1389027.85,-0.050907
IDV,iShares International Select Dividend ETF,BATS,TRUE,IDV,alpaca_source,iShares International Select Dividend ETF,BATS,active,True,True,True,True,41.83,1025507.05,-0.051112
URBN,"Urban Outfitters, Inc. Common Stock",NASDAQ,TRUE,URBN,alpaca_source,"Urban Outfitters, Inc. Common Stock",NASDAQ,active,True,True,True,True,71.56,1159820.4,-0.05118
XLE,State Street Energy Select Sector SPDR ETF,ARCA,TRUE,XLE,alpaca_source,State Street Energy Select Sector SPDR ETF,ARCA,active,True,True,True,True,54.495,37268015.8,-0.051201
APPN,Appian Corporation Class A Common Stock,NASDAQ,TRUE,APPN,alpaca_source,Appian Corporation Class A Common Stock,NASDAQ,active,True,True,True,True,20.56,1031304.75,-0.051223
TIC,"TIC Solutions, Inc",NYSE,TRUE,TIC,alpaca_source,"TIC Solutions, Inc",NYSE,active,True,True,True,True,8.015,1874507.0,-0.051479
XPO,"XPO, Inc.",NYSE,TRUE,XPO,alpaca_source,"XPO, Inc.",NYSE,active,True,True,True,True,199.9,1902441.1,-0.051483
CSTM,Constellium SE Class A Ordinary shares,NYSE,TRUE,CSTM,alpaca_source,Constellium SE Class A Ordinary shares,NYSE,active,True,True,True,True,33.46,2100505.35,-0.051587
SXC,SUNCOKE ENERGY INC,NYSE,TRUE,SXC,alpaca_source,SUNCOKE ENERGY INC,NYSE,active,True,True,True,True,8.41,1579496.0,-0.05186
ACM,Aecom,NYSE,TRUE,ACM,alpaca_source,Aecom,NYSE,active,True,True,True,True,68.7,2583682.4,-0.052022
CWH,"Camping World Holdings, Inc.",NYSE,TRUE,CWH,alpaca_source,"Camping World Holdings, Inc.",NYSE,active,True,True,True,True,7.28,2263104.8,-0.052083
SIRI,SiriusXM Holdings Inc. Common Stock,NASDAQ,TRUE,SIRI,alpaca_source,SiriusXM Holdings Inc. Common Stock,NASDAQ,active,True,True,True,True,28.085,6435440.65,-0.052143
IYE,iShares U.S. Energy ETF,ARCA,TRUE,IYE,alpaca_source,iShares U.S. Energy ETF,ARCA,active,True,True,False,True,57.89,1791885.3,-0.052211
STNE,StoneCo Ltd. Class A Common Shares,NASDAQ,TRUE,STNE,alpaca_source,StoneCo Ltd. Class A Common Shares,NASDAQ,active,True,True,True,True,10.7,4642196.8,-0.052259
WK,Workiva Inc.,NYSE,TRUE,WK,alpaca_source,Workiva Inc.,NYSE,active,True,True,True,True,46.75,1016180.35,-0.052301
SANM,Sanmina Corporation Common Stock,NASDAQ,TRUE,SANM,alpaca_source,Sanmina Corporation Common Stock,NASDAQ,active,True,True,True,True,246.36,1276942.35,-0.052352
UTZ,"Utz Brands, Inc.",NYSE,TRUE,UTZ,alpaca_source,"Utz Brands, Inc.",NYSE,active,True,True,True,True,7.025,1606482.7,-0.052361
CBRS,Cerebras Systems Inc. Class A Common Stock,NASDAQ,TRUE,CBRS,alpaca_source,Cerebras Systems Inc. Class A Common Stock,NASDAQ,active,True,True,True,True,228.975,5397307.0,-0.052687
PYPL,"PayPal Holdings, Inc. Common Stock",NASDAQ,TRUE,PYPL,alpaca_source,"PayPal Holdings, Inc. Common Stock",NASDAQ,active,True,True,True,True,41.685,16473608.0,-0.052934
MCHP,Microchip Technology Incorporated Common Stock,NASDAQ,TRUE,MCHP,alpaca_source,Microchip Technology Incorporated Common Stock,NASDAQ,active,True,True,True,True,92.82,12017787.4,-0.05334
GILD,"Gilead Sciences, Inc. Common Stock",NASDAQ,TRUE,GILD,alpaca_source,"Gilead Sciences, Inc. Common Stock",NASDAQ,active,True,True,True,True,125.75,8819279.9,-0.053492
LMT,Lockheed Martin Corp.,NYSE,TRUE,LMT,alpaca_source,Lockheed Martin Corp.,NYSE,active,True,True,True,True,500.965,1275930.9,-0.053773
SFD,"Smithfield Foods, Inc. Common Stock",NASDAQ,TRUE,SFD,alpaca_source,"Smithfield Foods, Inc. Common Stock",NASDAQ,active,True,True,True,True,24.83,1205293.1,-0.053915
HASI,"HA Sustainable Infrastructure Capital, Inc.",NYSE,TRUE,HASI,alpaca_source,"HA Sustainable Infrastructure Capital, Inc.",NYSE,active,True,True,True,True,38.965,1113520.55,-0.054477
SCCO,Southern Copper Corporation,NYSE,TRUE,SCCO,alpaca_source,Southern Copper Corporation,NYSE,active,True,True,True,True,179.52,1378036.35,-0.054561
XLG,Invesco S&P 500 Top 50 ETF,ARCA,TRUE,XLG,alpaca_source,Invesco S&P 500 Top 50 ETF,ARCA,active,True,True,True,True,60.03,1863679.85,-0.054638
EBAY,eBay Inc. Common Stock,NASDAQ,TRUE,EBAY,alpaca_source,eBay Inc. Common Stock,NASDAQ,active,True,True,True,True,108.705,4224987.15,-0.054667
VICI,VICI Properties Inc. Common Stock,NYSE,TRUE,VICI,alpaca_source,VICI Properties Inc. Common Stock,NYSE,active,True,True,True,True,26.6,9030609.75,-0.054962
SSRM,SSR Mining Inc. Common Stock,NASDAQ,TRUE,SSRM,alpaca_source,SSR Mining Inc. Common Stock,NASDAQ,active,True,True,True,True,29.21,2828470.3,-0.054998
FENY,Fidelity MSCI Energy Index ETF,ARCA,TRUE,FENY,alpaca_source,Fidelity MSCI Energy Index ETF,ARCA,active,True,True,False,True,30.2103,1919182.7,-0.055257
ZBRA,Zebra Technologies Corporation Class A Common Stock,NASDAQ,TRUE,ZBRA,alpaca_source,Zebra Technologies Corporation Class A Common Stock,NASDAQ,active,True,True,True,True,238.465,1124654.7,-0.05536
NWS,News Corporation Class B Common Stock,NASDAQ,TRUE,NWS,alpaca_source,News Corporation Class B Common Stock,NASDAQ,active,True,True,True,True,28.285,1900301.45,-0.055593
EMN,Eastman Chemical Company,NYSE,TRUE,EMN,alpaca_source,Eastman Chemical Company,NYSE,active,True,True,True,True,69.46,1025371.7,-0.055727
PAGS,PagSeguro Digital Ltd.,NYSE,TRUE,PAGS,alpaca_source,PagSeguro Digital Ltd.,NYSE,active,True,True,True,True,8.705,3261312.3,-0.055857
NAVI,Navient Corporation Common Stock,NASDAQ,TRUE,NAVI,alpaca_source,Navient Corporation Common Stock,NASDAQ,active,True,True,True,True,7.905,1393592.55,-0.056
QLD,ProShares Ultra QQQ,ARCA,TRUE,QLD,alpaca_source,ProShares Ultra QQQ,ARCA,active,True,True,True,True,90.99,5258901.6,-0.05612
CHKP,Check Point Software Technologies Ltd. Ordinary Shares,NASDAQ,TRUE,CHKP,alpaca_source,Check Point Software Technologies Ltd. Ordinary Shares,NASDAQ,active,True,True,True,True,123.715,1397237.9,-0.056187
COP,ConocoPhillips,NYSE,TRUE,COP,alpaca_source,ConocoPhillips,NYSE,active,True,True,True,True,110.02,7782431.5,-0.056189
DD,"DuPont de Nemours, Inc. Common Stock",NYSE,TRUE,DD,alpaca_source,"DuPont de Nemours, Inc. Common Stock",NYSE,active,True,True,True,True,46.66,3536265.05,-0.056611
ABR,"Arbor Realty Trust, Inc.",NYSE,TRUE,ABR,alpaca_source,"Arbor Realty Trust, Inc.",NYSE,active,True,True,True,True,5.12,4153107.4,-0.05709
CCI,Crown Castle Inc.,NYSE,TRUE,CCI,alpaca_source,Crown Castle Inc.,NYSE,active,True,True,True,True,84.475,4371868.45,-0.057141
MNRO,"Monro, Inc. Common Stock",NASDAQ,TRUE,MNRO,alpaca_source,"Monro, Inc. Common Stock",NASDAQ,active,True,True,True,True,15.335,1622523.2,-0.057158
EWZ,iShares MSCI Brazil ETF,ARCA,TRUE,EWZ,alpaca_source,iShares MSCI Brazil ETF,ARCA,active,True,True,True,True,34.075,23224518.6,-0.057293
PAYC,"PAYCOM SOFTWARE, INC.",NYSE,TRUE,PAYC,alpaca_source,"PAYCOM SOFTWARE, INC.",NYSE,active,True,True,True,True,125.205,1015450.35,-0.057333
TALO,"Talos Energy, Inc. Common Stock",NYSE,TRUE,TALO,alpaca_source,"Talos Energy, Inc. Common Stock",NYSE,active,True,True,True,True,13.95,1796695.5,-0.057432
MNTN,"MNTN, Inc.",NYSE,TRUE,MNTN,alpaca_source,"MNTN, Inc.",NYSE,active,True,True,True,True,8.17,1092092.05,-0.05767
SNY,Sanofi ADS,NASDAQ,TRUE,SNY,alpaca_source,Sanofi ADS,NASDAQ,active,True,True,True,True,41.6,3244097.25,-0.057758
RELX,RELX PLC,NYSE,TRUE,RELX,alpaca_source,RELX PLC,NYSE,active,True,True,True,True,30.995,2681241.2,-0.057903
AHCO,AdaptHealth Corp. Common Stock,NASDAQ,TRUE,AHCO,alpaca_source,AdaptHealth Corp. Common Stock,NASDAQ,active,True,True,True,True,9.76,1307597.65,-0.057915
NXE,NexGen Energy Ltd.,NYSE,TRUE,NXE,alpaca_source,NexGen Energy Ltd.,NYSE,active,True,True,True,True,10.3399,6800531.9,-0.058297
IYZ,iShares U.S. Telecommunications ETF,BATS,TRUE,IYZ,alpaca_source,iShares U.S. Telecommunications ETF,BATS,active,True,True,False,True,41.98,1427181.6,-0.058376
EFX,"Equifax, Incorporated",NYSE,TRUE,EFX,alpaca_source,"Equifax, Incorporated",NYSE,active,True,True,True,True,153.3,1793448.7,-0.058412
PSKY,Paramount Skydance Corporation Class B Common Stock,NASDAQ,TRUE,PSKY,alpaca_source,Paramount Skydance Corporation Class B Common Stock,NASDAQ,active,True,True,True,True,9.715,8447287.15,-0.058668
ARCO,ARCOS DORADOS HOLDINGS INC.,NYSE,TRUE,ARCO,alpaca_source,ARCOS DORADOS HOLDINGS INC.,NYSE,active,True,True,True,True,8.155,1275177.85,-0.059231
CLS,"Celestica, Inc.",NYSE,TRUE,CLS,alpaca_source,"Celestica, Inc.",NYSE,active,True,True,True,True,348.775,2211735.2,-0.0595
AOSL,Alpha and Omega Semiconductor Limited Common Shares,NASDAQ,TRUE,AOSL,alpaca_source,Alpha and Omega Semiconductor Limited Common Shares,NASDAQ,active,True,True,True,True,45.0325,1060532.25,-0.059668
RPD,"Rapid7, Inc. Common Stock",NASDAQ,TRUE,RPD,alpaca_source,"Rapid7, Inc. Common Stock",NASDAQ,active,True,True,True,True,6.7599,2019058.0,-0.059819
TECS,Direxion Daily Technology Bear 3x ETF,ARCA,TRUE,TECS,alpaca_source,Direxion Daily Technology Bear 3x ETF,ARCA,active,True,True,False,True,6.8899,12643245.4,-0.060041
WAY,Waystar Holding Corp. Common Stock,NASDAQ,TRUE,WAY,alpaca_source,Waystar Holding Corp. Common Stock,NASDAQ,active,True,True,True,True,18.535,2371153.65,-0.060091
TTI,"TETRA Technologies, Inc.",NYSE,TRUE,TTI,alpaca_source,"TETRA Technologies, Inc.",NYSE,active,True,True,True,True,10.12,1692579.4,-0.060353
EXE,Expand Energy Corporation Common Stock,NASDAQ,TRUE,EXE,alpaca_source,Expand Energy Corporation Common Stock,NASDAQ,active,True,True,True,True,88.83,3667575.6,-0.060497
EFOR,"Everforth, Inc.",NYSE,TRUE,EFOR,alpaca_source,"Everforth, Inc.",NYSE,active,True,True,True,True,18.09,1011055.5,-0.060748
TLK,PT Telekomunikasi Indonesia,NYSE,TRUE,TLK,alpaca_source,PT Telekomunikasi Indonesia,NYSE,active,True,True,False,True,14.39,1305447.55,-0.06078
BCE,"BCE, Inc.",NYSE,TRUE,BCE,alpaca_source,"BCE, Inc.",NYSE,active,True,True,True,True,22.995,4238116.45,-0.060828
SRTY,ProShares UltraPro Short Russell2000,ARCA,TRUE,SRTY,alpaca_source,ProShares UltraPro Short Russell2000,ARCA,active,True,True,False,True,22.865,3568360.5,-0.060986
LHX,"L3Harris Technologies, Inc.",NYSE,TRUE,LHX,alpaca_source,"L3Harris Technologies, Inc.",NYSE,active,True,True,True,True,293.13,1274075.1,-0.061098
CG,The Carlyle Group Inc. Common Stock,NASDAQ,TRUE,CG,alpaca_source,The Carlyle Group Inc. Common Stock,NASDAQ,active,True,True,True,True,42.86,3163752.8,-0.061117
TPG,TPG Inc. Class A Common Stock,NASDAQ,TRUE,TPG,alpaca_source,TPG Inc. Class A Common Stock,NASDAQ,active,True,True,True,True,39.105,2325204.2,-0.061555
IAG,IAMGold Corporation,NYSE,TRUE,IAG,alpaca_source,IAMGold Corporation,NYSE,active,True,True,True,True,16.225,5853452.9,-0.062139
UPWK,Upwork Inc. Common Stock,NASDAQ,TRUE,UPWK,alpaca_source,Upwork Inc. Common Stock,NASDAQ,active,True,True,True,True,8.055,3375621.85,-0.062282
IDEF,BlackRock ETF Trust iShares Defense Industrials Active ETF,NASDAQ,TRUE,IDEF,alpaca_source,BlackRock ETF Trust iShares Defense Industrials Active ETF,NASDAQ,active,True,True,False,True,31.51,1515428.55,-0.062306
CNXC,Concentrix Corporation Common Stock,NASDAQ,TRUE,CNXC,alpaca_source,Concentrix Corporation Common Stock,NASDAQ,active,True,True,True,True,24.29,1568015.15,-0.062343
GDS,GDS Holdings Limited ADS,NASDAQ,TRUE,GDS,alpaca_source,GDS Holdings Limited ADS,NASDAQ,active,True,True,True,True,31.865,2904410.85,-0.062518
TXT,"Textron, Inc.",NYSE,TRUE,TXT,alpaca_source,"Textron, Inc.",NYSE,active,True,True,True,True,86.85,1461024.05,-0.062705
HYLN,Hyliion Holdings Corp.,AMEX,TRUE,HYLN,alpaca_source,Hyliion Holdings Corp.,AMEX,active,True,True,True,True,6.185,6801050.45,-0.062879
BR,Broadridge Financial Solutions Inc,NYSE,TRUE,BR,alpaca_source,Broadridge Financial Solutions Inc,NYSE,active,True,True,True,True,136.7801,1525515.15,-0.062899
TU,Telus Corporation,NYSE,TRUE,TU,alpaca_source,Telus Corporation,NYSE,active,True,True,True,True,11.48,6184383.45,-0.063061
XOP,State Street SPDR S&P Oil & Gas Exploration & Production ETF,ARCA,TRUE,XOP,alpaca_source,State Street SPDR S&P Oil & Gas Exploration & Production ETF,ARCA,active,True,True,True,True,154.85,4010632.3,-0.063161
PTON,"Peloton Interactive, Inc. Class A Common Stock",NASDAQ,TRUE,PTON,alpaca_source,"Peloton Interactive, Inc. Class A Common Stock",NASDAQ,active,True,True,True,True,5.405,14599650.35,-0.063258
LKQ,LKQ Corporation Common Stock,NASDAQ,TRUE,LKQ,alpaca_source,LKQ Corporation Common Stock,NASDAQ,active,True,True,True,True,25.525,2724613.85,-0.063303
TRU,TransUnion,NYSE,TRUE,TRU,alpaca_source,TransUnion,NYSE,active,True,True,True,True,65.97,2409344.3,-0.063525
IXC,iShares Global Energy ETF,ARCA,TRUE,IXC,alpaca_source,iShares Global Energy ETF,ARCA,active,True,True,True,True,50.56,1074067.65,-0.063676
LGN,Legence Corp. Class A Common stock,NASDAQ,TRUE,LGN,alpaca_source,Legence Corp. Class A Common stock,NASDAQ,active,True,True,True,True,81.41,1108967.15,-0.063822
XOM,Exxon Mobil Corporation,NYSE,TRUE,XOM,alpaca_source,Exxon Mobil Corporation,NYSE,active,True,True,True,True,140.24,17589047.15,-0.063881
LOGI,Logitech International S.A. Ordinary Shares,NASDAQ,TRUE,LOGI,alpaca_source,Logitech International S.A. Ordinary Shares,NASDAQ,active,True,True,True,True,104.24,1094123.55,-0.063937
PODD,Insulet Corporation Common Stock,NASDAQ,TRUE,PODD,alpaca_source,Insulet Corporation Common Stock,NASDAQ,active,True,True,True,True,143.95,1601911.45,-0.064044
NMAX,"Newsmax, Inc.",NYSE,TRUE,NMAX,alpaca_source,"Newsmax, Inc.",NYSE,active,True,True,True,True,7.25,1566233.35,-0.064516
UHS,"Universal Health Services, Inc. Class B",NYSE,TRUE,UHS,alpaca_source,"Universal Health Services, Inc. Class B",NYSE,active,True,True,True,True,146.32,1240627.5,-0.064535
MOS,The Mosaic Company,NYSE,TRUE,MOS,alpaca_source,The Mosaic Company,NYSE,active,True,True,True,True,21.16,9881603.65,-0.064545
GMED,GLOBUS MEDICAL INC,NYSE,TRUE,GMED,alpaca_source,GLOBUS MEDICAL INC,NYSE,active,True,True,True,True,79.6,1720579.1,-0.06463
CGNX,Cognex Corporation Common Stock,NASDAQ,TRUE,CGNX,alpaca_source,Cognex Corporation Common Stock,NASDAQ,active,True,True,True,True,63.9,2082086.4,-0.064832
CHYM,"Chime Financial, Inc. Class A Common Stock",NASDAQ,TRUE,CHYM,alpaca_source,"Chime Financial, Inc. Class A Common Stock",NASDAQ,active,True,True,True,True,16.475,4346627.55,-0.064983
NVDA,NVIDIA Corporation Common Stock,NASDAQ,TRUE,NVDA,alpaca_source,NVIDIA Corporation Common Stock,NASDAQ,active,True,True,True,True,200.65,167369197.85,-0.065048
GEN,Gen Digital Inc. Common Stock,NASDAQ,TRUE,GEN,alpaca_source,Gen Digital Inc. Common Stock,NASDAQ,active,True,True,True,True,23.1399,7608123.2,-0.065432
HSY,The Hershey Company,NYSE,TRUE,HSY,alpaca_source,The Hershey Company,NYSE,active,True,True,True,True,178.595,2264738.75,-0.065535
FTGC,First Trust Exchange-Traded Fund VII First Trust Global Tactical Commodity Strategy Fund,NASDAQ,TRUE,FTGC,alpaca_source,First Trust Exchange-Traded Fund VII First Trust Global Tactical Commodity Strategy Fund,NASDAQ,active,True,True,False,True,27.195,1163277.4,-0.065945
CSGP,"CoStar Group, Inc. Common Stock",NASDAQ,TRUE,CSGP,alpaca_source,"CoStar Group, Inc. Common Stock",NASDAQ,active,True,True,True,True,30.375,7447967.85,-0.065959
DECK,Deckers Outdoor Corp,NYSE,TRUE,DECK,alpaca_source,Deckers Outdoor Corp,NYSE,active,True,True,True,True,104.07,1959549.5,-0.066134
BTU,Peabody Energy Corporation,NYSE,TRUE,BTU,alpaca_source,Peabody Energy Corporation,NYSE,active,True,True,True,True,24.18,4078454.1,-0.066409
FNV,Franco-Nevada Corporation,NYSE,TRUE,FNV,alpaca_source,Franco-Nevada Corporation,NYSE,active,True,True,True,True,213.515,1026424.75,-0.066423
YUMC,"Yum China Holdings, Inc. Common Stock",NYSE,TRUE,YUMC,alpaca_source,"Yum China Holdings, Inc. Common Stock",NYSE,active,True,True,True,True,41.02,1926448.2,-0.066454
CRWU,T-REX 2X Long CRWV Daily Target ETF,BATS,TRUE,CRWU,alpaca_source,T-REX 2X Long CRWV Daily Target ETF,BATS,active,True,True,False,True,6.88,2913205.3,-0.066486
MTDR,MATADOR RESOURCES COMPANY,NYSE,TRUE,MTDR,alpaca_source,MATADOR RESOURCES COMPANY,NYSE,active,True,True,True,True,50.19,1681897.9,-0.066753
CWVX,Tradr 2X Long CRWV Daily ETF,BATS,TRUE,CWVX,alpaca_source,Tradr 2X Long CRWV Daily ETF,BATS,active,True,True,False,True,29.75,1270068.55,-0.066813
VIXY,ProShares VIX Short-Term Futures ETF,BATS,TRUE,VIXY,alpaca_source,ProShares VIX Short-Term Futures ETF,BATS,active,True,True,True,True,22.98,3538656.0,-0.06737
JBS,JBS N.V.,NYSE,TRUE,JBS,alpaca_source,JBS N.V.,NYSE,active,True,True,True,True,12.105,8652510.6,-0.067411
INSM,Insmed Incorporated Common Stock,NASDAQ,TRUE,INSM,alpaca_source,Insmed Incorporated Common Stock,NASDAQ,active,True,True,True,True,101.505,4811298.15,-0.06765
XLC,State Street Communication Services Select Sector SPDR ETF,ARCA,TRUE,XLC,alpaca_source,State Street Communication Services Select Sector SPDR ETF,ARCA,active,True,True,True,True,107.425,6821298.5,-0.067897
IMSR,Terrestrial Energy Inc. Common Stock,NASDAQ,TRUE,IMSR,alpaca_source,Terrestrial Energy Inc. Common Stock,NASDAQ,active,True,True,True,True,7.705,3245905.05,-0.068319
ESRT,"EMPIRE STATE REALTY TRUST, INC.",NYSE,TRUE,ESRT,alpaca_source,"EMPIRE STATE REALTY TRUST, INC.",NYSE,active,True,True,True,True,5.165,2684482.05,-0.068379
TECL,Direxion Daily Technology Bull 3x ETF,ARCA,TRUE,TECL,alpaca_source,Direxion Daily Technology Bull 3x ETF,ARCA,active,True,True,True,True,208.73,1361480.95,-0.068419
NXT,Nextpower Inc. Class A Common Stock,NASDAQ,TRUE,NXT,alpaca_source,Nextpower Inc. Class A Common Stock,NASDAQ,active,True,True,True,True,122.21,2289608.9,-0.068592
PAGP,"Plains GP Holdings, L.P. Class A Units representing Limited Partner Interests",NASDAQ,TRUE,PAGP,alpaca_source,"Plains GP Holdings, L.P. Class A Units representing Limited Partner Interests",NASDAQ,active,True,True,True,True,23.76,1462009.25,-0.068601
KVYO,"Klaviyo, Inc.",NYSE,TRUE,KVYO,alpaca_source,"Klaviyo, Inc.",NYSE,active,True,True,True,True,13.46,6153787.8,-0.069156
FTI,TechnipFMC plc Ordinary Share,NYSE,TRUE,FTI,alpaca_source,TechnipFMC plc Ordinary Share,NYSE,active,True,True,True,True,66.44,6124828.65,-0.069598
VXX,iPath Series B S&P 500 VIX Short-Term Futures ETN,BATS,TRUE,VXX,alpaca_source,iPath Series B S&P 500 VIX Short-Term Futures ETN,BATS,active,True,True,False,True,23.85,10644801.95,-0.069813
PAA,"Plains All American Pipeline, L.P. Common Units representing Limited Partner Interests",NASDAQ,TRUE,PAA,alpaca_source,"Plains All American Pipeline, L.P. Common Units representing Limited Partner Interests",NASDAQ,active,True,True,True,True,21.89,2730689.6,-0.070883
SDOW,ProShares UltraPro Short Dow 30,ARCA,TRUE,SDOW,alpaca_source,ProShares UltraPro Short Dow 30,ARCA,active,True,True,False,True,25.26,4742447.25,-0.070982
CVNA,Carvana Co.,NYSE,TRUE,CVNA,alpaca_source,Carvana Co.,NYSE,active,True,True,True,True,65.17,10603764.55,-0.070991
HRB,"H&R Block, Inc.",NYSE,TRUE,HRB,alpaca_source,"H&R Block, Inc.",NYSE,active,True,True,True,True,35.68,2277491.2,-0.071009
INV,"Innventure, Inc. Common Stock",NASDAQ,TRUE,INV,alpaca_source,"Innventure, Inc. Common Stock",NASDAQ,active,True,True,False,True,5.925,2502053.15,-0.071317
MCHI,iShares MSCI China ETF,NASDAQ,TRUE,MCHI,alpaca_source,iShares MSCI China ETF,NASDAQ,active,True,True,False,True,51.735,3253685.0,-0.071696
IGV,iShares Expanded Tech-Software Sector ETF,BATS,TRUE,IGV,alpaca_source,iShares Expanded Tech-Software Sector ETF,BATS,active,True,True,True,True,87.2901,20106518.15,-0.071702
IBRX,"ImmunityBio, Inc. Common Stock",NASDAQ,TRUE,IBRX,alpaca_source,"ImmunityBio, Inc. Common Stock",NASDAQ,active,True,True,False,True,7.35,12295900.4,-0.07197
FSLR,"First Solar, Inc. Common Stock",NASDAQ,TRUE,FSLR,alpaca_source,"First Solar, Inc. Common Stock",NASDAQ,active,True,True,True,True,250.5,2876394.0,-0.07205
UPRO,ProShares UltraPro S&P 500,ARCA,TRUE,UPRO,alpaca_source,ProShares UltraPro S&P 500,ARCA,active,True,True,True,True,135.3399,2797990.7,-0.072125
MOD,Modine Manufacturing Co,NYSE,TRUE,MOD,alpaca_source,Modine Manufacturing Co,NYSE,active,True,True,True,True,274.53,1477817.5,-0.072158
CX,Cemex S.A.B. de C.V.,NYSE,TRUE,CX,alpaca_source,Cemex S.A.B. de C.V.,NYSE,active,True,True,True,True,12.125,3862694.75,-0.072212
NOC,Northrop Grumman Corp.,NYSE,TRUE,NOC,alpaca_source,Northrop Grumman Corp.,NYSE,active,True,True,True,True,514.28,1049130.2,-0.0723
TXN,Texas Instruments Incorporated Common Stock,NASDAQ,TRUE,TXN,alpaca_source,Texas Instruments Incorporated Common Stock,NASDAQ,active,True,True,True,True,301.33,9112153.6,-0.072517
WDAY,"Workday, Inc. Class A Common Stock",NASDAQ,TRUE,WDAY,alpaca_source,"Workday, Inc. Class A Common Stock",NASDAQ,active,True,True,True,True,114.965,5569549.5,-0.073012
BG,Bunge Global SA,NYSE,TRUE,BG,alpaca_source,Bunge Global SA,NYSE,active,True,True,True,True,111.31,1809418.05,-0.073189
SPXL,Direxion Daily S&P 500 Bull 3x ETF,ARCA,TRUE,SPXL,alpaca_source,Direxion Daily S&P 500 Bull 3x ETF,ARCA,active,True,True,True,True,257.81,2274601.7,-0.073925
CWEN,"Clearway Energy, Inc. Class C Common Stock",NYSE,TRUE,CWEN,alpaca_source,"Clearway Energy, Inc. Class C Common Stock",NYSE,active,True,True,True,True,36.76,1513862.5,-0.074595
CC,The Chemours Company,NYSE,TRUE,CC,alpaca_source,The Chemours Company,NYSE,active,True,True,True,True,20.44,2019145.7,-0.075113
AEHR,Aehr Test Systems Common Stock,NASDAQ,TRUE,AEHR,alpaca_source,Aehr Test Systems Common Stock,NASDAQ,active,True,True,True,True,101.66,1885588.35,-0.075146
FXI,iShares China Large-Cap ETF,ARCA,TRUE,FXI,alpaca_source,iShares China Large-Cap ETF,ARCA,active,True,True,True,True,32.815,27219083.75,-0.075206
ALM,Almonty Industries Inc. Common Shares,NASDAQ,TRUE,ALM,alpaca_source,Almonty Industries Inc. Common Shares,NASDAQ,active,True,True,True,True,18.27,5476950.5,-0.075873
CLF,Cleveland-Cliffs Inc.,NYSE,TRUE,CLF,alpaca_source,Cleveland-Cliffs Inc.,NYSE,active,True,True,True,True,11.07,20554721.3,-0.07596
BP,BP p.l.c.,NYSE,TRUE,BP,alpaca_source,BP p.l.c.,NYSE,active,True,True,True,True,39.405,9623165.85,-0.076084
BILL,"BILL Holdings, Inc.",NYSE,TRUE,BILL,alpaca_source,"BILL Holdings, Inc.",NYSE,active,True,True,True,True,32.24,2967899.35,-0.076218
VALE,VALE S.A.,NYSE,TRUE,VALE,alpaca_source,VALE S.A.,NYSE,active,True,True,True,True,15.24,22639708.3,-0.076364
REXR,"REXFORD INDUSTRIAL REALTY, INC.",NYSE,TRUE,REXR,alpaca_source,"REXFORD INDUSTRIAL REALTY, INC.",NYSE,active,True,True,True,True,33.785,2539023.65,-0.07666
VIAV,Viavi Solutions Inc. Common Stock,NASDAQ,TRUE,VIAV,alpaca_source,Viavi Solutions Inc. Common Stock,NASDAQ,active,True,True,True,True,49.66,8586957.05,-0.07678
CGAU,Centerra Gold Inc.,NYSE,TRUE,CGAU,alpaca_source,Centerra Gold Inc.,NYSE,active,True,True,True,True,16.08,1664990.7,-0.076923
MT,ArcelorMittal,NYSE,TRUE,MT,alpaca_source,ArcelorMittal,NYSE,active,True,True,True,True,63.295,2057767.45,-0.077332
TDC,TERADATA CORPORATION,NYSE,TRUE,TDC,alpaca_source,TERADATA CORPORATION,NYSE,active,True,True,True,True,30.76,2372044.7,-0.077385
AUR,"Aurora Innovation, Inc. Class A Common Stock",NASDAQ,TRUE,AUR,alpaca_source,"Aurora Innovation, Inc. Class A Common Stock",NASDAQ,active,True,True,True,True,6.455,32554233.2,-0.077857
TS,Tenaris S. A.,NYSE,TRUE,TS,alpaca_source,Tenaris S. A.,NYSE,active,True,True,True,True,57.785,1305082.5,-0.078242
HGER,Harbor Commodity All-Weather Strategy ETF,NYSE,TRUE,HGER,alpaca_source,Harbor Commodity All-Weather Strategy ETF,NYSE,active,True,True,False,True,29.355,1307039.4,-0.078625
HXGBY,HEXAGON AB ADR - Unsponsored (Sweden),OTC,TRUE,HXGBY,alpaca_source,HEXAGON AB ADR - Unsponsored (Sweden),OTC,active,True,False,False,True,8.2,1042870.5,-0.07932
CE,Celanese Corporation Common Stock,NYSE,TRUE,CE,alpaca_source,Celanese Corporation Common Stock,NYSE,active,True,True,True,True,48.21,1456064.8,-0.079435
EWH,iShares MSCI Hong Kong ETF,ARCA,TRUE,EWH,alpaca_source,iShares MSCI Hong Kong ETF,ARCA,active,True,True,False,True,21.135,3144031.55,-0.079834
XP,XP Inc. Class A Common Stock,NASDAQ,TRUE,XP,alpaca_source,XP Inc. Class A Common Stock,NASDAQ,active,True,True,True,True,15.64,5937485.2,-0.079989
ON,ON Semiconductor Corporation Common Stock,NASDAQ,TRUE,ON,alpaca_source,ON Semiconductor Corporation Common Stock,NASDAQ,active,True,True,True,True,116.83,12263161.0,-0.080079
ASO,"Academy Sports and Outdoors, Inc. Common Stock",NASDAQ,TRUE,ASO,alpaca_source,"Academy Sports and Outdoors, Inc. Common Stock",NASDAQ,active,True,True,True,True,49.99,1725693.45,-0.080477
CTRE,"CareTrust REIT, Inc",NYSE,TRUE,CTRE,alpaca_source,"CareTrust REIT, Inc",NYSE,active,True,True,True,True,38.58,3060430.9,-0.080553
LBTYA,Liberty Global Ltd. Class A Common Shares,NASDAQ,TRUE,LBTYA,alpaca_source,Liberty Global Ltd. Class A Common Shares,NASDAQ,active,True,True,True,True,11.18,1761906.65,-0.080592
INOD,Innodata Inc. Common Stock,NASDAQ,TRUE,INOD,alpaca_source,Innodata Inc. Common Stock,NASDAQ,active,True,True,True,True,88.18,1642786.2,-0.080596
META,"Meta Platforms, Inc. Class A Common Stock",NASDAQ,TRUE,META,alpaca_source,"Meta Platforms, Inc. Class A Common Stock",NASDAQ,active,True,True,True,True,562.24,19026823.9,-0.080966
YMAG,YieldMax Magnificent 7 Fund of Option Income ETFs,ARCA,TRUE,YMAG,alpaca_source,YieldMax Magnificent 7 Fund of Option Income ETFs,ARCA,active,True,True,False,True,11.46,1234870.2,-0.081082
GFS,GlobalFoundries Inc. Ordinary Shares,NASDAQ,TRUE,GFS,alpaca_source,GlobalFoundries Inc. Ordinary Shares,NASDAQ,active,True,True,True,True,82.665,5416165.85,-0.081092
AAPU,Direxion Shares ETF Trust Direxion Daily AAPL Bull 2X ETF,NASDAQ,TRUE,AAPU,alpaca_source,Direxion Shares ETF Trust Direxion Daily AAPL Bull 2X ETF,NASDAQ,active,True,True,False,True,37.35,1771930.9,-0.081407
JKHY,"Jack Henry & Associates, Inc. Common Stock",NASDAQ,TRUE,JKHY,alpaca_source,"Jack Henry & Associates, Inc. Common Stock",NASDAQ,active,True,True,True,True,125.57,2032709.8,-0.081724
T,AT&T Inc.,NYSE,TRUE,T,alpaca_source,AT&T Inc.,NYSE,active,True,True,True,True,22.945,51705234.85,-0.082934
ISRG,"Intuitive Surgical, Inc. Common Stock",NASDAQ,TRUE,ISRG,alpaca_source,"Intuitive Surgical, Inc. Common Stock",NASDAQ,active,True,True,True,True,400.15,2532069.05,-0.08357
EQT,EQT CORP,NYSE,TRUE,EQT,alpaca_source,EQT CORP,NYSE,active,True,True,True,True,51.505,6894906.7,-0.083704
OXY,Occidental Petroleum Corporation,NYSE,TRUE,OXY,alpaca_source,Occidental Petroleum Corporation,NYSE,active,True,True,True,True,52.37,10129174.1,-0.084374
PFLT,PennantPark Floating Rate Capital Ltd.,NYSE,TRUE,PFLT,alpaca_source,PennantPark Floating Rate Capital Ltd.,NYSE,active,True,True,False,True,7.39,1126558.0,-0.084844
F,Ford Motor Company,NYSE,TRUE,F,alpaca_source,Ford Motor Company,NYSE,active,True,True,True,True,14.02,67224317.75,-0.084856
RMD,ResMed Inc.,NYSE,TRUE,RMD,alpaca_source,ResMed Inc.,NYSE,active,True,True,True,True,190.275,1627137.4,-0.085128
TECK,Teck Resources Limited,NYSE,TRUE,TECK,alpaca_source,Teck Resources Limited,NYSE,active,True,True,True,True,59.56,3174523.6,-0.085388
LBTYK,Liberty Global Ltd. Class C Common Shares,NASDAQ,TRUE,LBTYK,alpaca_source,Liberty Global Ltd. Class C Common Shares,NASDAQ,active,True,True,True,True,10.77,1340226.5,-0.085738
SHLD,Global X Defense Tech ETF,ARCA,TRUE,SHLD,alpaca_source,Global X Defense Tech ETF,ARCA,active,True,True,True,True,60.435,2013622.65,-0.086118
IREN,IREN Limited Ordinary Shares,NASDAQ,TRUE,IREN,alpaca_source,IREN Limited Ordinary Shares,NASDAQ,active,True,True,True,True,54.63,46776797.85,-0.086149
LBRDK,Liberty Broadband Corporation Class C Common Stock,NASDAQ,TRUE,LBRDK,alpaca_source,Liberty Broadband Corporation Class C Common Stock,NASDAQ,active,True,True,True,True,30.775,2162918.5,-0.086253
BLKB,"Blackbaud, Inc. Common Stock",NASDAQ,TRUE,BLKB,alpaca_source,"Blackbaud, Inc. Common Stock",NASDAQ,active,True,True,True,True,27.1285,1042563.3,-0.086275
CMCSA,Comcast Corporation Class A Common Stock,NASDAQ,TRUE,CMCSA,alpaca_source,Comcast Corporation Class A Common Stock,NASDAQ,active,True,True,True,True,22.975,33215540.5,-0.086481
GLDM,SPDR Gold MiniShares,ARCA,TRUE,GLDM,alpaca_source,SPDR Gold MiniShares,ARCA,active,True,True,True,True,81.45,4705171.85,-0.086986
PATH,"UiPath, Inc.",NYSE,TRUE,PATH,alpaca_source,"UiPath, Inc.",NYSE,active,True,True,True,True,10.125,49252278.75,-0.087015
AAAU,Goldman Sachs Physical Gold ETF Shares,BATS,TRUE,AAAU,alpaca_source,Goldman Sachs Physical Gold ETF Shares,BATS,active,True,True,True,True,40.6,2066588.7,-0.087025
RRC,Range Resources Corp,NYSE,TRUE,RRC,alpaca_source,Range Resources Corp,NYSE,active,True,True,True,True,36.465,3115668.8,-0.087111
IAUM,iShares Gold Trust Micro,ARCA,TRUE,IAUM,alpaca_source,iShares Gold Trust Micro,ARCA,active,True,True,True,True,41.0,2792637.7,-0.087266
IAU,iShares Gold Trust,ARCA,TRUE,IAU,alpaca_source,iShares Gold Trust,ARCA,active,True,True,True,True,77.4,7756347.0,-0.087372
APP,Applovin Corporation Class A Common Stock,NASDAQ,TRUE,APP,alpaca_source,Applovin Corporation Class A Common Stock,NASDAQ,active,True,True,True,True,469.2899,5633242.75,-0.087411
BCI,abrdn Bloomberg All Commodity Strategy K-1 Free ETF,ARCA,TRUE,BCI,alpaca_source,abrdn Bloomberg All Commodity Strategy K-1 Free ETF,ARCA,active,True,True,False,True,22.495,1384108.7,-0.087424
SGOL,abrdn Physical Gold Shares ETF,ARCA,TRUE,SGOL,alpaca_source,abrdn Physical Gold Shares ETF,ARCA,active,True,True,True,True,39.175,2960359.4,-0.087468
MAT,"Mattel, Inc. Common Stock",NASDAQ,TRUE,MAT,alpaca_source,"Mattel, Inc. Common Stock",NASDAQ,active,True,True,True,True,13.75,4110488.2,-0.087591
GLD,"SPDR Gold Trust, SPDR Gold Shares",ARCA,TRUE,GLD,alpaca_source,"SPDR Gold Trust, SPDR Gold Shares",ARCA,active,True,True,True,True,377.7,8019900.35,-0.087681
CHTR,"Charter Communications, Inc. Class A Common Stock New",NASDAQ,TRUE,CHTR,alpaca_source,"Charter Communications, Inc. Class A Common Stock New",NASDAQ,active,True,True,True,True,131.37,3609230.0,-0.087708
ECVT,Ecovyst Inc.,NYSE,TRUE,ECVT,alpaca_source,Ecovyst Inc.,NYSE,active,True,True,True,True,12.82,1584492.05,-0.088194
WBI,WaterBridge Infrastructure LLC,NYSE,TRUE,WBI,alpaca_source,WaterBridge Infrastructure LLC,NYSE,active,True,True,True,True,28.355,1845834.3,-0.088204
KD,"Kyndryl Holdings, Inc.",NYSE,TRUE,KD,alpaca_source,"Kyndryl Holdings, Inc.",NYSE,active,True,True,True,True,10.965,4263671.4,-0.088529
AMTM,"Amentum Holdings, Inc.",NYSE,TRUE,AMTM,alpaca_source,"Amentum Holdings, Inc.",NYSE,active,True,True,True,True,20.88,1888561.4,-0.088608
MNDY,monday.com Ltd. Ordinary Shares,NASDAQ,TRUE,MNDY,alpaca_source,monday.com Ltd. Ordinary Shares,NASDAQ,active,True,True,True,True,70.0102,1877214.9,-0.088765
BL,"BlackLine, Inc. Common Stock",NASDAQ,TRUE,BL,alpaca_source,"BlackLine, Inc. Common Stock",NASDAQ,active,True,True,True,True,26.3,1460840.45,-0.08902
B,Barrick Mining Corporation,NYSE,TRUE,B,alpaca_source,Barrick Mining Corporation,NYSE,active,True,True,True,True,38.18,12971038.95,-0.089289
NDAQ,"Nasdaq, Inc. Common Stock",NASDAQ,TRUE,NDAQ,alpaca_source,"Nasdaq, Inc. Common Stock",NASDAQ,active,True,True,True,True,82.435,3891158.2,-0.089671
MXL,"MaxLinear, Inc. Common Stock",NASDAQ,TRUE,MXL,alpaca_source,"MaxLinear, Inc. Common Stock",NASDAQ,active,True,True,True,True,87.48,4319838.1,-0.089888
GPRE,Green Plains Inc. Common Stock,NASDAQ,TRUE,GPRE,alpaca_source,Green Plains Inc. Common Stock,NASDAQ,active,True,True,True,True,14.39,1489132.2,-0.090966
NOV,NOV Inc.,NYSE,TRUE,NOV,alpaca_source,NOV Inc.,NYSE,active,True,True,True,True,19.03,4141535.4,-0.091004
MAGS,Roundhill Magnificent Seven ETF,BATS,TRUE,MAGS,alpaca_source,Roundhill Magnificent Seven ETF,BATS,active,True,True,True,True,63.255,4077128.5,-0.091555
APA,APA Corporation Common Stock,NASDAQ,TRUE,APA,alpaca_source,APA Corporation Common Stock,NASDAQ,active,True,True,True,True,34.065,5369703.85,-0.0916
COPX,Global X Copper Miners ETF (NEW),ARCA,TRUE,COPX,alpaca_source,Global X Copper Miners ETF (NEW),ARCA,active,True,True,True,True,79.39,3566234.2,-0.092789
PHYS,Sprott Physical Gold Trust,ARCA,TRUE,PHYS,alpaca_source,Sprott Physical Gold Trust,ARCA,active,True,True,True,True,30.945,3464455.75,-0.093054
RES,"RPC, Inc.",NYSE,TRUE,RES,alpaca_source,"RPC, Inc.",NYSE,active,True,True,True,True,6.455,1531243.2,-0.093399
QRVO,"Qorvo, Inc. Common Stock",NASDAQ,TRUE,QRVO,alpaca_source,"Qorvo, Inc. Common Stock",NASDAQ,active,True,True,True,True,98.09,1363378.8,-0.093689
ARKX,ARK Space & Defense Innovation ETF,BATS,TRUE,ARKX,alpaca_source,ARK Space & Defense Innovation ETF,BATS,active,True,True,True,True,32.9,2127939.6,-0.093914
FOUR,"Shift4 Payments, Inc.",NYSE,TRUE,FOUR,alpaca_source,"Shift4 Payments, Inc.",NYSE,active,True,True,True,True,38.77,1678104.35,-0.093947
KTOS,"Kratos Defense & Security Solutions, Inc. Common Stock",NASDAQ,TRUE,KTOS,alpaca_source,"Kratos Defense & Security Solutions, Inc. Common Stock",NASDAQ,active,True,True,True,True,51.44,4717779.4,-0.094366
FIS,"Fidelity National Information Services, Inc.",NYSE,TRUE,FIS,alpaca_source,"Fidelity National Information Services, Inc.",NYSE,active,True,True,True,True,37.79,6939116.2,-0.094705
OLLI,"Ollie's Bargain Outlet Holdings, Inc. Common Stock",NASDAQ,TRUE,OLLI,alpaca_source,"Ollie's Bargain Outlet Holdings, Inc. Common Stock",NASDAQ,active,True,True,True,True,72.97,2243005.95,-0.09489
DRVN,Driven Brands Holdings Inc. Common Stock,NASDAQ,TRUE,DRVN,alpaca_source,Driven Brands Holdings Inc. Common Stock,NASDAQ,active,True,True,True,True,12.4,1021622.85,-0.094891
XME,State Street SPDR S&P Metals & Mining ETF,ARCA,TRUE,XME,alpaca_source,State Street SPDR S&P Metals & Mining ETF,ARCA,active,True,True,True,True,110.89,2149462.1,-0.095264
OTEX,Open Text Corporation Common Shares,NASDAQ,TRUE,OTEX,alpaca_source,Open Text Corporation Common Shares,NASDAQ,active,True,True,True,True,20.925,2978724.15,-0.095635
AVGO,Broadcom Inc. Common Stock,NASDAQ,TRUE,AVGO,alpaca_source,Broadcom Inc. Common Stock,NASDAQ,active,True,True,True,True,381.04,35847405.05,-0.095654
ICLN,iShares Global Clean Energy ETF,NASDAQ,TRUE,ICLN,alpaca_source,iShares Global Clean Energy ETF,NASDAQ,active,True,True,True,True,20.67,5649435.8,-0.096141
PLAY,"Dave & Buster's Entertainment, Inc. Common Stock",NASDAQ,TRUE,PLAY,alpaca_source,"Dave & Buster's Entertainment, Inc. Common Stock",NASDAQ,active,True,True,True,True,11.18,2220607.85,-0.0962
PDBC,Invesco Actively Managed Exch-Traded Commodity Fd Tr Invesco Optimum Yield Diversified Commodity Strategy No K-1 ETF,NASDAQ,TRUE,PDBC,alpaca_source,Invesco Actively Managed Exch-Traded Commodity Fd Tr Invesco Optimum Yield Diversified Commodity Strategy No K-1 ETF,NASDAQ,active,True,True,True,True,16.185,6273720.35,-0.096315
TQQQ,ProShares UltraPro QQQ,NASDAQ,TRUE,TQQQ,alpaca_source,ProShares UltraPro QQQ,NASDAQ,active,True,True,True,True,74.05,75236613.05,-0.0964
PRGO,PERRIGO COMPANY PLC,NYSE,TRUE,PRGO,alpaca_source,PERRIGO COMPANY PLC,NYSE,active,True,True,True,True,9.51,3278986.1,-0.096542
EXLS,"ExlService Holdings, Inc. Common Stock",NASDAQ,TRUE,EXLS,alpaca_source,"ExlService Holdings, Inc. Common Stock",NASDAQ,active,True,True,True,True,26.15,2291629.0,-0.096719
DBC,Invesco DB Commodity Index Tracking Fund,ARCA,TRUE,DBC,alpaca_source,Invesco DB Commodity Index Tracking Fund,ARCA,active,True,True,True,True,27.125,1047059.4,-0.096737
G,GENPACT LIMITED,NYSE,TRUE,G,alpaca_source,GENPACT LIMITED,NYSE,active,True,True,True,True,28.01,2713027.95,-0.096752
CEG,Constellation Energy Corporation Common Stock,NASDAQ,TRUE,CEG,alpaca_source,Constellation Energy Corporation Common Stock,NASDAQ,active,True,True,True,True,272.25,4269945.35,-0.097225
FUBO,FuboTV Inc.,NYSE,TRUE,FUBO,alpaca_source,FuboTV Inc.,NYSE,active,True,True,False,True,8.585,1415546.5,-0.098214
BTGO,"BitGo Holdings, Inc.",NYSE,TRUE,BTGO,alpaca_source,"BitGo Holdings, Inc.",NYSE,active,True,True,True,True,5.381,2339394.4,-0.09866
NEXT,NextDecade Corporation Common Stock,NASDAQ,TRUE,NEXT,alpaca_source,NextDecade Corporation Common Stock,NASDAQ,active,True,True,True,True,7.535,2789391.9,-0.099761
DXC,DXC Technology Company,NYSE,TRUE,DXC,alpaca_source,DXC Technology Company,NYSE,active,True,True,True,True,8.325,4957539.3,-0.1
CALX,"CALIX, INC.",NYSE,TRUE,CALX,alpaca_source,"CALIX, INC.",NYSE,active,True,True,True,True,36.3,1048905.85,-0.100149
GOOG,Alphabet Inc. Class C Capital Stock,NASDAQ,TRUE,GOOG,alpaca_source,Alphabet Inc. Class C Capital Stock,NASDAQ,active,True,True,True,True,345.995,24385265.7,-0.100397
TROX,TRONOX LIMITED CL A ORDINARY SHARES,NYSE,TRUE,TROX,alpaca_source,TRONOX LIMITED CL A ORDINARY SHARES,NYSE,active,True,True,True,True,6.88,2548565.05,-0.100654
BVN,Compania de Minas Buenaventura S.A.,NYSE,TRUE,BVN,alpaca_source,Compania de Minas Buenaventura S.A.,NYSE,active,True,True,True,True,31.5,1419014.0,-0.102308
ENVX,Enovix Corporation Common Stock,NASDAQ,TRUE,ENVX,alpaca_source,Enovix Corporation Common Stock,NASDAQ,active,True,True,True,True,6.505,6654660.4,-0.102759
KWEB,KraneShares CSI China Internet ETF,ARCA,TRUE,KWEB,alpaca_source,KraneShares CSI China Internet ETF,ARCA,active,True,True,True,True,24.455,19682673.1,-0.102898
SRTA,"Strata Critical Medical, Inc. Class A Common Stock",NASDAQ,TRUE,SRTA,alpaca_source,"Strata Critical Medical, Inc. Class A Common Stock",NASDAQ,active,True,True,True,True,5.505,1183731.0,-0.10342
VSNT,"Versant Media Group, Inc. Class A Common Stock",NASDAQ,TRUE,VSNT,alpaca_source,"Versant Media Group, Inc. Class A Common Stock",NASDAQ,active,True,True,True,True,38.265,1849394.65,-0.103864
BOTZ,Global X Funds Global X Robotics & Artificial Intelligence ETF,NASDAQ,TRUE,BOTZ,alpaca_source,Global X Funds Global X Robotics & Artificial Intelligence ETF,NASDAQ,active,True,True,True,True,36.6301,1061793.25,-0.104399
TTE,TotalEnergies SE,NYSE,TRUE,TTE,alpaca_source,TotalEnergies SE,NYSE,active,True,True,True,True,80.63,1524867.4,-0.104509
RIO,Rio Tinto plc,NYSE,TRUE,RIO,alpaca_source,Rio Tinto plc,NYSE,active,True,True,True,True,95.74,2755993.0,-0.104732
MTSI,"MACOM Technology Solutions Holdings, Inc. Common Stock",NASDAQ,TRUE,MTSI,alpaca_source,"MACOM Technology Solutions Holdings, Inc. Common Stock",NASDAQ,active,True,True,True,True,366.76,1694823.8,-0.104765
AEM,Agnico Eagle Mines Ltd.,NYSE,TRUE,AEM,alpaca_source,Agnico Eagle Mines Ltd.,NYSE,active,True,True,True,True,161.2125,2936809.25,-0.105003
MSFT,Microsoft Corporation Common Stock,NASDAQ,TRUE,MSFT,alpaca_source,Microsoft Corporation Common Stock,NASDAQ,active,True,True,True,True,372.305,39710794.7,-0.105101
WPM,Wheaton Precious Metals Corp. Common Stock,NYSE,TRUE,WPM,alpaca_source,Wheaton Precious Metals Corp. Common Stock,NYSE,active,True,True,True,True,116.4,2216889.75,-0.105132
URA,Global X Uranium ETF,ARCA,TRUE,URA,alpaca_source,Global X Uranium ETF,ARCA,active,True,True,True,True,45.5101,4217859.35,-0.105189
SBRA,"Sabra Health Care REIT, Inc. Common Stock",NASDAQ,TRUE,SBRA,alpaca_source,"Sabra Health Care REIT, Inc. Common Stock",NASDAQ,active,True,True,True,True,18.6,3277699.1,-0.105769
ALMU,"Aeluma, Inc. Common Stock",NASDAQ,TRUE,ALMU,alpaca_source,"Aeluma, Inc. Common Stock",NASDAQ,active,True,True,True,True,21.78,1114850.9,-0.105911
LITE,Lumentum Holdings Inc. Common Stock,NASDAQ,TRUE,LITE,alpaca_source,Lumentum Holdings Inc. Common Stock,NASDAQ,active,True,True,True,True,814.22,6029028.9,-0.106048
NXPI,NXP Semiconductors N.V. Common Stock,NASDAQ,TRUE,NXPI,alpaca_source,NXP Semiconductors N.V. Common Stock,NASDAQ,active,True,True,True,True,297.17,4194828.8,-0.106712
CVE,Cenovus Energy Inc.,NYSE,TRUE,CVE,alpaca_source,Cenovus Energy Inc.,NYSE,active,True,True,True,True,25.69,8371320.2,-0.106727
IONQ,"IonQ, Inc.",NYSE,TRUE,IONQ,alpaca_source,"IonQ, Inc.",NYSE,active,True,True,True,True,56.825,27628323.25,-0.106806
MAIR,Madison Air Solutions Corporation,NYSE,TRUE,MAIR,alpaca_source,Madison Air Solutions Corporation,NYSE,active,True,True,True,True,38.215,1107116.35,-0.10796
GOOGL,Alphabet Inc. Class A Common Stock,NASDAQ,TRUE,GOOGL,alpaca_source,Alphabet Inc. Class A Common Stock,NASDAQ,active,True,True,True,True,346.66,34006090.95,-0.108036
DAR,DARLING INGREDIENTS INC.,NYSE,TRUE,DAR,alpaca_source,DARLING INGREDIENTS INC.,NYSE,active,True,True,True,True,52.895,2035963.7,-0.108762
VIPS,Vipshop Holdings Limited,NYSE,TRUE,VIPS,alpaca_source,Vipshop Holdings Limited,NYSE,active,True,True,True,True,13.125,2706764.9,-0.108961
KOLD,ProShares UltraShort Bloomberg Natural Gas,ARCA,TRUE,KOLD,alpaca_source,ProShares UltraShort Bloomberg Natural Gas,ARCA,active,True,True,False,True,23.16,3913022.9,-0.109231
SMR,NuScale Power Corporation,NYSE,TRUE,SMR,alpaca_source,NuScale Power Corporation,NYSE,active,True,True,True,True,10.885,38917628.55,-0.109247
CPRT,"Copart, Inc. (DE) Common Stock",NASDAQ,TRUE,CPRT,alpaca_source,"Copart, Inc. (DE) Common Stock",NASDAQ,active,True,True,True,True,29.59,11742217.7,-0.109808
ALKT,"Alkami Technology, Inc. Common Stock",NASDAQ,TRUE,ALKT,alpaca_source,"Alkami Technology, Inc. Common Stock",NASDAQ,active,True,True,True,True,14.955,1667310.85,-0.109821
ARIS,Aris Mining Corporation,NYSE,TRUE,ARIS,alpaca_source,Aris Mining Corporation,NYSE,active,True,True,True,True,15.71,1442681.2,-0.109915
OMER,Omeros Corporation Common Stock,NASDAQ,TRUE,OMER,alpaca_source,Omeros Corporation Common Stock,NASDAQ,active,True,True,True,True,10.36,2103336.2,-0.11073
DCH,Dauch Corporation,NYSE,TRUE,DCH,alpaca_source,Dauch Corporation,NYSE,active,True,True,True,True,5.7701,3607972.05,-0.110924
RUN,Sunrun Inc. Common Stock,NASDAQ,TRUE,RUN,alpaca_source,Sunrun Inc. Common Stock,NASDAQ,active,True,True,True,True,13.02,8149081.9,-0.111263
UVXY,ProShares Ultra VIX Short-Term Futures ETF,BATS,TRUE,UVXY,alpaca_source,ProShares Ultra VIX Short-Term Futures ETF,BATS,active,True,True,False,True,27.915,8094226.3,-0.11127
ACI,"Albertsons Companies, Inc.",NYSE,TRUE,ACI,alpaca_source,"Albertsons Companies, Inc.",NYSE,active,True,True,True,True,13.97,8012372.45,-0.111888
QBTS,D-Wave Quantum Inc.,NYSE,TRUE,QBTS,alpaca_source,D-Wave Quantum Inc.,NYSE,active,True,True,True,True,24.68,36762261.75,-0.112868
CRNC,Cerence Inc. Common Stock,NASDAQ,TRUE,CRNC,alpaca_source,Cerence Inc. Common Stock,NASDAQ,active,True,True,True,True,10.06,1110482.5,-0.112875
ICE,Intercontinental Exchange  Inc.,NYSE,TRUE,ICE,alpaca_source,Intercontinental Exchange  Inc.,NYSE,active,True,True,True,True,133.1,5029325.15,-0.113155
HUBS,"HUBSPOT, INC.",NYSE,TRUE,HUBS,alpaca_source,"HUBSPOT, INC.",NYSE,active,True,True,True,True,175.38,2103487.8,-0.114198
SMCI,"Super Micro Computer, Inc. Common Stock",NASDAQ,TRUE,SMCI,alpaca_source,"Super Micro Computer, Inc. Common Stock",NASDAQ,active,True,True,True,True,32.86,75165731.05,-0.114286
CDE,"Coeur Mining, Inc.",NYSE,TRUE,CDE,alpaca_source,"Coeur Mining, Inc.",NYSE,active,True,True,True,True,16.27,36923246.6,-0.114317
TSN,"Tyson Foods, Inc.",NYSE,TRUE,TSN,alpaca_source,"Tyson Foods, Inc.",NYSE,active,True,True,True,True,57.2,3937993.2,-0.114354
TE,T1 Energy Inc.,NYSE,TRUE,TE,alpaca_source,T1 Energy Inc.,NYSE,active,True,True,True,True,9.25,43197323.1,-0.114833
ADNT,Adient plc Ordinary Shares,NYSE,TRUE,ADNT,alpaca_source,Adient plc Ordinary Shares,NYSE,active,True,True,True,True,20.14,1022317.7,-0.115503
PBR,PETROLEO BRASILEIRO S.A.-PETROBRAS ADS (REP 1 COMMON SHARE),NYSE,TRUE,PBR,alpaca_source,PETROLEO BRASILEIRO S.A.-PETROBRAS ADS (REP 1 COMMON SHARE),NYSE,active,True,True,True,True,17.0202,15181568.7,-0.115917
KR,The Kroger Co.,NYSE,TRUE,KR,alpaca_source,The Kroger Co.,NYSE,active,True,True,True,True,57.05,9386204.85,-0.116189
AMZN,"Amazon.com, Inc. Common Stock",NASDAQ,TRUE,AMZN,alpaca_source,"Amazon.com, Inc. Common Stock",NASDAQ,active,True,True,True,True,234.26,45872139.3,-0.116966
HP,"Helmerich & Payne, Inc.",NYSE,TRUE,HP,alpaca_source,"Helmerich & Payne, Inc.",NYSE,active,True,True,True,True,35.54,1121653.6,-0.117019
MP,MP Materials Corp.,NYSE,TRUE,MP,alpaca_source,MP Materials Corp.,NYSE,active,True,True,True,True,59.145,5837706.9,-0.117107
IRDM,Iridium Communications Inc Common Stock,NASDAQ,TRUE,IRDM,alpaca_source,Iridium Communications Inc Common Stock,NASDAQ,active,True,True,True,True,44.11,2797626.45,-0.117818
FIG,"Figma, Inc.",NYSE,TRUE,FIG,alpaca_source,"Figma, Inc.",NYSE,active,True,True,True,True,19.37,18293948.2,-0.117942
PSN,Parsons Corporation,NYSE,TRUE,PSN,alpaca_source,Parsons Corporation,NYSE,active,True,True,True,True,49.695,1181278.3,-0.117945
BKR,Baker Hughes Company Class A Common Stock,NASDAQ,TRUE,BKR,alpaca_source,Baker Hughes Company Class A Common Stock,NASDAQ,active,True,True,True,True,58.83,7640314.8,-0.118388
SONO,"Sonos, Inc. Common Stock",NASDAQ,TRUE,SONO,alpaca_source,"Sonos, Inc. Common Stock",NASDAQ,active,True,True,True,True,14.299,1736437.25,-0.118977
QUBT,Quantum Computing Inc. Common Stock,NASDAQ,TRUE,QUBT,alpaca_source,Quantum Computing Inc. Common Stock,NASDAQ,active,True,True,False,True,10.2901,20294443.45,-0.118998
JMIA,Jumia Technologies AG,NYSE,TRUE,JMIA,alpaca_source,Jumia Technologies AG,NYSE,active,True,True,True,True,6.29,2003931.9,-0.119048
GDX,VanEck Gold Miners ETF,ARCA,TRUE,GDX,alpaca_source,VanEck Gold Miners ETF,ARCA,active,True,True,True,True,77.885,25530765.65,-0.119943
SG,"Sweetgreen, Inc.",NYSE,TRUE,SG,alpaca_source,"Sweetgreen, Inc.",NYSE,active,True,True,True,True,8.145,5812614.4,-0.12041
FSM,Fortuna Mining Corp.,NYSE,TRUE,FSM,alpaca_source,Fortuna Mining Corp.,NYSE,active,True,True,True,True,8.6,5353041.2,-0.120654
SKE,Skeena Resources Limited,NYSE,TRUE,SKE,alpaca_source,Skeena Resources Limited,NYSE,active,True,True,True,True,26.265,1073040.25,-0.12069
KEP,Korea Electric Power Corp,NYSE,TRUE,KEP,alpaca_source,Korea Electric Power Corp,NYSE,active,True,True,True,True,12.002,1180531.05,-0.121376
GAP,"The Gap, Inc.",NYSE,TRUE,GAP,alpaca_source,"The Gap, Inc.",NYSE,active,True,True,True,True,20.635,9475474.1,-0.121541
NTR,Nutrien Ltd. Common Shares,NYSE,TRUE,NTR,alpaca_source,Nutrien Ltd. Common Shares,NYSE,active,True,True,True,True,61.4108,2852714.05,-0.12195
CNQ,Canadian Natural Resources Limited,NYSE,TRUE,CNQ,alpaca_source,Canadian Natural Resources Limited,NYSE,active,True,True,True,True,41.06,9228822.65,-0.123212
ONON,On Holding AG,NYSE,TRUE,ONON,alpaca_source,On Holding AG,NYSE,active,True,True,True,True,35.335,4860361.7,-0.123636
DEC,Diversified Energy Company,NYSE,TRUE,DEC,alpaca_source,Diversified Energy Company,NYSE,active,True,True,True,True,12.98,1156714.65,-0.123833
ONDS,Ondas Inc. Common Stock,NASDAQ,TRUE,ONDS,alpaca_source,Ondas Inc. Common Stock,NASDAQ,active,True,True,True,True,8.56,76570067.35,-0.123849
LZ,"LegalZoom.com, Inc. Common Stock",NASDAQ,TRUE,LZ,alpaca_source,"LegalZoom.com, Inc. Common Stock",NASDAQ,active,True,True,True,True,5.605,2557037.15,-0.124219
NEM,Newmont Corporation,NYSE,TRUE,NEM,alpaca_source,Newmont Corporation,NYSE,active,True,True,True,True,97.5,8940892.65,-0.124383
TSLA,"Tesla, Inc. Common Stock",NASDAQ,TRUE,TSLA,alpaca_source,"Tesla, Inc. Common Stock",NASDAQ,active,True,True,True,True,379.495,46650024.45,-0.124761
METC,"Ramaco Resources, Inc. Class A Common Stock",NASDAQ,TRUE,METC,alpaca_source,"Ramaco Resources, Inc. Class A Common Stock",NASDAQ,active,True,True,True,True,12.96,1551800.15,-0.124916
BSY,"Bentley Systems, Incorporated Class B Common Stock",NASDAQ,TRUE,BSY,alpaca_source,"Bentley Systems, Incorporated Class B Common Stock",NASDAQ,active,True,True,True,True,28.5901,3187679.9,-0.125015
WU,The Western Union Company,NYSE,TRUE,WU,alpaca_source,The Western Union Company,NYSE,active,True,True,True,True,6.985,9125210.5,-0.125909
GIL,Gildan Activewear Inc.,NYSE,TRUE,GIL,alpaca_source,Gildan Activewear Inc.,NYSE,active,True,True,True,True,52.33,2177683.55,-0.125939
COIN,"Coinbase Global, Inc. Class A Common Stock",NASDAQ,TRUE,COIN,alpaca_source,"Coinbase Global, Inc. Class A Common Stock",NASDAQ,active,True,True,True,True,157.31,8609099.0,-0.126104
SAP,SAP SE,NYSE,TRUE,SAP,alpaca_source,SAP SE,NYSE,active,True,True,True,True,153.02,3069367.45,-0.126349
GPN,"Global Payments, Inc.",NYSE,TRUE,GPN,alpaca_source,"Global Payments, Inc.",NYSE,active,True,True,True,True,63.75,4315864.0,-0.126713
OWL,Blue Owl Capital Inc.,NYSE,TRUE,OWL,alpaca_source,Blue Owl Capital Inc.,NYSE,active,True,True,True,True,8.82,24024255.25,-0.126733
SM,SM Energy Company,NYSE,TRUE,SM,alpaca_source,SM Energy Company,NYSE,active,True,True,True,True,27.56,3903491.95,-0.127099
SNPS,"Synopsys, Inc. Common Stock",NASDAQ,TRUE,SNPS,alpaca_source,"Synopsys, Inc. Common Stock",NASDAQ,active,True,True,True,True,466.6101,2239026.85,-0.127114
FCEL,"FuelCell Energy, Inc. Common Stock",NASDAQ,TRUE,FCEL,alpaca_source,"FuelCell Energy, Inc. Common Stock",NASDAQ,active,True,True,True,True,21.295,10483249.9,-0.127254
HLX,"Helix Energy Solutions Group, Inc.",NYSE,TRUE,HLX,alpaca_source,"Helix Energy Solutions Group, Inc.",NYSE,active,True,True,True,True,8.82,1444888.95,-0.127596
ENOV,Enovis Corporation,NYSE,TRUE,ENOV,alpaca_source,Enovis Corporation,NYSE,active,True,True,True,True,21.18,1077284.55,-0.127677
ADTN,"ADTRAN Holdings, Inc. Common Stock",NASDAQ,TRUE,ADTN,alpaca_source,"ADTRAN Holdings, Inc. Common Stock",NASDAQ,active,True,True,True,True,14.37,2835551.25,-0.128563
NVAX,"Novavax, Inc. Common Stock",NASDAQ,TRUE,NVAX,alpaca_source,"Novavax, Inc. Common Stock",NASDAQ,active,True,True,True,True,9.11,5177275.65,-0.129063
DOCU,"DocuSign, Inc. Common Stock",NASDAQ,TRUE,DOCU,alpaca_source,"DocuSign, Inc. Common Stock",NASDAQ,active,True,True,True,True,42.935,4767682.6,-0.129461
SPOT,Spotify Technology S.A.,NYSE,TRUE,SPOT,alpaca_source,Spotify Technology S.A.,NYSE,active,True,True,True,True,461.11,1951808.25,-0.129505
PUK,PRUDENTIAL PLC ADS (REP 2 ORD SHARES),NYSE,TRUE,PUK,alpaca_source,PRUDENTIAL PLC ADS (REP 2 ORD SHARES),NYSE,active,True,True,True,True,26.765,1680190.7,-0.129876
TRMB,Trimble Inc. Common Stock,NASDAQ,TRUE,TRMB,alpaca_source,Trimble Inc. Common Stock,NASDAQ,active,True,True,True,True,49.015,3355432.95,-0.130014
NG,NovaGold Resources Inc.,AMEX,TRUE,NG,alpaca_source,NovaGold Resources Inc.,AMEX,active,True,True,True,True,7.215,3128661.0,-0.130723
BIDU,"Baidu, Inc. ADS",NASDAQ,TRUE,BIDU,alpaca_source,"Baidu, Inc. ADS",NASDAQ,active,True,True,True,True,110.22,2367820.45,-0.130963
SILJ,Amplify Junior Silver Miners ETF,ARCA,TRUE,SILJ,alpaca_source,Amplify Junior Silver Miners ETF,ARCA,active,True,True,True,True,26.085,5147342.2,-0.131369
DOW,Dow Inc.,NYSE,TRUE,DOW,alpaca_source,Dow Inc.,NYSE,active,True,True,True,True,30.335,12284505.45,-0.131421
IMNM,"Immunome, Inc. Common Stock",NASDAQ,TRUE,IMNM,alpaca_source,"Immunome, Inc. Common Stock",NASDAQ,active,True,True,True,True,19.03,1349007.95,-0.131447
PUMP,ProPetro Holding Corp.,NYSE,TRUE,PUMP,alpaca_source,ProPetro Holding Corp.,NYSE,active,True,True,True,True,14.65,4759126.5,-0.131595
NOG,"Northern Oil and Gas, Inc.",NYSE,TRUE,NOG,alpaca_source,"Northern Oil and Gas, Inc.",NYSE,active,True,True,True,True,19.4,2927837.05,-0.131603
EVLV,"Evolv Technologies Holdings, Inc. Class A Common Stock",NASDAQ,TRUE,EVLV,alpaca_source,"Evolv Technologies Holdings, Inc. Class A Common Stock",NASDAQ,active,True,True,True,True,5.5122,2470588.65,-0.131937
SHAK,Shake Shack Inc.,NYSE,TRUE,SHAK,alpaca_source,Shake Shack Inc.,NYSE,active,True,True,True,True,53.625,2541867.2,-0.132562
SWKS,"Skyworks Solutions, Inc. Common Stock",NASDAQ,TRUE,SWKS,alpaca_source,"Skyworks Solutions, Inc. Common Stock",NASDAQ,active,True,True,True,True,72.295,5197098.7,-0.133361
STTK,"Shattuck Labs, Inc. Common Stock",NASDAQ,TRUE,STTK,alpaca_source,"Shattuck Labs, Inc. Common Stock",NASDAQ,active,True,True,True,True,5.295,1083958.0,-0.133388
PEGA,Pegasystems Inc. Common Stock,NASDAQ,TRUE,PEGA,alpaca_source,Pegasystems Inc. Common Stock,NASDAQ,active,True,True,True,True,29.745,2140495.1,-0.133557
SU,"Suncor Energy, Inc.",NYSE,TRUE,SU,alpaca_source,"Suncor Energy, Inc.",NYSE,active,True,True,True,True,56.415,4994198.25,-0.133781
CME,CME Group Inc. Class A Common Stock,NASDAQ,TRUE,CME,alpaca_source,CME Group Inc. Class A Common Stock,NASDAQ,active,True,True,True,True,243.45,4137630.25,-0.133885
GDXJ,VanEck Junior Gold Miners ETF,ARCA,TRUE,GDXJ,alpaca_source,VanEck Junior Gold Miners ETF,ARCA,active,True,True,True,True,101.03,7122359.05,-0.133979
WEN,Wendy's Company (The) Common Stock,NASDAQ,TRUE,WEN,alpaca_source,Wendy's Company (The) Common Stock,NASDAQ,active,True,True,False,True,6.255,8752284.6,-0.134398
SA,"Seabridge Gold, Inc.",NYSE,TRUE,SA,alpaca_source,"Seabridge Gold, Inc.",NYSE,active,True,True,True,True,27.21,1060677.8,-0.134817
AU,AngloGold Ashanti plc,NYSE,TRUE,AU,alpaca_source,AngloGold Ashanti plc,NYSE,active,True,True,True,True,83.315,3299345.35,-0.134981
GLIBK,Liberty Capital Corporation Series C GCI Group Common Stock,NASDAQ,TRUE,GLIBK,alpaca_source,Liberty Capital Corporation Series C GCI Group Common Stock,NASDAQ,active,True,True,True,True,20.46,1002198.5,-0.135249
MDA,MDA Space Ltd.,NYSE,TRUE,MDA,alpaca_source,MDA Space Ltd.,NYSE,active,True,True,True,True,38.72,1636679.4,-0.135521
LAR,Lithium Argentina AG,NYSE,TRUE,LAR,alpaca_source,Lithium Argentina AG,NYSE,active,True,True,True,True,8.39,2078915.3,-0.135942
HLIT,Harmonic Inc. Common Stock,NASDAQ,TRUE,HLIT,alpaca_source,Harmonic Inc. Common Stock,NASDAQ,active,True,True,True,True,14.6,4673177.7,-0.136095
LAZ,"Lazard, Inc.",NYSE,TRUE,LAZ,alpaca_source,"Lazard, Inc.",NYSE,active,True,True,True,True,42.26,2943604.8,-0.136141
LCID,"Lucid Group, Inc. Common Stock",NASDAQ,TRUE,LCID,alpaca_source,"Lucid Group, Inc. Common Stock",NASDAQ,active,True,True,False,True,5.15,14403743.6,-0.137353
ALB,Albemarle Corporation,NYSE,TRUE,ALB,alpaca_source,Albemarle Corporation,NYSE,active,True,True,True,True,150.295,2318158.0,-0.137451
RXST,"RxSight, Inc. Common Stock",NASDAQ,TRUE,RXST,alpaca_source,"RxSight, Inc. Common Stock",NASDAQ,active,True,True,True,True,5.16,1002937.65,-0.138564
BAND,Bandwidth Inc. Class A Common Stock,NASDAQ,TRUE,BAND,alpaca_source,Bandwidth Inc. Class A Common Stock,NASDAQ,active,True,True,True,True,52.69,1553821.15,-0.138771
ASM,Avino Silver & Gold Mines Ltd. (Canada),AMEX,TRUE,ASM,alpaca_source,Avino Silver & Gold Mines Ltd. (Canada),AMEX,active,True,True,True,True,5.94,4181236.9,-0.13913
SIL,Global X Silver Miners ETF (NEW),ARCA,TRUE,SIL,alpaca_source,Global X Silver Miners ETF (NEW),ARCA,active,True,True,True,True,78.59,1593240.9,-0.139494
SSYS,"Stratasys, Ltd. Ordinary Shares (Israel)",NASDAQ,TRUE,SSYS,alpaca_source,"Stratasys, Ltd. Ordinary Shares (Israel)",NASDAQ,active,True,True,True,True,8.3101,1419447.7,-0.139741
CF,"CF Industries Holding, Inc.",NYSE,TRUE,CF,alpaca_source,"CF Industries Holding, Inc.",NYSE,active,True,True,True,True,102.48,2838897.05,-0.13998
CRM,"Salesforce, Inc.",NYSE,TRUE,CRM,alpaca_source,"Salesforce, Inc.",NYSE,active,True,True,True,True,153.49,19232324.45,-0.140685
HAL,Halliburton Company,NYSE,TRUE,HAL,alpaca_source,Halliburton Company,NYSE,active,True,True,True,True,35.145,12522630.0,-0.140835
NAMS,NewAmsterdam Pharma Company N.V. Ordinary Shares,NASDAQ,TRUE,NAMS,alpaca_source,NewAmsterdam Pharma Company N.V. Ordinary Shares,NASDAQ,active,True,True,True,True,31.02,1256953.0,-0.140958
HL,Hecla Mining Company,NYSE,TRUE,HL,alpaca_source,Hecla Mining Company,NYSE,active,True,True,True,True,15.1,22759129.4,-0.141069
VG,"Venture Global, Inc.",NYSE,TRUE,VG,alpaca_source,"Venture Global, Inc.",NYSE,active,True,True,True,True,11.055,13851043.0,-0.141177
HMY,Harmony Gold Mining Company Limited,NYSE,TRUE,HMY,alpaca_source,Harmony Gold Mining Company Limited,NYSE,active,True,True,True,True,15.48,4476022.0,-0.141431
UUUU,Energy Fuels Inc.,AMEX,TRUE,UUUU,alpaca_source,Energy Fuels Inc.,AMEX,active,True,True,True,True,15.785,11294899.9,-0.14212
FIGS,"FIGS, Inc.",NYSE,TRUE,FIGS,alpaca_source,"FIGS, Inc.",NYSE,active,True,True,True,True,10.975,2636589.05,-0.142578
ZM,"Zoom Communications, Inc. Class A Common Stock",NASDAQ,TRUE,ZM,alpaca_source,"Zoom Communications, Inc. Class A Common Stock",NASDAQ,active,True,True,True,True,85.77,4508427.45,-0.143071
GDDY,GoDaddy Inc,NYSE,TRUE,GDDY,alpaca_source,GoDaddy Inc,NYSE,active,True,True,True,True,76.245,3460460.0,-0.143218
WHR,Whirlpool Corp.,NYSE,TRUE,WHR,alpaca_source,Whirlpool Corp.,NYSE,active,True,True,True,True,36.545,2584502.45,-0.143343
LULU,lululemon athletica inc. Common Stock,NASDAQ,TRUE,LULU,alpaca_source,lululemon athletica inc. Common Stock,NASDAQ,active,True,True,True,True,109.07,4720175.8,-0.143541
CHWY,"Chewy, Inc.",NYSE,TRUE,CHWY,alpaca_source,"Chewy, Inc.",NYSE,active,True,True,True,True,18.195,10279677.85,-0.143765
OXLC,Oxford Lane Capital Corp. Common Stock,NASDAQ,TRUE,OXLC,alpaca_source,Oxford Lane Capital Corp. Common Stock,NASDAQ,active,True,True,False,True,8.235,1191428.3,-0.143806
ORCL,Oracle Corp,NYSE,TRUE,ORCL,alpaca_source,Oracle Corp,NYSE,active,True,True,True,True,165.29,27666964.0,-0.143841
XPRO,Expro Group Holdings N.V.,NYSE,TRUE,XPRO,alpaca_source,Expro Group Holdings N.V.,NYSE,active,True,True,True,True,13.595,1073596.25,-0.144969
WSE,Wise Group plc Class A Ordinary Shares,NASDAQ,TRUE,WSE,alpaca_source,Wise Group plc Class A Ordinary Shares,NASDAQ,active,True,True,True,True,10.94,1543331.35,-0.145313
AESI,Atlas Energy Solutions Inc.,NYSE,TRUE,AESI,alpaca_source,Atlas Energy Solutions Inc.,NYSE,active,True,True,True,True,16.5,2505175.8,-0.146405
PLTR,Palantir Technologies Inc. Class A Common Stock,NASDAQ,TRUE,PLTR,alpaca_source,Palantir Technologies Inc. Class A Common Stock,NASDAQ,active,True,True,True,True,116.595,41736078.1,-0.14645
NVDL,GraniteShares ETF Trust GraniteShares 2x Long NVDA Daily ETF,NASDAQ,TRUE,NVDL,alpaca_source,GraniteShares ETF Trust GraniteShares 2x Long NVDA Daily ETF,NASDAQ,active,True,True,False,True,90.695,7402639.6,-0.146882
YSS,York Space Systems Inc.,NYSE,TRUE,YSS,alpaca_source,York Space Systems Inc.,NYSE,active,True,True,False,True,28.305,2116633.0,-0.146926
FRVO,Fervo Energy Company Class A common stock,NASDAQ,TRUE,FRVO,alpaca_source,Fervo Energy Company Class A common stock,NASDAQ,active,True,True,True,True,33.7,2148291.05,-0.147051
LPTH,"LightPath Technologies, Inc. Class A Common Stock",NASDAQ,TRUE,LPTH,alpaca_source,"LightPath Technologies, Inc. Class A Common Stock",NASDAQ,active,True,True,True,True,13.8499,4011849.95,-0.147174
PWP,Perella Weinberg Partners Class A Common Stock,NASDAQ,TRUE,PWP,alpaca_source,Perella Weinberg Partners Class A Common Stock,NASDAQ,active,True,True,True,True,16.1,1441383.15,-0.147815
FISV,"Fiserv, Inc. Common Stock",NASDAQ,TRUE,FISV,alpaca_source,"Fiserv, Inc. Common Stock",NASDAQ,active,True,True,True,True,47.37,8687969.6,-0.148175
TAN,Invesco Solar ETF,ARCA,TRUE,TAN,alpaca_source,Invesco Solar ETF,ARCA,active,True,True,False,True,58.74,1827790.95,-0.148202
MLYS,"Mineralys Therapeutics, Inc. Common Stock",NASDAQ,TRUE,MLYS,alpaca_source,"Mineralys Therapeutics, Inc. Common Stock",NASDAQ,active,True,True,True,True,25.54,2128532.2,-0.148383
YOU,"Clear Secure, Inc.",NYSE,TRUE,YOU,alpaca_source,"Clear Secure, Inc.",NYSE,active,True,True,True,True,52.945,1417886.55,-0.148577
KGC,Kinross Gold Corporation,NYSE,TRUE,KGC,alpaca_source,Kinross Gold Corporation,NYSE,active,True,True,True,True,25.075,8743465.45,-0.149712
LBRT,Liberty Energy Inc.,NYSE,TRUE,LBRT,alpaca_source,Liberty Energy Inc.,NYSE,active,True,True,True,True,27.08,3349014.95,-0.149963
Z,"Zillow Group, Inc. Class C Capital Stock",NASDAQ,TRUE,Z,alpaca_source,"Zillow Group, Inc. Class C Capital Stock",NASDAQ,active,True,True,True,True,30.365,5476096.75,-0.150392
INTU,Intuit Inc. Common Stock,NASDAQ,TRUE,INTU,alpaca_source,Intuit Inc. Common Stock,NASDAQ,active,True,True,True,True,258.32,6495606.7,-0.15124
NE,Noble Corporation plc,NYSE,TRUE,NE,alpaca_source,Noble Corporation plc,NYSE,active,True,True,True,True,41.97,1282404.4,-0.151845
SMMT,Summit Therapeutics Inc. Common Stock,NASDAQ,TRUE,SMMT,alpaca_source,Summit Therapeutics Inc. Common Stock,NASDAQ,active,True,True,True,True,14.41,7161551.15,-0.152353
DOX,Amdocs Limited Ordinary Shares,NASDAQ,TRUE,DOX,alpaca_source,Amdocs Limited Ordinary Shares,NASDAQ,active,True,True,True,True,52.64,1441049.7,-0.152608
FIVE,"Five Below, Inc. Common Stock",NASDAQ,TRUE,FIVE,alpaca_source,"Five Below, Inc. Common Stock",NASDAQ,active,True,True,True,True,187.29,1632503.25,-0.152802
CRGY,Crescent Energy Company,NYSE,TRUE,CRGY,alpaca_source,Crescent Energy Company,NYSE,active,True,True,True,True,10.52,5844031.2,-0.15366
QS,QuantumScape Corporation Class A Common Stock,NASDAQ,TRUE,QS,alpaca_source,QuantumScape Corporation Class A Common Stock,NASDAQ,active,True,True,True,True,7.3701,24354761.95,-0.153835
SVM,Silvercorp Metals Inc. Common Shares,AMEX,TRUE,SVM,alpaca_source,Silvercorp Metals Inc. Common Shares,AMEX,active,True,True,True,True,10.55,4231819.3,-0.154434
LYB,LyondellBasell Industries N.V. Class A,NYSE,TRUE,LYB,alpaca_source,LyondellBasell Industries N.V. Class A,NYSE,active,True,True,True,True,57.695,5183157.9,-0.155216
UEC,Uranium Energy Corp.,AMEX,TRUE,UEC,alpaca_source,Uranium Energy Corp.,AMEX,active,True,True,True,True,11.395,12645376.65,-0.156551
PPLT,abrdn Physical Platinum Shares ETF,ARCA,TRUE,PPLT,alpaca_source,abrdn Physical Platinum Shares ETF,ARCA,active,True,True,True,True,14.955,2633896.75,-0.15699
ACDC,ProFrac Holding Corp. Class A Common Stock,NASDAQ,TRUE,ACDC,alpaca_source,ProFrac Holding Corp. Class A Common Stock,NASDAQ,active,True,True,True,True,6.085,1456093.3,-0.157202
PPTA,Perpetua Resources Corp. Common Shares,NASDAQ,TRUE,PPTA,alpaca_source,Perpetua Resources Corp. Common Shares,NASDAQ,active,True,True,True,True,22.395,2054367.45,-0.157449
NNE,Nano Nuclear Energy Inc. Common Stock,NASDAQ,TRUE,NNE,alpaca_source,Nano Nuclear Energy Inc. Common Stock,NASDAQ,active,True,True,True,True,24.45,3407775.15,-0.158927
ZG,"Zillow Group, Inc. Class A Common Stock",NASDAQ,TRUE,ZG,alpaca_source,"Zillow Group, Inc. Class A Common Stock",NASDAQ,active,True,True,True,True,30.435,1363064.7,-0.159486
HLNE,Hamilton Lane Incorporated Class A Common Stock,NASDAQ,TRUE,HLNE,alpaca_source,Hamilton Lane Incorporated Class A Common Stock,NASDAQ,active,True,True,True,True,75.38,1069731.3,-0.159587
AEVA,"Aeva Technologies, Inc. Common Stock",NASDAQ,TRUE,AEVA,alpaca_source,"Aeva Technologies, Inc. Common Stock",NASDAQ,active,True,True,True,True,23.63,2502946.6,-0.159972
ROL,"Rollins, Inc.",NYSE,TRUE,ROL,alpaca_source,"Rollins, Inc.",NYSE,active,True,True,True,True,44.6301,5004345.0,-0.160457
PTEN,"Patterson-UTI Energy, Inc. Common Stock",NASDAQ,TRUE,PTEN,alpaca_source,"Patterson-UTI Energy, Inc. Common Stock",NASDAQ,active,True,True,True,True,10.0793,8937244.9,-0.160889
CRML,Critical Metals Corp. Ordinary Shares,NASDAQ,TRUE,CRML,alpaca_source,Critical Metals Corp. Ordinary Shares,NASDAQ,active,True,True,False,True,9.8499,6781791.95,-0.160997
OKLO,Oklo Inc.,NYSE,TRUE,OKLO,alpaca_source,Oklo Inc.,NYSE,active,True,True,True,True,57.59,13635626.85,-0.161718
FIVN,"Five9, Inc. Common Stock",NASDAQ,TRUE,FIVN,alpaca_source,"Five9, Inc. Common Stock",NASDAQ,active,True,True,True,True,19.084,2967083.95,-0.162615
PAAS,Pan American Silver Corp.,NYSE,TRUE,PAAS,alpaca_source,Pan American Silver Corp.,NYSE,active,True,True,True,True,46.345,4858722.55,-0.162692
INTR,Inter & Co. Inc. Class A Common Shares,NASDAQ,TRUE,INTR,alpaca_source,Inter & Co. Inc. Class A Common Shares,NASDAQ,active,True,True,True,True,5.3014,6294810.45,-0.163817
ADYEY,Adyen N.V. Unsponsored ADR (Netherlands),OTC,TRUE,ADYEY,alpaca_source,Adyen N.V. Unsponsored ADR (Netherlands),OTC,active,True,False,True,True,9.41,1223011.5,-0.16504
VET,VERMILION ENERGY INC.,NYSE,TRUE,VET,alpaca_source,VERMILION ENERGY INC.,NYSE,active,True,True,True,True,9.79,1505382.2,-0.165885
EXK,Endeavour Silver Corp.,NYSE,TRUE,EXK,alpaca_source,Endeavour Silver Corp.,NYSE,active,True,True,True,True,8.005,6987596.35,-0.166146
NFLX,"Netflix, Inc. Common Stock",NASDAQ,TRUE,NFLX,alpaca_source,"Netflix, Inc. Common Stock",NASDAQ,active,True,True,True,True,73.1,42607868.4,-0.166287
SLB,SLB Limited,NYSE,TRUE,SLB,alpaca_source,SLB Limited,NYSE,active,True,True,True,True,48.0363,15796126.55,-0.167158
FMC,FMC Corporation,NYSE,TRUE,FMC,alpaca_source,FMC Corporation,NYSE,active,True,True,True,True,10.785,3339921.85,-0.169106
JOBY,"Joby Aviation, Inc.",NYSE,TRUE,JOBY,alpaca_source,"Joby Aviation, Inc.",NYSE,active,True,True,True,True,9.565,34430201.35,-0.169705
RGTI,"Rigetti Computing, Inc. Common Stock",NASDAQ,TRUE,RGTI,alpaca_source,"Rigetti Computing, Inc. Common Stock",NASDAQ,active,True,True,True,True,20.8,51413535.6,-0.170158
LTRX,"Lantronix, Inc. Common Stock",NASDAQ,TRUE,LTRX,alpaca_source,"Lantronix, Inc. Common Stock",NASDAQ,active,True,True,True,True,6.04,1602738.6,-0.17033
SATS,EchoStar Corporation Common Stock,NASDAQ,TRUE,SATS,alpaca_source,EchoStar Corporation Common Stock,NASDAQ,active,True,True,True,True,102.0,12941538.75,-0.17154
AAOI,"Applied Optoelectronics, Inc. Common Stock",NASDAQ,TRUE,AAOI,alpaca_source,"Applied Optoelectronics, Inc. Common Stock",NASDAQ,active,True,True,True,True,147.14,14063313.55,-0.171602
RNG,"RINGCENTRAL, INC.",NYSE,TRUE,RNG,alpaca_source,"RINGCENTRAL, INC.",NYSE,active,True,True,True,True,35.15,1437718.9,-0.172649
VELO,"Velo3D, Inc. Common Stock",NASDAQ,TRUE,VELO,alpaca_source,"Velo3D, Inc. Common Stock",NASDAQ,active,True,True,False,True,20.745,5010210.55,-0.172847
USAR,"USA Rare Earth, Inc. Class A Common Stock",NASDAQ,TRUE,USAR,alpaca_source,"USA Rare Earth, Inc. Class A Common Stock",NASDAQ,active,True,True,True,True,22.93,16985859.85,-0.173098
WFRD,Weatherford International plc Ordinary Shares,NASDAQ,TRUE,WFRD,alpaca_source,Weatherford International plc Ordinary Shares,NASDAQ,active,True,True,True,True,89.98,1179844.35,-0.173282
NOK,Nokia Corporation,NYSE,TRUE,NOK,alpaca_source,Nokia Corporation,NYSE,active,True,True,True,True,13.605,129400879.55,-0.173451
MWH,"SOLV Energy, Inc. Class A Common Stock",NASDAQ,TRUE,MWH,alpaca_source,"SOLV Energy, Inc. Class A Common Stock",NASDAQ,active,True,True,True,True,32.6,2242706.95,-0.174265
LASR,"nLIGHT, Inc. Common Stock",NASDAQ,TRUE,LASR,alpaca_source,"nLIGHT, Inc. Common Stock",NASDAQ,active,True,True,True,True,67.315,1077414.75,-0.174758
STEP,StepStone Group Inc. Class A Common Stock,NASDAQ,TRUE,STEP,alpaca_source,StepStone Group Inc. Class A Common Stock,NASDAQ,active,True,True,True,True,42.615,1478371.4,-0.175019
VERX,"Vertex, Inc. Class A Common Stock",NASDAQ,TRUE,VERX,alpaca_source,"Vertex, Inc. Class A Common Stock",NASDAQ,active,True,True,True,True,10.77,1647600.75,-0.175345
GSOL,Grayscale Solana Staking ETF Shares,ARCA,TRUE,GSOL,alpaca_source,Grayscale Solana Staking ETF Shares,ARCA,active,True,True,False,True,5.1603,4021430.2,-0.175671
OLN,Olin Corp.,NYSE,TRUE,OLN,alpaca_source,Olin Corp.,NYSE,active,True,True,True,True,21.535,2726748.45,-0.175851
UGL,ProShares Ultra Gold,ARCA,TRUE,UGL,alpaca_source,ProShares Ultra Gold,ARCA,active,True,True,False,True,46.14,2985901.3,-0.176513
RIG,Transocean LTD.,NYSE,TRUE,RIG,alpaca_source,Transocean LTD.,NYSE,active,True,True,True,True,5.335,29714448.25,-0.176698
BSOL,Bitwise Solana Staking ETF,ARCA,TRUE,BSOL,alpaca_source,Bitwise Solana Staking ETF,ARCA,active,True,True,False,True,9.3099,2707709.8,-0.176844
SGML,Sigma Lithium Corporation Common Shares,NASDAQ,TRUE,SGML,alpaca_source,Sigma Lithium Corporation Common Shares,NASDAQ,active,True,True,True,True,12.59,2572325.65,-0.177124
FBL,GraniteShares ETF Trust GraniteShares 2x Long META Daily ETF,NASDAQ,TRUE,FBL,alpaca_source,GraniteShares ETF Trust GraniteShares 2x Long META Daily ETF,NASDAQ,active,True,True,False,True,20.901,1478801.6,-0.177126
SSL,Sasol Limited,NYSE,TRUE,SSL,alpaca_source,Sasol Limited,NYSE,active,True,True,True,True,11.06,1750649.4,-0.177695
MUX,McEwen Inc.,NYSE,TRUE,MUX,alpaca_source,McEwen Inc.,NYSE,active,True,True,True,True,18.1,1069176.1,-0.17802
GFI,Gold Fields Ltd ADR,NYSE,TRUE,GFI,alpaca_source,Gold Fields Ltd ADR,NYSE,active,True,True,True,True,33.785,3905095.5,-0.178979
LDOS,"Leidos Holdings, Inc.",NYSE,TRUE,LDOS,alpaca_source,"Leidos Holdings, Inc.",NYSE,active,True,True,True,True,104.765,1796264.05,-0.179402
AG,FIRST MAJESTIC SILVER CORP,NYSE,TRUE,AG,alpaca_source,FIRST MAJESTIC SILVER CORP,NYSE,active,True,True,True,True,16.63,12190405.05,-0.17998
ADBE,Adobe Inc. Common Stock,NASDAQ,TRUE,ADBE,alpaca_source,Adobe Inc. Common Stock,NASDAQ,active,True,True,True,True,197.205,8287880.9,-0.179987
DGXX,Digi Power X Inc. Subordinate Voting Shares,NASDAQ,TRUE,DGXX,alpaca_source,Digi Power X Inc. Subordinate Voting Shares,NASDAQ,active,True,True,True,True,6.635,9390846.95,-0.180864
BYDDY,BYD Company Ltd Unsponsored ADR representing H Shares (China),OTC,TRUE,BYDDY,alpaca_source,BYD Company Ltd Unsponsored ADR representing H Shares (China),OTC,active,True,False,True,True,9.65,2056229.75,-0.181024
METU,Direxion Shares ETF Trust Direxion Daily META Bull 2X ETF,NASDAQ,TRUE,METU,alpaca_source,Direxion Shares ETF Trust Direxion Daily META Bull 2X ETF,NASDAQ,active,True,True,False,True,20.275,6210715.3,-0.181139
ARKB,ARK 21Shares Bitcoin ETF,BATS,TRUE,ARKB,alpaca_source,ARK 21Shares Bitcoin ETF,BATS,active,True,True,True,True,20.605,2164347.2,-0.181367
BTC,Grayscale Bitcoin Mini Trust ETF,ARCA,TRUE,BTC,alpaca_source,Grayscale Bitcoin Mini Trust ETF,ARCA,active,True,True,True,True,27.465,2342445.0,-0.181615
BITB,Bitwise Bitcoin ETF,ARCA,TRUE,BITB,alpaca_source,Bitwise Bitcoin ETF,ARCA,active,True,True,True,True,33.72,1937161.1,-0.181752
MX,Magnachip Semiconductor Corp.,NYSE,TRUE,MX,alpaca_source,Magnachip Semiconductor Corp.,NYSE,active,True,True,True,True,5.2199,4453450.55,-0.181834
BW,"Babcock & Wilcox Enterprises, Inc.",NYSE,TRUE,BW,alpaca_source,"Babcock & Wilcox Enterprises, Inc.",NYSE,active,True,True,True,True,16.07,2869931.9,-0.182188
FBTC,Fidelity Wise Origin Bitcoin Fund,BATS,TRUE,FBTC,alpaca_source,Fidelity Wise Origin Bitcoin Fund,BATS,active,True,True,False,True,54.015,4810140.0,-0.182334
HODL,VanEck Bitcoin ETF,BATS,TRUE,HODL,alpaca_source,VanEck Bitcoin ETF,BATS,active,True,True,True,True,17.545,1524412.95,-0.182432
IBIT,iShares Bitcoin Trust ETF Shares,NASDAQ,TRUE,IBIT,alpaca_source,iShares Bitcoin Trust ETF Shares,NASDAQ,active,True,True,True,True,35.145,51600603.15,-0.182484
IT,"Gartner, Inc.",NYSE,TRUE,IT,alpaca_source,"Gartner, Inc.",NYSE,active,True,True,True,True,129.01,1785785.25,-0.182912
GBTC,Grayscale Bitcoin Trust ETF,ARCA,TRUE,GBTC,alpaca_source,Grayscale Bitcoin Trust ETF,ARCA,active,True,True,True,True,48.155,2485684.1,-0.182983
DPRO,Draganfly Inc. Common Shares,NASDAQ,TRUE,DPRO,alpaca_source,Draganfly Inc. Common Shares,NASDAQ,active,True,True,False,True,5.32,2285227.95,-0.184049
P,"Everpure, Inc.",NYSE,TRUE,P,alpaca_source,"Everpure, Inc.",NYSE,active,True,True,True,True,72.08,4323664.5,-0.184154
AKAM,"Akamai Technologies, Inc. Common Stock",NASDAQ,TRUE,AKAM,alpaca_source,"Akamai Technologies, Inc. Common Stock",NASDAQ,active,True,True,True,True,120.9,3979672.3,-0.184266
BITO,ProShares Bitcoin ETF,ARCA,TRUE,BITO,alpaca_source,ProShares Bitcoin ETF,ARCA,active,True,True,True,True,8.44,226320525.65,-0.184975
AVAV,"AeroVironment, Inc. Common Stock",NASDAQ,TRUE,AVAV,alpaca_source,"AeroVironment, Inc. Common Stock",NASDAQ,active,True,True,True,True,148.5,1374255.7,-0.18523
QCOM,QUALCOMM Incorporated Common Stock,NASDAQ,TRUE,QCOM,alpaca_source,QUALCOMM Incorporated Common Stock,NASDAQ,active,True,True,True,True,201.86,21411061.4,-0.185734
DAN,Dana Incorporated,NYSE,TRUE,DAN,alpaca_source,Dana Incorporated,NYSE,active,True,True,True,True,28.63,1735055.6,-0.186417
UAMY,United States Antimony Corporation,NYSE,TRUE,UAMY,alpaca_source,United States Antimony Corporation,NYSE,active,True,True,True,True,7.1675,8879948.4,-0.186436
ACHR,Archer Aviation Inc.,NYSE,TRUE,ACHR,alpaca_source,Archer Aviation Inc.,NYSE,active,True,True,True,True,5.295,49773245.8,-0.186636
PCOR,"Procore Technologies, Inc.",NYSE,TRUE,PCOR,alpaca_source,"Procore Technologies, Inc.",NYSE,active,True,True,True,True,38.68,2474146.8,-0.186712
S,"SentinelOne, Inc.",NYSE,TRUE,S,alpaca_source,"SentinelOne, Inc.",NYSE,active,True,True,True,True,15.075,9657379.55,-0.187769
TTD,"The Trade Desk, Inc. Class A Common Stock",NASDAQ,TRUE,TTD,alpaca_source,"The Trade Desk, Inc. Class A Common Stock",NASDAQ,active,True,True,True,True,18.015,23298139.75,-0.187782
MRLN,"Merlin, Inc. Common Stock",NASDAQ,TRUE,MRLN,alpaca_source,"Merlin, Inc. Common Stock",NASDAQ,active,True,True,False,True,6.09,4389361.45,-0.188
USO,"United States Oil Fund, LP",ARCA,TRUE,USO,alpaca_source,"United States Oil Fund, LP",ARCA,active,True,True,False,True,111.18,6709212.25,-0.188467
SBET,"SharpLink, Inc. Common Stock",NASDAQ,TRUE,SBET,alpaca_source,"SharpLink, Inc. Common Stock",NASDAQ,active,True,True,True,True,5.015,8494338.1,-0.188511
RMBS,Rambus Inc. Common Stock,NASDAQ,TRUE,RMBS,alpaca_source,Rambus Inc. Common Stock,NASDAQ,active,True,True,True,True,127.47,2698721.7,-0.189277
IPWR,Ideal Power Inc. Common Stock,NASDAQ,TRUE,IPWR,alpaca_source,Ideal Power Inc. Common Stock,NASDAQ,active,True,True,True,True,5.6,1337845.95,-0.190751
FNGU,"MicroSectors FANG+ 3x Leveraged ETNs due February 17, 2045",ARCA,TRUE,FNGU,alpaca_source,"MicroSectors FANG+ 3x Leveraged ETNs due February 17, 2045",ARCA,active,True,True,False,True,25.1495,6062813.65,-0.191334
POET,POET Technologies Inc. Common Shares,NASDAQ,TRUE,POET,alpaca_source,POET Technologies Inc. Common Shares,NASDAQ,active,True,True,True,True,10.795,32101063.5,-0.191386
GRPN,"Groupon, Inc. Common Stock",NASDAQ,TRUE,GRPN,alpaca_source,"Groupon, Inc. Common Stock",NASDAQ,active,True,True,True,True,16.73,1617953.05,-0.191397
AUGO,Aura Minerals Inc. Common Shares,NASDAQ,TRUE,AUGO,alpaca_source,Aura Minerals Inc. Common Shares,NASDAQ,active,True,True,True,True,61.09,1166954.45,-0.192359
SAIL,"SailPoint, Inc. Common Stock",NASDAQ,TRUE,SAIL,alpaca_source,"SailPoint, Inc. Common Stock",NASDAQ,active,True,True,True,True,12.805,5656949.8,-0.193132
LTBR,Lightbridge Corporation Common Stock,NASDAQ,TRUE,LTBR,alpaca_source,Lightbridge Corporation Common Stock,NASDAQ,active,True,True,True,True,9.335,1058046.65,-0.194564
BAH,Booz Allen Hamilton Holding Corporation,NYSE,TRUE,BAH,alpaca_source,Booz Allen Hamilton Holding Corporation,NYSE,active,True,True,True,True,63.8781,2137194.0,-0.194605
BNO,"United States Brent Oil Fund, LP",ARCA,TRUE,BNO,alpaca_source,"United States Brent Oil Fund, LP",ARCA,active,True,True,True,True,42.5699,3482060.2,-0.198307
MBLY,Mobileye Global Inc. Class A Common Stock,NASDAQ,TRUE,MBLY,alpaca_source,Mobileye Global Inc. Class A Common Stock,NASDAQ,active,True,True,True,True,8.0,5650437.4,-0.2
AMPX,"Amprius Technologies, Inc.",NYSE,TRUE,AMPX,alpaca_source,"Amprius Technologies, Inc.",NYSE,active,True,True,True,True,14.26,8182754.65,-0.200224
OLMA,"Olema Pharmaceuticals, Inc. Common Stock",NASDAQ,TRUE,OLMA,alpaca_source,"Olema Pharmaceuticals, Inc. Common Stock",NASDAQ,active,True,True,True,True,10.82,1647377.05,-0.201476
SIVR,abrdn Physical Silver Shares ETF,ARCA,TRUE,SIVR,alpaca_source,abrdn Physical Silver Shares ETF,ARCA,active,True,True,True,True,58.45,1285705.1,-0.201721
SLV,iShares Silver Trust,ARCA,TRUE,SLV,alpaca_source,iShares Silver Trust,ARCA,active,True,True,True,True,55.59,21307078.15,-0.202668
IE,Ivanhoe Electric Inc.,AMEX,TRUE,IE,alpaca_source,Ivanhoe Electric Inc.,AMEX,active,True,True,True,True,10.37,2248357.8,-0.202921
ETH,Grayscale Ethereum Staking Mini ETF Shares,ARCA,TRUE,ETH,alpaca_source,Grayscale Ethereum Staking Mini ETF Shares,ARCA,active,True,True,True,True,15.675,3535972.2,-0.203101
ETHA,iShares Ethereum Trust ETF Shares,NASDAQ,TRUE,ETHA,alpaca_source,iShares Ethereum Trust ETF Shares,NASDAQ,active,True,True,True,True,12.435,33063879.25,-0.203905
FETH,Fidelity Ethereum Fund,BATS,TRUE,FETH,alpaca_source,Fidelity Ethereum Fund,BATS,active,True,True,True,True,16.4201,2305786.75,-0.204453
SOUN,"SoundHound AI, Inc Class A Common Stock",NASDAQ,TRUE,SOUN,alpaca_source,"SoundHound AI, Inc Class A Common Stock",NASDAQ,active,True,True,False,True,6.465,26318444.3,-0.204797
ETHE,Grayscale Ethereum Staking ETF Shares,ARCA,TRUE,ETHE,alpaca_source,Grayscale Ethereum Staking ETF Shares,ARCA,active,True,True,True,True,13.325,2668377.8,-0.204871
CTSH,Cognizant Technology Solutions Corporation Class A Common Stock,NASDAQ,TRUE,CTSH,alpaca_source,Cognizant Technology Solutions Corporation Class A Common Stock,NASDAQ,active,True,True,True,True,41.16,12687713.1,-0.205559
AMSC,American Superconductor Corporation Common Stock,NASDAQ,TRUE,AMSC,alpaca_source,American Superconductor Corporation Common Stock,NASDAQ,active,True,True,True,True,42.1,1426320.25,-0.207455
WMG,Warner Music Group Corp. Class A Common Stock,NASDAQ,TRUE,WMG,alpaca_source,Warner Music Group Corp. Class A Common Stock,NASDAQ,active,True,True,True,True,27.37,2269301.65,-0.208044
FIGR,"Figure Technology Solutions, Inc. Class A Common Stock",NASDAQ,TRUE,FIGR,alpaca_source,"Figure Technology Solutions, Inc. Class A Common Stock",NASDAQ,active,True,True,True,True,27.85,3758591.0,-0.209256
XXI,"Twenty One Capital, Inc.",NYSE,TRUE,XXI,alpaca_source,"Twenty One Capital, Inc.",NYSE,active,True,True,True,True,5.665,1496005.25,-0.209902
HUN,Huntsman Corporation,NYSE,TRUE,HUN,alpaca_source,Huntsman Corporation,NYSE,active,True,True,True,True,11.575,6367682.15,-0.210307
ADSK,"Autodesk, Inc. Common Stock",NASDAQ,TRUE,ADSK,alpaca_source,"Autodesk, Inc. Common Stock",NASDAQ,active,True,True,True,True,187.38,3441158.1,-0.213449
MSFL,GraniteShares ETF Trust GraniteShares 2x Long MSFT Daily ETF,NASDAQ,TRUE,MSFL,alpaca_source,GraniteShares ETF Trust GraniteShares 2x Long MSFT Daily ETF,NASDAQ,active,True,True,False,True,14.785,2114440.2,-0.2144
PVH,PVH Corp.,NYSE,TRUE,PVH,alpaca_source,PVH Corp.,NYSE,active,True,True,True,True,74.02,1381155.75,-0.215749
TRT,Trio-Tech International,AMEX,TRUE,TRT,alpaca_source,Trio-Tech International,AMEX,active,True,True,True,True,13.032,1002614.0,-0.215885
LUMN,"Lumen Technologies, Inc.",NYSE,TRUE,LUMN,alpaca_source,"Lumen Technologies, Inc.",NYSE,active,True,True,True,True,7.97,13659036.1,-0.216323
BMNR,"BitMine Immersion Technologies, Inc.",AMEX,TRUE,BMNR,alpaca_source,"BitMine Immersion Technologies, Inc.",AMEX,active,True,False,True,True,15.04,38351848.2,-0.216667
BSX,Boston Scientific Corp.,NYSE,TRUE,BSX,alpaca_source,Boston Scientific Corp.,NYSE,active,True,True,True,True,45.11,23313676.4,-0.217384
PSLV,Sprott Physical Silver Trust,ARCA,TRUE,PSLV,alpaca_source,Sprott Physical Silver Trust,ARCA,active,True,True,True,True,19.35,9338156.6,-0.217866
MSFU,Direxion Shares ETF Trust Direxion Daily MSFT Bull 2X ETF,NASDAQ,TRUE,MSFU,alpaca_source,Direxion Shares ETF Trust Direxion Daily MSFT Bull 2X ETF,NASDAQ,active,True,True,True,True,22.21,8130794.9,-0.219881
CSIQ,Canadian Solar Inc. Common Shares (ON),NASDAQ,TRUE,CSIQ,alpaca_source,Canadian Solar Inc. Common Shares (ON),NASDAQ,active,True,True,True,True,14.755,2703254.9,-0.220549
BULZ,MicroSectors FANG & Innovation 3x Leveraged ETN,ARCA,TRUE,BULZ,alpaca_source,MicroSectors FANG & Innovation 3x Leveraged ETN,ARCA,active,True,True,False,True,36.88,1143515.4,-0.220626
NTSK,"Netskope, Inc. Class A Common Stock",NASDAQ,TRUE,NTSK,alpaca_source,"Netskope, Inc. Class A Common Stock",NASDAQ,active,True,True,True,True,9.435,8578046.35,-0.221535
VSAT,"ViaSat, Inc. Common Stock",NASDAQ,TRUE,VSAT,alpaca_source,"ViaSat, Inc. Common Stock",NASDAQ,active,True,True,True,True,63.36,3173278.55,-0.221622
PTC,PTC Inc. Common Stock,NASDAQ,TRUE,PTC,alpaca_source,PTC Inc. Common Stock,NASDAQ,active,True,True,True,True,112.7,2183440.1,-0.222115
EQX,Equinox Gold Corp.,AMEX,TRUE,EQX,alpaca_source,Equinox Gold Corp.,AMEX,active,True,True,True,True,9.815,14663067.6,-0.222266
ASST,"Strive, Inc. Class A Common Stock",NASDAQ,TRUE,ASST,alpaca_source,"Strive, Inc. Class A Common Stock",NASDAQ,active,True,True,True,True,14.075,5220851.45,-0.222376
GGLL,Direxion Shares ETF Trust Direxion Daily GOOGL Bull 2X ETF,NASDAQ,TRUE,GGLL,alpaca_source,Direxion Shares ETF Trust Direxion Daily GOOGL Bull 2X ETF,NASDAQ,active,True,True,True,True,107.46,1774127.2,-0.2226
ORLA,Orla Mining Ltd.,AMEX,TRUE,ORLA,alpaca_source,Orla Mining Ltd.,AMEX,active,True,True,True,True,9.775,3823470.0,-0.222973
ARX,Accelerant Holdings,NYSE,TRUE,ARX,alpaca_source,Accelerant Holdings,NYSE,active,True,True,True,True,13.14,1434270.3,-0.223863
UCO,ProShares Ultra Bloomberg Crude Oil,ARCA,TRUE,UCO,alpaca_source,ProShares Ultra Bloomberg Crude Oil,ARCA,active,True,True,False,True,35.09,3003928.3,-0.22607
LWLG,"Lightwave Logic, Inc. Common Stock",NASDAQ,TRUE,LWLG,alpaca_source,"Lightwave Logic, Inc. Common Stock",NASDAQ,active,True,True,True,True,9.25,5271024.6,-0.227235
AVL,Direxion Shares ETF Trust Direxion Daily AVGO Bull 2X ETF,NASDAQ,TRUE,AVL,alpaca_source,Direxion Shares ETF Trust Direxion Daily AVGO Bull 2X ETF,NASDAQ,active,True,True,False,True,45.2373,1079029.65,-0.228822
YINN,Direxion Daily FTSE China Bull 3X ETF,ARCA,TRUE,YINN,alpaca_source,Direxion Daily FTSE China Bull 3X ETF,ARCA,active,True,True,True,True,24.175,2135159.5,-0.229114
FOX,Fox Corporation Class B Common Stock,NASDAQ,TRUE,FOX,alpaca_source,Fox Corporation Class B Common Stock,NASDAQ,active,True,True,True,True,44.705,2315893.1,-0.230286
GDYN,"Grid Dynamics Holdings, Inc. Class A Common Stock",NASDAQ,TRUE,GDYN,alpaca_source,"Grid Dynamics Holdings, Inc. Class A Common Stock",NASDAQ,active,True,True,True,True,5.3801,2117128.3,-0.231414
AGI,Alamos Gold Inc. Class A Common Shares,NYSE,TRUE,AGI,alpaca_source,Alamos Gold Inc. Class A Common Shares,NYSE,active,True,True,True,True,30.805,4760665.25,-0.233539
STLA,Stellantis N.V.,NYSE,TRUE,STLA,alpaca_source,Stellantis N.V.,NYSE,active,True,True,True,True,5.985,17929657.9,-0.233675
GWRE,"GUIDEWIRE SOFTWARE, INC.",NYSE,TRUE,GWRE,alpaca_source,"GUIDEWIRE SOFTWARE, INC.",NYSE,active,True,True,True,True,105.07,2058658.0,-0.235076
KDK,"Kodiak AI, Inc. Common Stock",NASDAQ,TRUE,KDK,alpaca_source,"Kodiak AI, Inc. Common Stock",NASDAQ,active,True,True,False,True,5.83,1387334.2,-0.235911
NVCR,NovoCure Limited Ordinary Shares,NASDAQ,TRUE,NVCR,alpaca_source,NovoCure Limited Ordinary Shares,NASDAQ,active,True,True,True,True,13.94,1697752.55,-0.236583
EPAM,"EPAM SYSTEMS, INC.",NYSE,TRUE,EPAM,alpaca_source,"EPAM SYSTEMS, INC.",NYSE,active,True,True,True,True,76.07,2311208.85,-0.236935
KRMN,Karman Holdings Inc.,NYSE,TRUE,KRMN,alpaca_source,Karman Holdings Inc.,NYSE,active,True,True,True,True,46.27,4147831.1,-0.237224
AMZU,Direxion Shares ETF Trust Direxion Daily AMZN Bull 2X ETF,NASDAQ,TRUE,AMZU,alpaca_source,Direxion Shares ETF Trust Direxion Daily AMZN Bull 2X ETF,NASDAQ,active,True,True,False,True,32.27,3202542.75,-0.239453
GLOB,GLOBANT S.A.,NYSE,TRUE,GLOB,alpaca_source,GLOBANT S.A.,NYSE,active,True,True,True,True,29.11,1614944.05,-0.242322
EOSE,"Eos Energy Enterprises, Inc. Class A Common Stock",NASDAQ,TRUE,EOSE,alpaca_source,"Eos Energy Enterprises, Inc. Class A Common Stock",NASDAQ,active,True,True,True,True,6.595,23317373.8,-0.244559
FOXA,Fox Corporation Class A Common Stock,NASDAQ,TRUE,FOXA,alpaca_source,Fox Corporation Class A Common Stock,NASDAQ,active,True,True,True,True,49.06,7588397.5,-0.244766
CIEN,Ciena Corporation,NYSE,TRUE,CIEN,alpaca_source,Ciena Corporation,NYSE,active,True,True,True,True,453.9,3662737.9,-0.246501
BRZE,"Braze, Inc. Class A Common Stock",NASDAQ,TRUE,BRZE,alpaca_source,"Braze, Inc. Class A Common Stock",NASDAQ,active,True,True,True,True,19.17,3287567.1,-0.246758
RUM,Rumble Inc. Class A Common Stock,NASDAQ,TRUE,RUM,alpaca_source,Rumble Inc. Class A Common Stock,NASDAQ,active,True,True,False,True,6.705,4153550.25,-0.247475
BKKT,"Bakkt, Inc.",NYSE,TRUE,BKKT,alpaca_source,"Bakkt, Inc.",NYSE,active,True,True,True,True,8.85,1847643.7,-0.250635
SEDG,"SolarEdge Technologies, Inc. Common Stock",NASDAQ,TRUE,SEDG,alpaca_source,"SolarEdge Technologies, Inc. Common Stock",NASDAQ,active,True,True,True,True,52.71,3328920.15,-0.254982
TSLR,GraniteShares ETF Trust GraniteShares 2x Long TSLA Daily ETF,NASDAQ,TRUE,TSLR,alpaca_source,GraniteShares ETF Trust GraniteShares 2x Long TSLA Daily ETF,NASDAQ,active,True,True,False,True,20.07,1913237.75,-0.255011
TSLG,Themes ETF Trust Leverage Shares 2X Long TSLA Daily ETF,NASDAQ,TRUE,TSLG,alpaca_source,Themes ETF Trust Leverage Shares 2X Long TSLA Daily ETF,NASDAQ,active,True,True,False,True,5.795,31873451.3,-0.255141
PAYP,PayPay Corporation American Depository Shares,NASDAQ,TRUE,PAYP,alpaca_source,PayPay Corporation American Depository Shares,NASDAQ,active,True,True,False,True,14.58,1359165.8,-0.256502
NN,NextNav Inc. Common Stock,NASDAQ,TRUE,NN,alpaca_source,NextNav Inc. Common Stock,NASDAQ,active,True,True,True,True,17.1,2724594.45,-0.257168
SPIR,"Spire Global, Inc.",NYSE,TRUE,SPIR,alpaca_source,"Spire Global, Inc.",NYSE,active,True,True,True,True,17.56,1777912.5,-0.260632
TSLL,Direxion Shares ETF Trust Direxion Daily TSLA Bull 2X ETF,NASDAQ,TRUE,TSLL,alpaca_source,Direxion Shares ETF Trust Direxion Daily TSLA Bull 2X ETF,NASDAQ,active,True,True,False,True,11.66,64505838.4,-0.261558
WIX,Wix.com Ltd. Ordinary Shares,NASDAQ,TRUE,WIX,alpaca_source,Wix.com Ltd. Ordinary Shares,NASDAQ,active,True,True,True,True,40.8338,1857514.65,-0.261995
LITX,Tradr 2X Long LITE Daily ETF,BATS,TRUE,LITX,alpaca_source,Tradr 2X Long LITE Daily ETF,BATS,active,True,True,False,True,31.34,6360012.8,-0.263455
CBOE,"Cboe Global Markets, Inc.",BATS,TRUE,CBOE,alpaca_source,"Cboe Global Markets, Inc.",BATS,active,True,True,True,True,259.865,2016749.9,-0.265396
UFO,Procure ETF Trust II Procure Space ETF,NASDAQ,TRUE,UFO,alpaca_source,Procure ETF Trust II Procure Space ETF,NASDAQ,active,True,True,True,True,48.0,2099297.05,-0.266504
PRCT,PROCEPT BioRobotics Corporation Common Stock,NASDAQ,TRUE,PRCT,alpaca_source,PROCEPT BioRobotics Corporation Common Stock,NASDAQ,active,True,True,True,True,20.13,1523562.5,-0.266667
AA,Alcoa Corporation,NYSE,TRUE,AA,alpaca_source,Alcoa Corporation,NYSE,active,True,True,True,True,54.495,5219126.95,-0.26921
MIAX,"Miami International Holdings, Inc.",NYSE,TRUE,MIAX,alpaca_source,"Miami International Holdings, Inc.",NYSE,active,True,True,True,True,35.77,2248914.6,-0.273115
SYM,Symbotic Inc. Class A Common Stock,NASDAQ,TRUE,SYM,alpaca_source,Symbotic Inc. Class A Common Stock,NASDAQ,active,True,True,True,True,38.36,2717408.65,-0.274447
CRCL,"Circle Internet Group, Inc.",NYSE,TRUE,CRCL,alpaca_source,"Circle Internet Group, Inc.",NYSE,active,True,True,True,True,75.495,13123220.15,-0.275271
VOYG,"Voyager Technologies, Inc.",NYSE,TRUE,VOYG,alpaca_source,"Voyager Technologies, Inc.",NYSE,active,True,True,True,True,33.59,3201321.1,-0.276701
BLSH,Bullish,NYSE,TRUE,BLSH,alpaca_source,Bullish,NYSE,active,True,True,True,True,24.995,1812963.35,-0.279268
SERV,Serve Robotics Inc. Common Stock,NASDAQ,TRUE,SERV,alpaca_source,Serve Robotics Inc. Common Stock,NASDAQ,active,True,True,False,True,6.445,6456619.75,-0.281494
ENPH,"Enphase Energy, Inc. Common Stock",NASDAQ,TRUE,ENPH,alpaca_source,"Enphase Energy, Inc. Common Stock",NASDAQ,active,True,True,True,True,47.935,7667623.4,-0.283483
ACN,Accenture PLC,NYSE,TRUE,ACN,alpaca_source,Accenture PLC,NYSE,active,True,True,True,True,125.88,8588530.35,-0.288814
XE,"X-Energy, Inc. Class A Common Stock",NASDAQ,TRUE,XE,alpaca_source,"X-Energy, Inc. Class A Common Stock",NASDAQ,active,True,True,False,True,21.02,4867406.7,-0.29154
CCOI,"Cogent Communications Holdings, Inc.",NASDAQ,TRUE,CCOI,alpaca_source,"Cogent Communications Holdings, Inc.",NASDAQ,active,True,True,True,True,14.1,1189693.0,-0.293587
AMBA,"Ambarella, Inc. Ordinary Shares",NASDAQ,TRUE,AMBA,alpaca_source,"Ambarella, Inc. Ordinary Shares",NASDAQ,active,True,True,True,True,65.97,1902959.35,-0.294966
LABD,Direxion Daily S&P Biotech Bear 3X ETF,ARCA,TRUE,LABD,alpaca_source,Direxion Daily S&P Biotech Bear 3X ETF,ARCA,active,True,True,False,True,9.6623,6489455.0,-0.297287
CENX,Century Aluminum Company Common Stock,NASDAQ,TRUE,CENX,alpaca_source,Century Aluminum Company Common Stock,NASDAQ,active,True,True,True,True,46.92,2216592.15,-0.298445
MRAM,"Everspin Technologies, Inc. Common Stock",NASDAQ,TRUE,MRAM,alpaca_source,"Everspin Technologies, Inc. Common Stock",NASDAQ,active,True,True,True,True,22.89,3093647.3,-0.3
HAWK,"HawkEye 360, Inc.",NYSE,TRUE,HAWK,alpaca_source,"HawkEye 360, Inc.",NYSE,active,True,True,True,True,22.7,1136649.85,-0.300678
PTIR,GraniteShares ETF Trust GraniteShares 2x Long PLTR Daily ETF,NASDAQ,TRUE,PTIR,alpaca_source,GraniteShares ETF Trust GraniteShares 2x Long PLTR Daily ETF,NASDAQ,active,True,True,True,True,9.4701,5537231.95,-0.302644
HYMC,Hycroft Mining Holding Corporation Class A Common Stock,NASDAQ,TRUE,HYMC,alpaca_source,Hycroft Mining Holding Corporation Class A Common Stock,NASDAQ,active,True,True,True,True,23.125,2138634.25,-0.303883
KORU,Direxion Daily MSCI South Korea Bull 3X ETF,ARCA,TRUE,KORU,alpaca_source,Direxion Daily MSCI South Korea Bull 3X ETF,ARCA,active,True,True,False,True,705.001,1015364.95,-0.305404
PLTU,Direxion Shares ETF Trust Direxion Daily PLTR Bull 2X ETF,NASDAQ,TRUE,PLTU,alpaca_source,Direxion Shares ETF Trust Direxion Daily PLTR Bull 2X ETF,NASDAQ,active,True,True,False,True,25.43,3327932.1,-0.308215
EH,EHang Holdings Limited ADS,NASDAQ,TRUE,EH,alpaca_source,EHang Holdings Limited ADS,NASDAQ,active,True,True,True,True,6.565,1625594.25,-0.309311
NASA,Tema Space Innovators ETF,ARCA,TRUE,NASA,alpaca_source,Tema Space Innovators ETF,ARCA,active,True,True,False,True,28.735,13109519.65,-0.309421
ORCU,Direxion Shares ETF Trust Direxion Daily ORCL Bull 2X ETF,NASDAQ,TRUE,ORCU,alpaca_source,Direxion Shares ETF Trust Direxion Daily ORCL Bull 2X ETF,NASDAQ,active,True,True,False,True,10.6293,2070742.45,-0.314239
ZS,"Zscaler, Inc. Common Stock",NASDAQ,TRUE,ZS,alpaca_source,"Zscaler, Inc. Common Stock",NASDAQ,active,True,True,True,True,126.365,7901018.8,-0.315466
WLTH,Wealthfront Corporation Common Stock,NASDAQ,TRUE,WLTH,alpaca_source,Wealthfront Corporation Common Stock,NASDAQ,active,True,True,True,True,8.195,2381691.85,-0.317652
GILT,Gilat Satellite Networks Ltd. Ordinary Shares,NASDAQ,TRUE,GILT,alpaca_source,Gilat Satellite Networks Ltd. Ordinary Shares,NASDAQ,active,True,True,True,True,12.15,1016929.25,-0.318182
MSTY,YieldMax MSTR Option Income Strategy ETF,ARCA,TRUE,MSTY,alpaca_source,YieldMax MSTR Option Income Strategy ETF,ARCA,active,True,True,False,True,14.64,1701534.25,-0.321197
CELC,Celcuity Inc. Common Stock,NASDAQ,TRUE,CELC,alpaca_source,Celcuity Inc. Common Stock,NASDAQ,active,True,True,True,True,90.33,1840685.1,-0.327201
PCT,"PureCycle Technologies, Inc. Common stock",NASDAQ,TRUE,PCT,alpaca_source,"PureCycle Technologies, Inc. Common stock",NASDAQ,active,True,True,False,True,8.255,6999549.2,-0.327221
WOLF,"Wolfspeed, Inc.",NYSE,TRUE,WOLF,alpaca_source,"Wolfspeed, Inc.",NYSE,active,True,True,False,True,49.34,8257686.45,-0.328707
RKLB,Rocket Lab Corporation Common Stock,NASDAQ,TRUE,RKLB,alpaca_source,Rocket Lab Corporation Common Stock,NASDAQ,active,True,True,True,True,95.7,28996793.7,-0.331704
NVTS,Navitas Semiconductor Corporation Common Stock,NASDAQ,TRUE,NVTS,alpaca_source,Navitas Semiconductor Corporation Common Stock,NASDAQ,active,True,True,True,True,21.09,33396407.4,-0.336584
GSIT,GSI Technology Common Stock,NASDAQ,TRUE,GSIT,alpaca_source,GSI Technology Common Stock,NASDAQ,active,True,True,True,True,6.935,1460483.05,-0.342654
SOC,Sable Offshore Corp.,NYSE,TRUE,SOC,alpaca_source,Sable Offshore Corp.,NYSE,active,True,True,True,True,9.01,4434356.7,-0.344727
BITX,2x Bitcoin Strategy ETF,BATS,TRUE,BITX,alpaca_source,2x Bitcoin Strategy ETF,BATS,active,True,True,False,True,11.615,9419713.6,-0.349132
BITU,ProShares Ultra Bitcoin ETF,ARCA,TRUE,BITU,alpaca_source,ProShares Ultra Bitcoin ETF,ARCA,active,True,True,False,True,9.1103,5070732.55,-0.351398
MSTR,Strategy Inc Common Stock Class A,NASDAQ,TRUE,MSTR,alpaca_source,Strategy Inc Common Stock Class A,NASDAQ,active,True,True,True,True,103.58,21110564.15,-0.352342
PRIM,Primoris Services Corporation,NYSE,TRUE,PRIM,alpaca_source,Primoris Services Corporation,NYSE,active,True,True,True,True,82.285,2529708.65,-0.363907
ATOM,Atomera Incorporated Common Stock,NASDAQ,TRUE,ATOM,alpaca_source,Atomera Incorporated Common Stock,NASDAQ,active,True,True,True,True,7.67,1351995.05,-0.366639
AGQ,ProShares Ultra Silver,ARCA,TRUE,AGQ,alpaca_source,ProShares Ultra Silver,ARCA,active,True,True,True,True,73.94,3137935.25,-0.378864
AVEX,AEVEX Corp.,NYSE,TRUE,AVEX,alpaca_source,AEVEX Corp.,NYSE,active,True,True,True,True,17.9,2657053.45,-0.380408
ASTS,"AST SpaceMobile, Inc. Class A Common Stock",NASDAQ,TRUE,ASTS,alpaca_source,"AST SpaceMobile, Inc. Class A Common Stock",NASDAQ,active,True,True,True,True,73.65,27795183.3,-0.384712
GDXU,MicroSectors Gold Miners 3x Leveraged ETN,ARCA,TRUE,GDXU,alpaca_source,MicroSectors Gold Miners 3x Leveraged ETN,ARCA,active,True,True,False,True,95.4,1581495.15,-0.397499
ETHU,2x Ether ETF,BATS,TRUE,ETHU,alpaca_source,2x Ether ETF,BATS,active,True,True,True,True,12.53,7241333.1,-0.398191
LUNR,"Intuitive Machines, Inc. Class A Common Stock",NASDAQ,TRUE,LUNR,alpaca_source,"Intuitive Machines, Inc. Class A Common Stock",NASDAQ,active,True,True,True,True,20.92,17492172.85,-0.399885
SMCX,Tidal Trust II Defiance Daily Target 2X Long SMCI ETF,NASDAQ,TRUE,SMCX,alpaca_source,Tidal Trust II Defiance Daily Target 2X Long SMCI ETF,NASDAQ,active,True,True,False,True,11.385,6173987.8,-0.412539
PL,Planet Labs PBC,NYSE,TRUE,PL,alpaca_source,Planet Labs PBC,NYSE,active,True,True,True,True,28.38,17006877.65,-0.412666
AXTI,AXT Inc Common Stock,NASDAQ,TRUE,AXTI,alpaca_source,AXT Inc Common Stock,NASDAQ,active,True,True,True,True,76.81,9272951.75,-0.420739
PLAB,"Photronics, Inc. Common Stock",NASDAQ,TRUE,PLAB,alpaca_source,"Photronics, Inc. Common Stock",NASDAQ,active,True,True,True,True,31.39,2494240.05,-0.423402
RDW,Redwire Corporation,NYSE,TRUE,RDW,alpaca_source,Redwire Corporation,NYSE,active,True,True,True,True,12.3834,56893852.65,-0.43814
AAOG,Leverage Shares 2X Long AAOI Daily ETF,BATS,TRUE,AAOG,alpaca_source,Leverage Shares 2X Long AAOI Daily ETF,BATS,active,True,True,False,True,7.16,1236754.05,-0.446249
BKSY,BlackSky Technology Inc.,NYSE,TRUE,BKSY,alpaca_source,BlackSky Technology Inc.,NYSE,active,True,True,True,True,26.9851,2384125.55,-0.446686
SATL,Satellogic Inc. Class A Common Stock,NASDAQ,TRUE,SATL,alpaca_source,Satellogic Inc. Class A Common Stock,NASDAQ,active,True,True,True,True,5.58,10504152.9,-0.480447
CPSH,CPS Technologies Corp. Common Stock,NASDAQ,TRUE,CPSH,alpaca_source,CPS Technologies Corp. Common Stock,NASDAQ,active,True,True,False,True,5.685,4601484.5,-0.488759
CRCA,ProShares Ultra CRCL,ARCA,TRUE,CRCA,alpaca_source,ProShares Ultra CRCL,ARCA,active,True,True,False,True,20.01,1135664.35,-0.513966
FLY,Firefly Aerospace Inc. Common Stock,NASDAQ,TRUE,FLY,alpaca_source,Firefly Aerospace Inc. Common Stock,NASDAQ,active,True,True,True,True,28.01,9653144.25,-0.52372
NBIZ,Tradr 2X Short NBIS Daily ETF,BATS,TRUE,NBIZ,alpaca_source,Tradr 2X Short NBIS Daily ETF,BATS,active,True,True,False,True,7.14,3431585.05,-0.546667
DXYZ,Destiny Tech100 Inc.,NYSE,TRUE,DXYZ,alpaca_source,Destiny Tech100 Inc.,NYSE,active,True,True,True,True,26.5,6352503.15,-0.559874
OCS,Oculis Holding AG Ordinary shares,NASDAQ,TRUE,OCS,alpaca_source,Oculis Holding AG Ordinary shares,NASDAQ,active,True,True,False,True,11.675,1282684.9,-0.609923
